# Every sprite in Celeste's atlases, generated -- see docs/celeste-assets.md.
# The dump mirrors this: celeste_graphics_dump/Graphics/Atlases/<atlas>/<path>.png
# frame is the untrimmed size the game draws; trim is the part actually stored.
atlas	path	frameW	frameH	trimX	trimY	trimW	trimH
CelestialResort	00	1068	650	0	0	1068	650
CelestialResort	00b	1068	650	111	37	690	160
CelestialResort	01	2136	1300	891	437	160	158
CelestialResort	02	1068	650	178	227	640	142
CelestialResort	03	1068	650	0	263	1048	387
CelestialResort	04a	2136	1400	0	0	864	1400
CelestialResort	04b	2136	1400	798	0	1338	1400
CelestialResort	05a	2136	1300	0	125	807	1175
CelestialResort	05b	2136	1300	807	274	655	839
CelestialResort	06	1068	650	618	335	450	315
Checkpoints	1	120	80	0	0	120	80
Checkpoints	10	120	80	0	0	120	80
Checkpoints	10_a-00	120	80	0	0	120	80
Checkpoints	10_c-00	120	80	0	0	120	80
Checkpoints	10_e-00z	120	80	0	0	120	80
Checkpoints	10_f-door	120	80	0	0	120	80
Checkpoints	10_h-00b	120	80	0	0	120	80
Checkpoints	10_i-00	120	80	0	0	120	80
Checkpoints	10_j-00	120	80	0	0	120	80
Checkpoints	10_j-16	120	80	0	0	120	80
Checkpoints	1H	120	80	0	0	120	80
Checkpoints	1H_04	120	80	0	0	120	80
Checkpoints	1H_08	120	80	0	0	120	80
Checkpoints	1_6	120	80	0	0	120	80
Checkpoints	1_9b	120	80	0	0	120	80
Checkpoints	2	120	80	0	0	120	80
Checkpoints	2H	720	480	0	0	720	480
Checkpoints	2H_03	720	480	0	0	720	480
Checkpoints	2H_08b	720	480	0	0	720	480
Checkpoints	2_3	120	80	0	0	120	80
Checkpoints	2_end_3	120	80	0	0	120	80
Checkpoints	3	120	80	0	0	120	80
Checkpoints	3H	120	80	0	0	120	80
Checkpoints	3H_06	120	80	0	0	120	80
Checkpoints	3H_11	720	480	0	0	720	480
Checkpoints	3H_16	120	80	0	0	120	80
Checkpoints	3_00-d	120	80	0	0	120	80
Checkpoints	3_08-a	120	80	0	0	120	80
Checkpoints	3_09-d	120	80	0	0	120	80
Checkpoints	4	120	80	0	0	120	80
Checkpoints	4H	120	80	0	0	120	80
Checkpoints	4H_b-00	120	80	0	0	120	80
Checkpoints	4H_c-00	120	80	0	0	120	80
Checkpoints	4H_d-00	120	80	0	0	120	80
Checkpoints	4_b-00	120	80	0	0	120	80
Checkpoints	4_c-00	120	80	0	0	120	80
Checkpoints	4_d-00	120	80	0	0	120	80
Checkpoints	5	120	80	0	0	120	80
Checkpoints	5H	120	80	0	0	120	80
Checkpoints	5H_b-00	120	80	0	0	120	80
Checkpoints	5H_c-00	120	80	0	0	120	80
Checkpoints	5H_d-00	120	80	0	0	120	80
Checkpoints	5_b-00	120	80	0	0	120	80
Checkpoints	5_c-00	120	80	0	0	120	80
Checkpoints	5_d-00	120	80	0	0	120	80
Checkpoints	5_e-00	120	80	0	0	120	80
Checkpoints	6	120	80	0	0	120	80
Checkpoints	6H	120	80	0	0	120	80
Checkpoints	6H_b-00	120	80	0	0	120	80
Checkpoints	6H_c-00	120	80	0	0	120	80
Checkpoints	6H_d-00	120	80	0	0	120	80
Checkpoints	6_00	120	80	0	0	120	80
Checkpoints	6_04	120	80	0	0	120	80
Checkpoints	6_after-00	120	80	0	0	120	80
Checkpoints	6_b-00	120	80	0	0	120	80
Checkpoints	6_boss-00	120	80	0	0	120	80
Checkpoints	7	120	80	0	0	120	80
Checkpoints	7H	120	80	0	0	120	80
Checkpoints	7H_b-00	120	80	0	0	120	80
Checkpoints	7H_c-01	120	80	0	0	120	80
Checkpoints	7H_d-00	120	80	0	0	120	80
Checkpoints	7H_e-00	120	80	0	0	120	80
Checkpoints	7H_f-00	120	80	0	0	120	80
Checkpoints	7H_g-00	120	80	0	0	120	80
Checkpoints	7_b-00	120	80	0	0	120	80
Checkpoints	7_c-00	120	80	0	0	120	80
Checkpoints	7_d-00	120	80	0	0	120	80
Checkpoints	7_e-00b	120	80	0	0	120	80
Checkpoints	7_f-00	120	80	0	0	120	80
Checkpoints	7_g-00	120	80	0	0	120	80
Checkpoints	9	120	80	0	0	120	80
Checkpoints	9H	120	80	0	0	120	80
Checkpoints	9H_a-00	120	80	0	0	120	80
Checkpoints	9H_b-00	120	80	0	0	120	80
Checkpoints	9H_c-01	120	80	0	0	120	80
Checkpoints	9_a-00	120	80	0	0	120	80
Checkpoints	9_c-00	120	80	0	0	120	80
Checkpoints	9_d-00	120	80	0	0	120	80
Checkpoints	mask	720	480	0	0	720	480
Checkpoints	polaroid	900	760	26	96	848	648
Cliffside	00	1068	650	0	0	1068	650
Cliffside	01	1068	650	0	0	1068	650
Cliffside	02	1068	650	46	0	404	429
Cliffside	03	1068	650	819	0	249	650
Cliffside	04	1068	650	0	215	1068	435
Cliffside	05	1068	650	111	330	957	320
Cliffside	06	1068	650	17	29	1035	601
Cliffside	07	2136	1300	635	406	1319	894
Cliffside	08	1068	650	17	8	1041	622
Core	01	1068	650	0	0	1068	650
Core	02	2136	1300	25	0	2094	1300
Core	03	1068	650	0	55	1068	595
Core	04	1068	650	0	49	1068	601
Core	05	2136	1300	679	329	762	679
Core	06	1068	650	0	0	1068	650
Core	07a	1068	650	0	99	183	136
Core	07b	1068	650	0	250	519	400
Core	07c	1068	650	684	0	384	268
Farewell	00	1920	1080	0	0	1920	1080
Farewell	01	1920	1080	605	402	717	236
Farewell	02	1920	1080	430	0	1058	1030
Farewell	03	1920	1080	430	0	1058	1030
Farewell	04	1920	1080	430	0	1058	1030
Farewell	05	1920	1080	430	0	1058	1030
Farewell	06	1920	1080	430	0	1058	1030
Farewell	07	1920	1080	430	0	1058	1030
Farewell	08	1920	1080	430	0	1058	1030
Farewell	09	1920	1080	41	0	1764	1080
Farewell	10	1920	1080	41	0	1764	1080
Farewell	11	1920	1080	41	0	1764	1080
Farewell	12	1920	1080	430	0	1058	1030
Farewell	13	1920	1080	605	308	726	521
Farewell	14	1920	1080	0	0	1920	1080
Farewell	15	1920	1080	850	295	155	78
Farewell	16	1920	1080	850	295	155	79
Farewell	17	1920	1080	851	295	154	78
Farewell	18	1920	1080	0	0	1920	1080
Farewell	19	1920	1080	1269	363	28	16
Farewell	20	1920	1080	1218	313	38	14
Farewell	21	1920	1080	0	0	1920	1080
Farewell	21-button	1920	1080	1105	558	203	100
Farewell	21-cursor	1920	1080	1367	803	59	76
Farewell	21-picture	1920	1080	440	169	1068	723
Farewell	21-window	1920	1080	520	212	886	600
FileSelect	assist	1200	300	103	172	172	92
FileSelect	card	800	300	9	13	781	275
FileSelect	cardShine000	800	300	9	13	781	275
FileSelect	cardShine001	800	300	9	13	781	275
FileSelect	cardShine002	800	300	9	13	781	275
FileSelect	cardShine003	800	300	9	13	781	275
FileSelect	cardShine004	800	300	9	13	781	275
FileSelect	cardShine005	800	300	9	13	781	275
FileSelect	cassette	64	64	0	8	64	48
FileSelect	cassettes	800	300	623	136	163	149
FileSelect	cheatmode	1200	300	121	93	172	92
FileSelect	dot	64	64	23	23	18	18
FileSelect	farewell	800	300	285	168	116	106
FileSelect	flag	800	300	282	14	161	153
FileSelect	goldberry	800	300	491	32	86	102
FileSelect	goldheart	800	300	571	112	93	106
FileSelect	heart	800	300	632	17	121	108
FileSelect	heartgem0	56	56	0	0	56	56
FileSelect	heartgem1	56	56	0	0	56	56
FileSelect	heartgem2	56	56	0	0	56	56
FileSelect	portraitOverlay	272	272	2	9	264	253
FileSelect	portraitOverlayGold	272	272	2	9	264	253
FileSelect	strawberry	800	300	444	159	147	127
FileSelect	ticket	840	300	49	23	743	253
FileSelect	ticketShine000	840	300	49	23	743	253
FileSelect	ticketShine001	840	300	49	23	743	253
FileSelect	ticketShine002	840	300	49	23	743	253
FileSelect	ticketShine003	840	300	49	23	743	253
FileSelect	ticketShine004	840	300	49	23	743	253
FileSelect	ticketShine005	840	300	49	23	743	253
FileSelect	variants	1200	300	104	172	172	92
ForsakenCity	01	1100	640	0	0	1100	640
ForsakenCity	02	1500	1000	0	357	1500	643
ForsakenCity	03	1500	1000	0	372	1500	628
ForsakenCity	04	1500	1000	597	400	706	470
ForsakenCity	05	1500	1000	679	600	544	234
ForsakenCity	06	1500	1000	0	446	1500	554
ForsakenCity	07	1500	1000	0	268	1500	732
ForsakenCity	08a	1500	1100	0	712	1233	388
ForsakenCity	08b	1500	1100	1231	184	269	916
ForsakenCity	09	3000	2000	1575	1448	1206	482
ForsakenCity	10	3000	2000	1593	1228	683	628
ForsakenCity	11	1500	1000	258	418	677	582
ForsakenCity	snow-back	1500	1000	359	358	1101	642
ForsakenCity	snow-front	1500	1000	358	233	1114	767
Gameplay	animatedTiles/dead/top_a00	8	8	0	6	8	2
Gameplay	animatedTiles/dead/top_a01	8	8	0	6	8	2
Gameplay	animatedTiles/dead/top_a02	8	8	0	6	8	2
Gameplay	animatedTiles/dead/top_a03	8	8	0	6	8	2
Gameplay	animatedTiles/grass/top_a00	8	8	0	3	8	5
Gameplay	animatedTiles/grass/top_a01	8	8	0	3	8	5
Gameplay	animatedTiles/grass/top_a02	8	8	0	3	8	5
Gameplay	animatedTiles/grass/top_a03	8	8	0	3	8	5
Gameplay	bgs/00/bg0	320	180	0	23	320	137
Gameplay	bgs/00/bg1	320	180	0	3	320	143
Gameplay	bgs/00/bg2	320	180	0	45	320	135
Gameplay	bgs/00/bg3	320	180	0	29	320	151
Gameplay	bgs/00/fg0	320	180	0	145	320	35
Gameplay	bgs/01/bg0	320	180	0	13	320	167
Gameplay	bgs/01/bg1	320	180	0	10	320	170
Gameplay	bgs/01/bg2	320	220	0	68	320	152
Gameplay	bgs/02/stars/a00	15	15	0	0	15	15
Gameplay	bgs/02/stars/a01	15	15	2	2	11	11
Gameplay	bgs/02/stars/a02	15	15	4	4	7	7
Gameplay	bgs/02/stars/a03	15	15	7	7	1	1
Gameplay	bgs/02/stars/b00	15	15	7	7	1	1
Gameplay	bgs/02/stars/b01	15	15	7	7	1	1
Gameplay	bgs/02/stars/b02	15	15	7	7	1	1
Gameplay	bgs/02/stars/b03	15	15	7	7	1	1
Gameplay	bgs/02/stars/c00	15	15	5	5	5	5
Gameplay	bgs/02/stars/c01	15	15	5	5	5	5
Gameplay	bgs/02/stars/c02	15	15	6	6	3	3
Gameplay	bgs/02/stars/c03	15	15	7	7	1	1
Gameplay	bgs/03/back	320	100	0	0	320	100
Gameplay	bgs/03/bg0	320	180	0	24	320	156
Gameplay	bgs/03/bg1	320	180	0	52	320	128
Gameplay	bgs/03/bg2	320	180	0	113	320	67
Gameplay	bgs/03/bg2b	320	180	0	113	320	67
Gameplay	bgs/03/bg3	320	180	0	119	320	61
Gameplay	bgs/03/bg3b	320	180	0	119	320	61
Gameplay	bgs/03/fg0	320	180	0	146	320	34
Gameplay	bgs/04/bg0	320	180	0	0	320	180
Gameplay	bgs/04/bg1	320	180	0	78	320	102
Gameplay	bgs/04/bgCloud	320	29	0	0	320	27
Gameplay	bgs/04/bgCloudLoop	320	200	0	0	320	200
Gameplay	bgs/04/bgc0	320	180	21	112	107	39
Gameplay	bgs/04/bgc1	320	180	123	107	69	27
Gameplay	bgs/04/bgc2	320	180	187	48	115	32
Gameplay	bgs/04/bgc3	320	180	32	140	115	32
Gameplay	bgs/04/bgc4	320	180	200	13	107	39
Gameplay	bgs/05/mirror/bg0	320	180	0	0	320	180
Gameplay	bgs/05/mirror/bg1	320	180	0	0	320	180
Gameplay	bgs/05/mirror/bg2	320	180	0	0	320	180
Gameplay	bgs/05/mirror/bg3	320	180	30	53	272	50
Gameplay	bgs/05/mirror/bg4	320	180	14	36	259	80
Gameplay	bgs/05/mirror/bg5	320	180	0	0	320	180
Gameplay	bgs/05/mirror/bg6	320	180	4	5	296	172
Gameplay	bgs/05/mirror/fx0	320	180	21	9	273	158
Gameplay	bgs/05/mirror/fx1	320	180	0	24	320	152
Gameplay	bgs/05/temple/bg0	320	180	0	0	320	180
Gameplay	bgs/05/temple/bg1	320	180	0	13	320	164
Gameplay	bgs/05/temple/bg2	320	180	0	49	320	83
Gameplay	bgs/05/temple/bg3	320	180	0	0	320	180
Gameplay	bgs/06/bg0	320	180	0	0	320	180
Gameplay	bgs/06/bg1	320	180	0	16	320	136
Gameplay	bgs/06/bg2	320	180	0	7	320	164
Gameplay	bgs/06/fx0	320	200	0	0	320	200
Gameplay	bgs/06/plateau/bg0	320	180	0	0	320	180
Gameplay	bgs/06/plateau/bg1	320	180	29	109	142	46
Gameplay	bgs/07/00/bg1	320	180	0	45	320	135
Gameplay	bgs/07/00/bg2	320	180	0	29	320	151
Gameplay	bgs/07/01/bg1	320	180	0	13	320	167
Gameplay	bgs/07/01/bg2	320	180	0	10	320	170
Gameplay	bgs/07/01/bg3	320	180	0	68	320	112
Gameplay	bgs/07/02/bg1	320	180	0	88	320	92
Gameplay	bgs/07/02/bg2	320	180	0	99	320	81
Gameplay	bgs/07/02/bg3	320	180	0	116	320	64
Gameplay	bgs/07/03/bg1	320	180	0	113	320	67
Gameplay	bgs/07/03/bg2	320	180	0	119	320	61
Gameplay	bgs/07/04/bgc0	320	180	21	112	107	39
Gameplay	bgs/07/04/bgc1	320	180	123	107	69	27
Gameplay	bgs/07/04/bgc2	320	180	187	48	115	32
Gameplay	bgs/07/04/bgc3	320	180	32	140	115	32
Gameplay	bgs/07/04/bgc4	320	180	200	13	107	39
Gameplay	bgs/07/07/bg00	320	240	0	0	320	240
Gameplay	bgs/07/07/bg01	320	240	0	58	320	182
Gameplay	bgs/07/07/bg02	320	240	0	106	320	134
Gameplay	bgs/07/07/bg03	320	240	0	154	320	86
Gameplay	bgs/07/07/bg04	320	244	0	195	320	49
Gameplay	bgs/07/bg0	320	180	0	0	320	180
Gameplay	bgs/09/bg0	320	180	0	0	320	180
Gameplay	bgs/09/bg0_c	320	180	0	0	320	180
Gameplay	bgs/09/bg1	320	180	18	0	283	180
Gameplay	bgs/09/bg1_c	320	180	18	0	283	180
Gameplay	bgs/09/bg2	320	180	0	0	320	180
Gameplay	bgs/09/bg2_c	320	180	0	0	320	180
Gameplay	bgs/10/Planets/big00	64	64	5	5	54	54
Gameplay	bgs/10/Planets/big01	64	64	5	5	52	54
Gameplay	bgs/10/Planets/small00	32	32	3	3	26	26
Gameplay	bgs/10/Planets/small01	32	32	10	6	16	22
Gameplay	bgs/10/Planets/small02	32	32	6	5	20	23
Gameplay	bgs/10/Planets/small03	32	32	4	5	16	12
Gameplay	bgs/10/Planets/small04	32	32	12	14	17	17
Gameplay	bgs/10/Planets/small05	32	32	10	4	17	15
Gameplay	bgs/10/Planets/small06	32	32	17	8	7	7
Gameplay	bgs/10/big00	64	64	4	6	58	54
Gameplay	bgs/10/big01	64	64	11	9	43	43
Gameplay	bgs/10/big02	64	64	9	5	51	53
Gameplay	bgs/10/blackhole/particle00	64	64	19	4	21	55
Gameplay	bgs/10/blackhole/particle01	64	64	26	7	11	53
Gameplay	bgs/10/blackhole/particle02	64	64	18	5	24	54
Gameplay	bgs/10/blackhole/particle03	64	64	18	3	23	58
Gameplay	bgs/10/blackhole/particle04	64	64	27	9	9	51
Gameplay	bgs/10/blackhole/particle05	64	64	27	10	9	48
Gameplay	bgs/10/granny/bg	320	180	0	0	320	180
Gameplay	bgs/10/granny/framed_clouds	320	180	0	108	320	72
Gameplay	bgs/10/granny/looping_clouds	320	180	0	154	320	26
Gameplay	bgs/10/rain/bg00	320	244	0	0	320	240
Gameplay	bgs/10/rain/bg01	320	244	0	58	320	182
Gameplay	bgs/10/rain/bg02	320	244	0	106	320	134
Gameplay	bgs/10/rain/bg03	320	244	0	154	320	86
Gameplay	bgs/10/rain/bg04	320	244	0	195	320	49
Gameplay	bgs/10/sky	320	180	0	0	320	180
Gameplay	bgs/10/skybrighter	320	180	0	0	320	180
Gameplay	bgs/10/small00	32	32	2	1	27	28
Gameplay	bgs/10/small01	32	32	2	3	28	26
Gameplay	bgs/10/small02	32	32	3	2	25	27
Gameplay	bgs/10/small03	32	32	7	6	22	18
Gameplay	bgs/10/small04	32	32	0	0	32	32
Gameplay	bgs/10/small05	32	32	0	0	32	32
Gameplay	bgs/10/small06	32	32	0	0	32	32
Gameplay	bgs/disperse_clouds	320	200	0	0	320	200
Gameplay	characters/badeline/angry00	32	32	5	19	15	13
Gameplay	characters/badeline/angry01	32	32	5	19	15	13
Gameplay	characters/badeline/angry02	32	32	5	19	15	13
Gameplay	characters/badeline/angry03	32	32	5	20	15	12
Gameplay	characters/badeline/angry04	32	32	5	20	15	12
Gameplay	characters/badeline/angry05	32	32	5	20	15	12
Gameplay	characters/badeline/boost00	32	32	8	20	13	12
Gameplay	characters/badeline/boost01	32	32	8	20	13	12
Gameplay	characters/badeline/boost02	32	32	8	21	12	11
Gameplay	characters/badeline/boost03	32	32	8	21	12	11
Gameplay	characters/badeline/boost04	32	32	8	23	18	9
Gameplay	characters/badeline/boost05	32	32	8	3	22	24
Gameplay	characters/badeline/boost06	32	32	8	1	22	29
Gameplay	characters/badeline/boost07	32	32	8	1	23	30
Gameplay	characters/badeline/boost08	32	32	8	1	23	31
Gameplay	characters/badeline/boost09	32	32	8	6	22	26
Gameplay	characters/badeline/climb00	32	32	11	20	10	11
Gameplay	characters/badeline/climb01	32	32	11	20	10	10
Gameplay	characters/badeline/climb02	32	32	11	20	10	10
Gameplay	characters/badeline/climb03	32	32	11	20	10	11
Gameplay	characters/badeline/climb04	32	32	10	20	11	11
Gameplay	characters/badeline/climb05	32	32	10	20	11	11
Gameplay	characters/badeline/climb06	32	32	11	20	10	11
Gameplay	characters/badeline/climb07	32	32	10	20	11	11
Gameplay	characters/badeline/climb08	32	32	11	20	10	11
Gameplay	characters/badeline/dangling00	32	32	10	20	12	12
Gameplay	characters/badeline/dangling01	32	32	10	20	12	12
Gameplay	characters/badeline/dangling02	32	32	11	20	11	12
Gameplay	characters/badeline/dangling03	32	32	11	20	11	12
Gameplay	characters/badeline/dangling04	32	32	10	20	12	12
Gameplay	characters/badeline/dangling05	32	32	11	20	11	12
Gameplay	characters/badeline/dangling06	32	32	10	20	12	12
Gameplay	characters/badeline/dangling07	32	32	10	20	12	12
Gameplay	characters/badeline/dangling08	32	32	10	20	12	12
Gameplay	characters/badeline/dangling09	32	32	10	20	12	12
Gameplay	characters/badeline/dash00	32	32	8	21	15	11
Gameplay	characters/badeline/dash01	32	32	8	21	14	11
Gameplay	characters/badeline/dash02	32	32	8	21	14	11
Gameplay	characters/badeline/dash03	32	32	8	22	14	10
Gameplay	characters/badeline/dreamDash00	32	32	8	21	15	11
Gameplay	characters/badeline/dreamDash01	32	32	8	21	14	11
Gameplay	characters/badeline/dreamDash02	32	32	4	18	25	13
Gameplay	characters/badeline/dreamDash03	32	32	7	10	19	20
Gameplay	characters/badeline/dreamDash04	32	32	7	18	18	14
Gameplay	characters/badeline/dreamDash05	32	32	7	19	18	13
Gameplay	characters/badeline/dreamDash06	32	32	7	17	18	15
Gameplay	characters/badeline/dreamDash07	32	32	9	18	14	14
Gameplay	characters/badeline/dreamDash08	32	32	8	25	16	5
Gameplay	characters/badeline/dreamDash09	32	32	6	21	20	10
Gameplay	characters/badeline/dreamDash10	32	32	8	16	17	15
Gameplay	characters/badeline/dreamDash11	32	32	11	18	10	11
Gameplay	characters/badeline/dreamDash12	32	32	12	20	11	11
Gameplay	characters/badeline/dreamDash13	32	32	7	20	11	11
Gameplay	characters/badeline/dreamDash14	32	32	7	17	18	13
Gameplay	characters/badeline/dreamDash15	32	32	10	21	12	11
Gameplay	characters/badeline/dreamDash16	32	32	10	18	12	13
Gameplay	characters/badeline/dreamDash17	32	32	6	18	19	14
Gameplay	characters/badeline/dreamDash18	32	32	6	18	20	14
Gameplay	characters/badeline/dreamDash19	32	32	5	19	21	13
Gameplay	characters/badeline/dreamDash20	32	32	5	20	21	12
Gameplay	characters/badeline/duck	32	32	8	24	13	8
Gameplay	characters/badeline/edge00	32	32	7	20	14	12
Gameplay	characters/badeline/edge01	32	32	7	20	14	12
Gameplay	characters/badeline/edge02	32	32	7	20	14	12
Gameplay	characters/badeline/edge03	32	32	7	21	14	11
Gameplay	characters/badeline/edge04	32	32	7	21	14	11
Gameplay	characters/badeline/edge05	32	32	7	21	14	11
Gameplay	characters/badeline/edge06	32	32	7	20	14	12
Gameplay	characters/badeline/edge07	32	32	7	20	15	12
Gameplay	characters/badeline/edge08	32	32	7	20	15	12
Gameplay	characters/badeline/edge09	32	32	7	20	14	12
Gameplay	characters/badeline/edge10	32	32	7	21	15	11
Gameplay	characters/badeline/edge11	32	32	7	21	14	11
Gameplay	characters/badeline/edge12	32	32	7	21	14	11
Gameplay	characters/badeline/edge13	32	32	7	20	14	12
Gameplay	characters/badeline/edge_back00	32	32	11	20	12	12
Gameplay	characters/badeline/edge_back01	32	32	11	20	12	12
Gameplay	characters/badeline/edge_back02	32	32	11	20	12	12
Gameplay	characters/badeline/edge_back03	32	32	11	21	12	11
Gameplay	characters/badeline/edge_back04	32	32	9	20	13	12
Gameplay	characters/badeline/edge_back05	32	32	10	20	12	12
Gameplay	characters/badeline/edge_back06	32	32	11	20	12	12
Gameplay	characters/badeline/edge_back07	32	32	11	20	12	12
Gameplay	characters/badeline/edge_back08	32	32	12	20	11	12
Gameplay	characters/badeline/edge_back09	32	32	12	20	11	12
Gameplay	characters/badeline/edge_back10	32	32	13	21	12	11
Gameplay	characters/badeline/edge_back11	32	32	12	21	12	11
Gameplay	characters/badeline/edge_back12	32	32	12	21	12	11
Gameplay	characters/badeline/edge_back13	32	32	12	20	12	12
Gameplay	characters/badeline/faint00	32	32	8	23	13	9
Gameplay	characters/badeline/faint01	32	32	8	23	13	9
Gameplay	characters/badeline/faint02	32	32	8	23	13	9
Gameplay	characters/badeline/faint03	32	32	8	23	13	9
Gameplay	characters/badeline/faint04	32	32	9	23	13	9
Gameplay	characters/badeline/faint05	32	32	9	23	13	9
Gameplay	characters/badeline/faint06	32	32	9	24	13	8
Gameplay	characters/badeline/faint07	32	32	9	25	14	7
Gameplay	characters/badeline/faint08	32	32	10	24	15	8
Gameplay	characters/badeline/faint09	32	32	9	27	16	5
Gameplay	characters/badeline/faint10	32	32	9	26	16	6
Gameplay	characters/badeline/flip00	32	32	11	21	14	11
Gameplay	characters/badeline/flip01	32	32	11	21	14	11
Gameplay	characters/badeline/flip02	32	32	11	21	13	11
Gameplay	characters/badeline/flip03	32	32	11	21	12	11
Gameplay	characters/badeline/flip04	32	32	11	21	12	11
Gameplay	characters/badeline/flip05	32	32	11	22	12	10
Gameplay	characters/badeline/flip06	32	32	11	22	12	10
Gameplay	characters/badeline/flip07	32	32	8	22	14	10
Gameplay	characters/badeline/flip08	32	32	12	22	11	10
Gameplay	characters/badeline/frontedge00	12	16	1	4	10	12
Gameplay	characters/badeline/frontedge01	12	16	2	4	9	12
Gameplay	characters/badeline/frontedge02	12	16	0	4	10	12
Gameplay	characters/badeline/frontedge03	12	16	1	5	10	11
Gameplay	characters/badeline/frontedge04	12	16	1	6	10	10
Gameplay	characters/badeline/frontedge05	12	16	1	5	11	11
Gameplay	characters/badeline/frontedge06	12	16	1	6	10	10
Gameplay	characters/badeline/frontedge07	12	16	1	5	10	11
Gameplay	characters/badeline/frontedge08	12	16	0	4	10	12
Gameplay	characters/badeline/hug00	32	32	8	23	15	9
Gameplay	characters/badeline/idle00	32	32	8	20	13	12
Gameplay	characters/badeline/idle01	32	32	8	20	13	12
Gameplay	characters/badeline/idle02	32	32	8	20	13	12
Gameplay	characters/badeline/idle03	32	32	8	20	13	12
Gameplay	characters/badeline/idle04	32	32	8	21	13	11
Gameplay	characters/badeline/idle05	32	32	8	21	13	11
Gameplay	characters/badeline/idle06	32	32	8	21	13	11
Gameplay	characters/badeline/idle07	32	32	8	21	13	11
Gameplay	characters/badeline/idle08	32	32	8	21	13	11
Gameplay	characters/badeline/jumpFast00	32	32	8	19	14	13
Gameplay	characters/badeline/jumpFast01	32	32	8	19	14	13
Gameplay	characters/badeline/jumpFast02	32	32	9	20	13	12
Gameplay	characters/badeline/jumpFast03	32	32	8	20	14	12
Gameplay	characters/badeline/jumpSlow00	32	32	8	19	14	13
Gameplay	characters/badeline/jumpSlow01	32	32	8	19	14	13
Gameplay	characters/badeline/jumpSlow02	32	32	9	20	13	12
Gameplay	characters/badeline/jumpSlow03	32	32	8	20	13	12
Gameplay	characters/badeline/laugh00	32	32	8	19	14	13
Gameplay	characters/badeline/laugh01	32	32	8	19	14	13
Gameplay	characters/badeline/laugh02	32	32	8	19	14	13
Gameplay	characters/badeline/laugh03	32	32	8	20	14	12
Gameplay	characters/badeline/laugh04	32	32	8	20	14	12
Gameplay	characters/badeline/laugh05	32	32	8	20	14	12
Gameplay	characters/badeline/lookUp00	32	32	8	20	13	12
Gameplay	characters/badeline/lookUp01	32	32	8	21	13	11
Gameplay	characters/badeline/lookUp02	32	32	8	20	13	12
Gameplay	characters/badeline/lookUp03	32	32	8	20	13	12
Gameplay	characters/badeline/lookUp04	32	32	8	20	13	12
Gameplay	characters/badeline/lookUp05	32	32	8	20	13	12
Gameplay	characters/badeline/lookUp06	32	32	8	19	13	13
Gameplay	characters/badeline/lookUp07	32	32	8	19	13	13
Gameplay	characters/badeline/orb	16	16	2	2	12	12
Gameplay	characters/badeline/push00	32	32	7	20	14	12
Gameplay	characters/badeline/push01	32	32	7	21	14	11
Gameplay	characters/badeline/push02	32	32	7	21	14	11
Gameplay	characters/badeline/push03	32	32	7	21	14	11
Gameplay	characters/badeline/push04	32	32	7	20	14	12
Gameplay	characters/badeline/push05	32	32	7	20	14	12
Gameplay	characters/badeline/push06	32	32	7	20	14	12
Gameplay	characters/badeline/push07	32	32	7	20	14	12
Gameplay	characters/badeline/push08	32	32	7	21	14	11
Gameplay	characters/badeline/push09	32	32	7	21	14	11
Gameplay	characters/badeline/push10	32	32	7	21	14	11
Gameplay	characters/badeline/push11	32	32	7	21	14	11
Gameplay	characters/badeline/push12	32	32	7	20	14	12
Gameplay	characters/badeline/push13	32	32	7	20	14	12
Gameplay	characters/badeline/push14	32	32	7	20	14	12
Gameplay	characters/badeline/push15	32	32	7	20	14	12
Gameplay	characters/badeline/runFast00	32	32	7	20	14	12
Gameplay	characters/badeline/runFast01	32	32	7	21	14	11
Gameplay	characters/badeline/runFast02	32	32	7	21	14	11
Gameplay	characters/badeline/runFast03	32	32	7	21	14	11
Gameplay	characters/badeline/runFast04	32	32	7	19	14	13
Gameplay	characters/badeline/runFast05	32	32	7	20	14	12
Gameplay	characters/badeline/runFast06	32	32	7	21	14	11
Gameplay	characters/badeline/runFast07	32	32	7	21	14	11
Gameplay	characters/badeline/runFast08	32	32	7	21	14	11
Gameplay	characters/badeline/runFast09	32	32	7	21	14	11
Gameplay	characters/badeline/runFast10	32	32	7	19	16	13
Gameplay	characters/badeline/runFast11	32	32	7	20	16	12
Gameplay	characters/badeline/runSlow00	32	32	7	20	14	12
Gameplay	characters/badeline/runSlow01	32	32	7	21	14	11
Gameplay	characters/badeline/runSlow02	32	32	7	21	14	11
Gameplay	characters/badeline/runSlow03	32	32	7	21	14	11
Gameplay	characters/badeline/runSlow04	32	32	7	19	14	13
Gameplay	characters/badeline/runSlow05	32	32	7	20	14	12
Gameplay	characters/badeline/runSlow06	32	32	7	21	14	11
Gameplay	characters/badeline/runSlow07	32	32	7	21	14	11
Gameplay	characters/badeline/runSlow08	32	32	7	21	14	11
Gameplay	characters/badeline/runSlow09	32	32	7	21	14	11
Gameplay	characters/badeline/runSlow10	32	32	7	19	14	13
Gameplay	characters/badeline/runSlow11	32	32	7	20	14	12
Gameplay	characters/badeline/runStumble00	32	32	7	22	15	10
Gameplay	characters/badeline/runStumble01	32	32	7	24	14	8
Gameplay	characters/badeline/runStumble02	32	32	7	23	14	9
Gameplay	characters/badeline/runStumble03	32	32	7	22	14	10
Gameplay	characters/badeline/runStumble04	32	32	7	20	14	12
Gameplay	characters/badeline/runStumble05	32	32	7	20	14	12
Gameplay	characters/badeline/runStumble06	32	32	7	21	14	11
Gameplay	characters/badeline/runStumble07	32	32	7	21	14	11
Gameplay	characters/badeline/runStumble08	32	32	7	21	14	11
Gameplay	characters/badeline/runStumble09	32	32	7	21	14	11
Gameplay	characters/badeline/runStumble10	32	32	7	19	16	13
Gameplay	characters/badeline/runStumble11	32	32	7	20	16	12
Gameplay	characters/badeline/sleep00	32	32	8	15	13	17
Gameplay	characters/badeline/sleep01	32	32	8	16	14	16
Gameplay	characters/badeline/sleep02	32	32	8	16	14	16
Gameplay	characters/badeline/sleep03	32	32	6	15	16	17
Gameplay	characters/badeline/sleep04	32	32	7	14	15	18
Gameplay	characters/badeline/sleep05	32	32	7	14	15	18
Gameplay	characters/badeline/sleep06	32	32	7	14	15	18
Gameplay	characters/badeline/sleep07	32	32	7	14	15	18
Gameplay	characters/badeline/sleep08	32	32	7	14	15	18
Gameplay	characters/badeline/sleep09	32	32	7	14	15	18
Gameplay	characters/badeline/sleep10	32	32	7	14	15	18
Gameplay	characters/badeline/sleep11	32	32	7	15	15	17
Gameplay	characters/badeline/sleep12	32	32	7	15	15	17
Gameplay	characters/badeline/sleep13	32	32	7	16	15	16
Gameplay	characters/badeline/sleep14	32	32	7	17	15	15
Gameplay	characters/badeline/sleep15	32	32	7	19	15	13
Gameplay	characters/badeline/sleep16	32	32	7	18	15	14
Gameplay	characters/badeline/sleep17	32	32	7	18	15	14
Gameplay	characters/badeline/sleep18	32	32	7	18	15	14
Gameplay	characters/badeline/sleep19	32	32	7	18	15	14
Gameplay	characters/badeline/sleep20	32	32	7	18	15	14
Gameplay	characters/badeline/sleep21	32	32	7	18	15	14
Gameplay	characters/badeline/sleep22	32	32	7	18	15	14
Gameplay	characters/badeline/sleep23	32	32	7	18	15	14
Gameplay	characters/badeline/slide00	32	32	8	24	15	8
Gameplay	characters/badeline/slide01	32	32	9	24	15	8
Gameplay	characters/badeline/slide02	32	32	9	24	15	8
Gameplay	characters/badeline/spawn00	32	32	0	0	32	32
Gameplay	characters/badeline/spawn01	32	32	11	13	10	10
Gameplay	characters/badeline/spawn02	32	32	6	9	21	17
Gameplay	characters/badeline/spawn03	32	32	3	8	28	21
Gameplay	characters/badeline/spawn04	32	32	3	9	28	20
Gameplay	characters/badeline/spawn05	32	32	8	10	16	19
Gameplay	characters/badeline/spawn06	32	32	8	10	18	19
Gameplay	characters/badeline/spawn07	32	32	8	9	17	20
Gameplay	characters/badeline/spawn08	32	32	8	16	14	13
Gameplay	characters/badeline/spawn09	32	32	8	16	14	13
Gameplay	characters/badeline/spawn10	32	32	8	17	14	13
Gameplay	characters/badeline/spawn11	32	32	8	17	14	13
Gameplay	characters/badeline/spawn12	32	32	9	19	13	12
Gameplay	characters/badeline/spawn13	32	32	9	19	13	12
Gameplay	characters/badeline/spawn14	32	32	8	20	13	12
Gameplay	characters/badeline/spin00	32	32	9	16	11	16
Gameplay	characters/badeline/spin01	32	32	10	16	10	16
Gameplay	characters/badeline/spin02	32	32	8	16	12	16
Gameplay	characters/badeline/spin03	32	32	9	16	12	16
Gameplay	characters/badeline/spin04	32	32	10	16	11	16
Gameplay	characters/badeline/spin05	32	32	10	16	12	16
Gameplay	characters/badeline/spin06	32	32	10	16	13	16
Gameplay	characters/badeline/spin07	32	32	10	16	13	16
Gameplay	characters/badeline/spin08	32	32	11	16	11	16
Gameplay	characters/badeline/spin09	32	32	11	16	12	16
Gameplay	characters/badeline/spin10	32	32	10	16	14	16
Gameplay	characters/badeline/spin11	32	32	9	16	14	16
Gameplay	characters/badeline/spin12	32	32	9	16	15	16
Gameplay	characters/badeline/spin13	32	32	8	16	14	16
Gameplay	characters/badeline/tired00	32	32	8	23	13	9
Gameplay	characters/badeline/tired01	32	32	8	24	13	8
Gameplay	characters/badeline/tired02	32	32	8	23	13	9
Gameplay	characters/badeline/tired03	32	32	8	22	13	10
Gameplay	characters/badeline/walk00	32	32	7	20	14	12
Gameplay	characters/badeline/walk01	32	32	7	21	14	11
Gameplay	characters/badeline/walk02	32	32	7	21	14	11
Gameplay	characters/badeline/walk03	32	32	7	21	14	11
Gameplay	characters/badeline/walk04	32	32	7	20	14	12
Gameplay	characters/badeline/walk05	32	32	7	20	14	12
Gameplay	characters/badeline/walk06	32	32	7	21	14	11
Gameplay	characters/badeline/walk07	32	32	7	21	14	11
Gameplay	characters/badeline/walk08	32	32	7	21	14	11
Gameplay	characters/badeline/walk09	32	32	7	21	14	11
Gameplay	characters/badeline/walk10	32	32	7	20	14	12
Gameplay	characters/badeline/walk11	32	32	7	20	14	12
Gameplay	characters/badelineBoss/beam00	128	32	0	15	128	2
Gameplay	characters/badelineBoss/beam01	128	32	0	15	128	2
Gameplay	characters/badelineBoss/beam02	128	32	0	15	128	2
Gameplay	characters/badelineBoss/beam03	128	32	0	15	128	2
Gameplay	characters/badelineBoss/beam04	128	32	0	6	128	11
Gameplay	characters/badelineBoss/beam05	128	32	0	15	128	2
Gameplay	characters/badelineBoss/beam06	128	32	0	9	128	8
Gameplay	characters/badelineBoss/beam07	128	32	0	15	128	2
Gameplay	characters/badelineBoss/beam08	128	32	0	15	128	12
Gameplay	characters/badelineBoss/beam09	128	32	0	15	128	13
Gameplay	characters/badelineBoss/beam10	128	32	0	15	128	12
Gameplay	characters/badelineBoss/beam11	128	32	0	15	128	2
Gameplay	characters/badelineBoss/beam12	128	32	0	15	128	2
Gameplay	characters/badelineBoss/beam13	128	32	0	15	128	2
Gameplay	characters/badelineBoss/beam14	128	32	0	11	128	9
Gameplay	characters/badelineBoss/beam15	128	32	0	10	128	12
Gameplay	characters/badelineBoss/beam16	128	32	0	10	128	13
Gameplay	characters/badelineBoss/beam17	128	32	0	9	128	14
Gameplay	characters/badelineBoss/beam18	128	32	23	9	96	14
Gameplay	characters/badelineBoss/beam19	128	32	0	0	128	32
Gameplay	characters/badelineBoss/beam20	128	32	0	16	128	1
Gameplay	characters/badelineBoss/beam21	128	32	0	0	128	32
Gameplay	characters/badelineBoss/beam22	128	32	0	16	128	1
Gameplay	characters/badelineBoss/beam23	128	32	0	0	128	32
Gameplay	characters/badelineBoss/beam24	128	32	0	16	128	1
Gameplay	characters/badelineBoss/beam25	128	32	0	0	128	32
Gameplay	characters/badelineBoss/beam26	128	32	0	9	128	15
Gameplay	characters/badelineBoss/beam27	128	32	0	10	128	15
Gameplay	characters/badelineBoss/beam28	128	32	1	9	125	16
Gameplay	characters/badelineBoss/beam29	128	32	6	9	122	15
Gameplay	characters/badelineBoss/beam30	128	32	0	10	128	14
Gameplay	characters/badelineBoss/beam31	128	32	0	8	128	16
Gameplay	characters/badelineBoss/beam32	128	32	2	8	112	15
Gameplay	characters/badelineBoss/beam33	128	32	6	8	99	14
Gameplay	characters/badelineBoss/beam34	128	32	7	8	95	12
Gameplay	characters/badelineBoss/beam35	128	32	97	8	2	2
Gameplay	characters/badelineBoss/beam36	128	32	96	9	2	1
Gameplay	characters/badelineBoss/beamStart00	32	32	5	4	21	23
Gameplay	characters/badelineBoss/beamStart01	32	32	9	7	19	20
Gameplay	characters/badelineBoss/beamStart02	32	32	8	5	19	23
Gameplay	characters/badelineBoss/beamStart03	32	32	8	4	17	24
Gameplay	characters/badelineBoss/beamStart04	32	32	8	6	16	22
Gameplay	characters/badelineBoss/boss00	96	96	29	35	38	41
Gameplay	characters/badelineBoss/boss01	96	96	29	33	38	43
Gameplay	characters/badelineBoss/boss02	96	96	30	32	38	45
Gameplay	characters/badelineBoss/boss03	96	96	30	32	40	45
Gameplay	characters/badelineBoss/boss04	96	96	29	32	39	46
Gameplay	characters/badelineBoss/boss05	96	96	29	33	39	46
Gameplay	characters/badelineBoss/boss06	96	96	29	35	38	45
Gameplay	characters/badelineBoss/boss07	96	96	29	33	38	45
Gameplay	characters/badelineBoss/boss08	96	96	30	32	38	47
Gameplay	characters/badelineBoss/boss09	96	96	30	32	40	48
Gameplay	characters/badelineBoss/boss10	96	96	29	32	39	42
Gameplay	characters/badelineBoss/boss100	96	96	37	33	23	30
Gameplay	characters/badelineBoss/boss101	96	96	40	33	19	29
Gameplay	characters/badelineBoss/boss102	96	96	39	34	20	28
Gameplay	characters/badelineBoss/boss103	96	96	39	39	20	23
Gameplay	characters/badelineBoss/boss104	96	96	35	44	24	18
Gameplay	characters/badelineBoss/boss105	96	96	36	47	23	15
Gameplay	characters/badelineBoss/boss106	96	96	37	49	20	13
Gameplay	characters/badelineBoss/boss107	96	96	38	49	19	13
Gameplay	characters/badelineBoss/boss108	96	96	40	49	16	13
Gameplay	characters/badelineBoss/boss109	96	96	40	49	16	13
Gameplay	characters/badelineBoss/boss11	96	96	29	33	39	42
Gameplay	characters/badelineBoss/boss110	96	96	40	49	15	13
Gameplay	characters/badelineBoss/boss111	96	96	40	49	15	13
Gameplay	characters/badelineBoss/boss112	96	96	40	49	15	13
Gameplay	characters/badelineBoss/boss113	96	96	40	49	15	13
Gameplay	characters/badelineBoss/boss114	96	96	40	49	15	13
Gameplay	characters/badelineBoss/boss115	96	96	40	49	15	13
Gameplay	characters/badelineBoss/boss116	96	96	40	49	15	13
Gameplay	characters/badelineBoss/boss12	96	96	29	35	38	41
Gameplay	characters/badelineBoss/boss13	96	96	29	33	38	43
Gameplay	characters/badelineBoss/boss14	96	96	30	32	38	45
Gameplay	characters/badelineBoss/boss15	96	96	30	32	40	45
Gameplay	characters/badelineBoss/boss16	96	96	29	32	39	46
Gameplay	characters/badelineBoss/boss17	96	96	29	33	39	46
Gameplay	characters/badelineBoss/boss18	96	96	30	34	38	46
Gameplay	characters/badelineBoss/boss19	96	96	30	33	38	45
Gameplay	characters/badelineBoss/boss20	96	96	30	32	38	47
Gameplay	characters/badelineBoss/boss21	96	96	28	31	40	49
Gameplay	characters/badelineBoss/boss22	96	96	24	31	54	43
Gameplay	characters/badelineBoss/boss23	96	96	29	33	39	42
Gameplay	characters/badelineBoss/boss24	96	96	29	35	38	41
Gameplay	characters/badelineBoss/boss25	96	96	29	33	38	43
Gameplay	characters/badelineBoss/boss26	96	96	30	32	38	45
Gameplay	characters/badelineBoss/boss27	96	96	30	32	40	45
Gameplay	characters/badelineBoss/boss28	96	96	29	32	39	46
Gameplay	characters/badelineBoss/boss29	96	96	29	33	39	46
Gameplay	characters/badelineBoss/boss30	96	96	29	35	38	45
Gameplay	characters/badelineBoss/boss31	96	96	29	33	38	43
Gameplay	characters/badelineBoss/boss32	96	96	30	32	38	44
Gameplay	characters/badelineBoss/boss33	96	96	30	32	40	45
Gameplay	characters/badelineBoss/boss34	96	96	29	32	39	45
Gameplay	characters/badelineBoss/boss35	96	96	29	33	39	45
Gameplay	characters/badelineBoss/boss36	96	96	29	35	38	44
Gameplay	characters/badelineBoss/boss37	96	96	29	33	38	47
Gameplay	characters/badelineBoss/boss38	96	96	31	32	38	44
Gameplay	characters/badelineBoss/boss39	96	96	30	32	40	44
Gameplay	characters/badelineBoss/boss40	96	96	24	32	39	45
Gameplay	characters/badelineBoss/boss41	96	96	22	33	44	44
Gameplay	characters/badelineBoss/boss42	96	96	21	35	46	43
Gameplay	characters/badelineBoss/boss43	96	96	20	33	47	46
Gameplay	characters/badelineBoss/boss44	96	96	30	32	38	48
Gameplay	characters/badelineBoss/boss45	96	96	30	32	40	44
Gameplay	characters/badelineBoss/boss46	96	96	29	35	38	41
Gameplay	characters/badelineBoss/boss47	96	96	29	33	38	43
Gameplay	characters/badelineBoss/boss48	96	96	30	32	38	45
Gameplay	characters/badelineBoss/boss49	96	96	28	31	40	46
Gameplay	characters/badelineBoss/boss50	96	96	29	31	39	47
Gameplay	characters/badelineBoss/boss51	96	96	29	32	39	47
Gameplay	characters/badelineBoss/boss52	96	96	30	33	38	47
Gameplay	characters/badelineBoss/boss53	96	96	30	32	38	44
Gameplay	characters/badelineBoss/boss54	96	96	30	30	38	46
Gameplay	characters/badelineBoss/boss55	96	96	28	30	40	47
Gameplay	characters/badelineBoss/boss56	96	96	29	30	39	47
Gameplay	characters/badelineBoss/boss57	96	96	29	31	39	47
Gameplay	characters/badelineBoss/boss58	96	96	30	32	38	47
Gameplay	characters/badelineBoss/boss59	96	96	30	31	38	49
Gameplay	characters/badelineBoss/boss60	96	96	29	30	39	47
Gameplay	characters/badelineBoss/boss61	96	96	29	31	39	47
Gameplay	characters/badelineBoss/boss62	96	96	30	32	38	47
Gameplay	characters/badelineBoss/boss63	96	96	30	31	38	49
Gameplay	characters/badelineBoss/boss64	96	96	26	32	38	44
Gameplay	characters/badelineBoss/boss65	96	96	25	32	40	44
Gameplay	characters/badelineBoss/boss66	96	96	28	29	39	48
Gameplay	characters/badelineBoss/boss67	96	96	29	33	39	44
Gameplay	characters/badelineBoss/boss68	96	96	29	35	38	43
Gameplay	characters/badelineBoss/boss69	96	96	29	33	38	46
Gameplay	characters/badelineBoss/boss70	96	96	29	35	38	30
Gameplay	characters/badelineBoss/boss71	96	96	30	36	36	28
Gameplay	characters/badelineBoss/boss72	96	96	27	35	38	31
Gameplay	characters/badelineBoss/boss73	96	96	25	28	45	45
Gameplay	characters/badelineBoss/boss74	96	96	23	27	49	46
Gameplay	characters/badelineBoss/boss75	96	96	22	26	52	48
Gameplay	characters/badelineBoss/boss76	96	96	21	26	54	49
Gameplay	characters/badelineBoss/boss77	96	96	21	26	55	50
Gameplay	characters/badelineBoss/boss78	96	96	30	34	38	30
Gameplay	characters/badelineBoss/boss79	96	96	29	35	38	30
Gameplay	characters/badelineBoss/boss80	96	96	34	34	28	29
Gameplay	characters/badelineBoss/boss81	96	96	31	35	34	28
Gameplay	characters/badelineBoss/boss82	96	96	30	33	36	30
Gameplay	characters/badelineBoss/boss83	96	96	29	33	38	30
Gameplay	characters/badelineBoss/boss84	96	96	38	34	22	29
Gameplay	characters/badelineBoss/boss85	96	96	37	35	24	28
Gameplay	characters/badelineBoss/boss86	96	96	39	33	20	30
Gameplay	characters/badelineBoss/boss87	96	96	39	33	20	30
Gameplay	characters/badelineBoss/boss88	96	96	39	33	21	30
Gameplay	characters/badelineBoss/boss89	96	96	38	34	22	29
Gameplay	characters/badelineBoss/boss90	96	96	39	35	20	28
Gameplay	characters/badelineBoss/boss91	96	96	39	33	20	30
Gameplay	characters/badelineBoss/boss92	96	96	39	33	21	30
Gameplay	characters/badelineBoss/boss93	96	96	38	34	22	29
Gameplay	characters/badelineBoss/boss94	96	96	39	35	20	28
Gameplay	characters/badelineBoss/boss95	96	96	39	33	20	30
Gameplay	characters/badelineBoss/boss96	96	96	39	33	21	30
Gameplay	characters/badelineBoss/boss97	96	96	38	34	22	29
Gameplay	characters/badelineBoss/boss98	96	96	39	35	20	28
Gameplay	characters/badelineBoss/boss99	96	96	39	33	20	30
Gameplay	characters/badelineBoss/calm_white	96	96	40	49	15	13
Gameplay	characters/badelineBoss/charge00	96	96	29	35	38	30
Gameplay	characters/badelineBoss/charge01	96	96	30	33	38	31
Gameplay	characters/badelineBoss/charge02	96	96	30	32	38	32
Gameplay	characters/badelineBoss/charge03	96	96	28	31	40	32
Gameplay	characters/badelineBoss/charge04	96	96	29	31	39	32
Gameplay	characters/badelineBoss/charge05	96	96	29	32	39	31
Gameplay	characters/badelineBoss/charge06	96	96	30	33	38	30
Gameplay	characters/badelineBoss/charge07	96	96	30	32	38	31
Gameplay	characters/badelineBoss/charge08	96	96	30	30	38	32
Gameplay	characters/badelineBoss/charge09	96	96	28	30	40	32
Gameplay	characters/badelineBoss/charge10	96	96	29	30	39	32
Gameplay	characters/badelineBoss/charge11	96	96	29	31	39	31
Gameplay	characters/badelineBoss/charge12	96	96	30	32	38	30
Gameplay	characters/badelineBoss/charge13	96	96	30	31	38	31
Gameplay	characters/badelineBoss/charge14	96	96	29	30	39	32
Gameplay	characters/badelineBoss/charge15	96	96	29	31	39	31
Gameplay	characters/badelineBoss/charge16	96	96	30	32	38	30
Gameplay	characters/badelineBoss/charge17	96	96	30	31	38	31
Gameplay	characters/badelineBoss/charge18	96	96	30	32	38	31
Gameplay	characters/badelineBoss/charge19	96	96	30	30	38	32
Gameplay	characters/badelineBoss/charge20	96	96	28	30	40	32
Gameplay	characters/badelineBoss/charge21	96	96	29	30	39	32
Gameplay	characters/badelineBoss/charge22	96	96	29	31	39	31
Gameplay	characters/badelineBoss/charge23	96	96	30	32	38	30
Gameplay	characters/badelineBoss/charge24	96	96	30	31	38	31
Gameplay	characters/badelineBoss/charge25	96	96	29	30	39	32
Gameplay	characters/badelineBoss/charge26	96	96	29	31	39	31
Gameplay	characters/badelineBoss/charge27	96	96	30	32	38	30
Gameplay	characters/badelineBoss/charge28	96	96	30	31	38	31
Gameplay	characters/badelineBoss/charge29	96	96	30	31	38	31
Gameplay	characters/badelineBoss/charge30	96	96	30	29	38	33
Gameplay	characters/badelineBoss/charge31	96	96	28	30	40	38
Gameplay	characters/badelineBoss/charge32	96	96	29	30	39	41
Gameplay	characters/badelineBoss/charge33	96	96	21	24	47	38
Gameplay	characters/badelineBoss/charge34	96	96	30	24	38	45
Gameplay	characters/badelineBoss/charge35	96	96	22	26	46	36
Gameplay	characters/badelineBoss/charge36	96	96	29	28	39	35
Gameplay	characters/badelineBoss/charge37	96	96	29	31	39	31
Gameplay	characters/badelineBoss/charge38	96	96	30	32	38	30
Gameplay	characters/badelineBoss/charge39	96	96	30	31	38	31
Gameplay	characters/badelineBoss/charge40	96	96	21	20	43	43
Gameplay	characters/badelineBoss/charge41	96	96	21	18	45	44
Gameplay	characters/badelineBoss/charge42	96	96	30	29	39	34
Gameplay	characters/badelineBoss/charge43	96	96	21	19	47	45
Gameplay	characters/badelineBoss/charge44	96	96	29	20	38	44
Gameplay	characters/badelineBoss/charge45	96	96	22	33	46	32
Gameplay	characters/badelineBoss/hit00	96	96	29	35	38	30
Gameplay	characters/badelineBoss/hit01	96	96	30	36	36	28
Gameplay	characters/badelineBoss/hit02	96	96	27	35	38	31
Gameplay	characters/badelineBoss/hit03	96	96	25	28	45	45
Gameplay	characters/badelineBoss/hit04	96	96	23	27	49	46
Gameplay	characters/badelineBoss/hit05	96	96	22	26	52	48
Gameplay	characters/badelineBoss/hit06	96	96	21	26	54	49
Gameplay	characters/badelineBoss/hit07	96	96	21	26	55	50
Gameplay	characters/badelineBoss/hit08	96	96	32	35	32	29
Gameplay	characters/badelineBoss/hit09	96	96	37	40	22	21
Gameplay	characters/badelineBoss/hit10	96	96	39	44	18	18
Gameplay	characters/badelineBoss/hit11	96	96	40	45	16	16
Gameplay	characters/badelineBoss/hit12	96	96	39	44	18	18
Gameplay	characters/badelineBoss/hit13	96	96	39	44	18	18
Gameplay	characters/badelineBoss/hit14	96	96	40	45	16	16
Gameplay	characters/badelineBoss/hit15	96	96	39	44	18	18
Gameplay	characters/badelineBoss/hit16	96	96	32	29	39	39
Gameplay	characters/badelineBoss/hit17	96	96	31	28	42	41
Gameplay	characters/badelineBoss/hit18	96	96	30	28	44	40
Gameplay	characters/badelineBoss/hit19	96	96	29	28	45	40
Gameplay	characters/badelineBoss/projectile00	48	48	21	21	6	6
Gameplay	characters/badelineBoss/projectile01	48	48	20	21	8	6
Gameplay	characters/badelineBoss/projectile02	48	48	23	19	2	10
Gameplay	characters/badelineBoss/projectile03	48	48	23	18	2	12
Gameplay	characters/badelineBoss/projectile04	48	48	16	20	13	9
Gameplay	characters/badelineBoss/projectile05	48	48	16	19	13	10
Gameplay	characters/badelineBoss/projectile06	48	48	18	16	11	12
Gameplay	characters/badelineBoss/projectile07	48	48	20	16	10	12
Gameplay	characters/badelineBoss/projectile08	48	48	19	19	14	10
Gameplay	characters/badelineBoss/projectile09	48	48	19	20	14	8
Gameplay	characters/badelineBoss/projectile10	48	48	20	20	10	12
Gameplay	characters/badelineBoss/projectile11	48	48	20	20	8	12
Gameplay	characters/badelineBoss/projectile12	48	48	18	21	10	10
Gameplay	characters/badelineBoss/scared00	96	96	34	34	28	29
Gameplay	characters/badelineBoss/scared01	96	96	31	35	34	28
Gameplay	characters/badelineBoss/scared02	96	96	30	33	36	30
Gameplay	characters/badelineBoss/scared03	96	96	29	33	38	30
Gameplay	characters/badelineBoss/scared04	96	96	38	34	22	29
Gameplay	characters/badelineBoss/scared05	96	96	37	35	24	28
Gameplay	characters/badelineBoss/scared06	96	96	39	33	20	30
Gameplay	characters/badelineBoss/scared07	96	96	39	33	21	30
Gameplay	characters/badelineBoss/scared08	96	96	38	34	22	29
Gameplay	characters/badelineBoss/scared09	96	96	39	35	20	28
Gameplay	characters/badelineBoss/scared10	96	96	39	33	20	30
Gameplay	characters/badelineBoss/scared11	96	96	39	33	21	30
Gameplay	characters/badelineBoss/scared12	96	96	38	34	22	29
Gameplay	characters/badelineBoss/scared13	96	96	39	35	20	28
Gameplay	characters/badelineBoss/scared14	96	96	39	33	20	30
Gameplay	characters/badelineBoss/scared15	96	96	39	33	21	30
Gameplay	characters/badelineBoss/scared16	96	96	38	34	22	29
Gameplay	characters/badelineBoss/scared17	96	96	39	35	20	28
Gameplay	characters/badelineBoss/scared18	96	96	39	33	20	30
Gameplay	characters/badelineBoss/scared19	96	96	37	33	23	30
Gameplay	characters/badelineBoss/scared20	96	96	40	33	19	29
Gameplay	characters/badelineBoss/scared21	96	96	39	34	20	28
Gameplay	characters/badelineBoss/scared22	96	96	39	39	20	23
Gameplay	characters/badelineBoss/scared23	96	96	35	44	24	18
Gameplay	characters/badelineBoss/scared24	96	96	36	47	23	15
Gameplay	characters/badelineBoss/scared25	96	96	37	49	20	13
Gameplay	characters/badelineBoss/scared26	96	96	38	49	19	13
Gameplay	characters/badelineBoss/scared27	96	96	40	49	16	13
Gameplay	characters/badelineBoss/scared28	96	96	40	49	16	13
Gameplay	characters/badelineBoss/scared29	96	96	40	49	15	13
Gameplay	characters/badelineBoss/scared30	96	96	40	49	15	13
Gameplay	characters/badelineBoss/scared31	96	96	40	49	15	13
Gameplay	characters/badelineBoss/scared32	96	96	40	49	15	13
Gameplay	characters/badelineBoss/scared33	96	96	40	49	15	13
Gameplay	characters/badelineBoss/scared34	96	96	40	49	15	13
Gameplay	characters/badelineBoss/scared35	96	96	40	49	15	13
Gameplay	characters/badelineBoss/scared36	96	96	40	49	15	13
Gameplay	characters/bird/FlyUp01	32	24	8	4	16	17
Gameplay	characters/bird/FlyUp02	32	24	12	4	8	17
Gameplay	characters/bird/FlyUp03	32	24	11	3	9	17
Gameplay	characters/bird/FlyUp04	32	24	10	3	12	17
Gameplay	characters/bird/FlyUp05	32	24	10	3	12	17
Gameplay	characters/bird/FlyUp06	32	24	12	4	9	17
Gameplay	characters/bird/FlyUp07	32	24	12	4	8	17
Gameplay	characters/bird/FlyUp08	32	24	10	4	12	17
Gameplay	characters/bird/FlyUp09	32	24	7	5	18	17
Gameplay	characters/bird/FlyUp10	32	24	4	6	24	17
Gameplay	characters/bird/FlyUp11	32	24	4	6	24	17
Gameplay	characters/bird/FlyUp12	32	24	4	6	24	17
Gameplay	characters/bird/FlyUp13	32	24	4	6	24	17
Gameplay	characters/bird/FlyUp14	32	24	4	6	24	17
Gameplay	characters/bird/FlyUp15	32	24	4	6	24	17
Gameplay	characters/bird/Hold00	32	32	8	11	15	13
Gameplay	characters/bird/Hold01	32	32	10	10	11	13
Gameplay	characters/bird/Hold02	32	32	7	11	17	12
Gameplay	characters/bird/Hold03	32	32	3	11	25	13
Gameplay	characters/bird/Hold04	32	32	3	10	25	14
Gameplay	characters/bird/Hold05	32	32	4	9	23	15
Gameplay	characters/bird/Hover02	32	24	9	8	13	12
Gameplay	characters/bird/Hover03	32	24	6	9	19	10
Gameplay	characters/bird/Hover04	32	24	6	10	18	11
Gameplay	characters/bird/Hover05	32	24	9	9	15	14
Gameplay	characters/bird/HoverStressed00	32	24	7	6	17	15
Gameplay	characters/bird/HoverStressed01	32	24	6	6	19	14
Gameplay	characters/bird/HoverStressed02	32	24	6	6	18	15
Gameplay	characters/bird/HoverStressed03	32	24	6	7	19	12
Gameplay	characters/bird/HoverStressed04	32	24	7	9	18	12
Gameplay	characters/bird/HoverStressed05	32	24	8	7	18	16
Gameplay	characters/bird/Hurt01	32	24	5	3	18	12
Gameplay	characters/bird/Hurt02	32	24	5	3	18	11
Gameplay	characters/bird/Hurt03	32	24	5	4	20	14
Gameplay	characters/bird/Hurt04	32	24	5	2	20	15
Gameplay	characters/bird/Hurt05	32	24	6	1	19	15
Gameplay	characters/bird/Hurt06	32	24	7	2	19	15
Gameplay	characters/bird/Hurt07	32	24	8	5	18	17
Gameplay	characters/bird/Hurt08	32	24	10	5	13	18
Gameplay	characters/bird/Hurt09	32	24	12	7	12	17
Gameplay	characters/bird/Hurt10	32	24	9	11	15	13
Gameplay	characters/bird/Hurt11	32	24	6	14	16	10
Gameplay	characters/bird/Hurt12	32	24	4	12	17	12
Gameplay	characters/bird/Hurt13	32	24	3	10	19	14
Gameplay	characters/bird/Hurt14	32	24	4	13	21	11
Gameplay	characters/bird/Hurt15	32	24	4	15	26	9
Gameplay	characters/bird/Hurt16	32	24	4	16	28	8
Gameplay	characters/bird/Hurt17	32	24	8	18	24	6
Gameplay	characters/bird/Hurt18	32	24	9	18	23	6
Gameplay	characters/bird/Hurt19	32	24	10	19	22	5
Gameplay	characters/bird/Hurt20	32	24	10	19	22	5
Gameplay	characters/bird/Hurt21	32	24	10	19	22	5
Gameplay	characters/bird/Recover00	32	24	10	19	22	5
Gameplay	characters/bird/Recover01	32	24	11	18	19	6
Gameplay	characters/bird/Recover02	32	24	12	17	17	7
Gameplay	characters/bird/Recover03	32	24	14	13	12	11
Gameplay	characters/bird/Recover04	32	24	13	13	15	11
Gameplay	characters/bird/Recover05	32	24	12	13	16	11
Gameplay	characters/bird/Recover06	32	24	13	12	15	12
Gameplay	characters/bird/Recover07	32	24	13	12	15	12
Gameplay	characters/bird/Throw00	32	24	10	9	13	12
Gameplay	characters/bird/Throw01	32	24	10	11	13	11
Gameplay	characters/bird/Throw02	32	24	9	11	13	11
Gameplay	characters/bird/Throw03	32	24	9	12	13	11
Gameplay	characters/bird/Throw04	32	24	7	4	20	20
Gameplay	characters/bird/Throw05	32	24	6	4	21	20
Gameplay	characters/bird/Throw06	32	24	9	9	18	14
Gameplay	characters/bird/crow00	32	24	8	11	15	13
Gameplay	characters/bird/crow01	32	24	8	11	15	13
Gameplay	characters/bird/crow02	32	24	8	11	15	13
Gameplay	characters/bird/crow03	32	24	8	11	15	13
Gameplay	characters/bird/crow04	32	24	8	11	15	13
Gameplay	characters/bird/crow05	32	24	8	11	15	13
Gameplay	characters/bird/crow06	32	24	8	11	15	13
Gameplay	characters/bird/crow07	32	24	8	11	13	13
Gameplay	characters/bird/crow08	32	24	8	11	13	13
Gameplay	characters/bird/crow09	32	24	8	12	17	12
Gameplay	characters/bird/crow10	32	24	7	12	19	12
Gameplay	characters/bird/crow11	32	24	8	12	19	12
Gameplay	characters/bird/crow12	32	24	8	12	17	12
Gameplay	characters/bird/crow13	32	24	8	11	15	13
Gameplay	characters/bird/crow14	32	24	8	11	15	13
Gameplay	characters/bird/crow15	32	24	8	11	15	13
Gameplay	characters/bird/crow16	32	24	8	11	15	13
Gameplay	characters/bird/crow17	32	24	8	11	15	13
Gameplay	characters/bird/crow18	32	24	8	11	15	13
Gameplay	characters/bird/crow19	32	24	8	11	14	13
Gameplay	characters/bird/crow20	32	24	9	13	17	11
Gameplay	characters/bird/crow21	32	24	8	15	18	9
Gameplay	characters/bird/crow22	32	24	8	11	16	13
Gameplay	characters/bird/crow23	32	24	9	13	17	11
Gameplay	characters/bird/crow24	32	24	8	15	18	9
Gameplay	characters/bird/crow25	32	24	8	12	17	12
Gameplay	characters/bird/crow26	32	24	8	11	15	13
Gameplay	characters/bird/crow27	32	24	8	11	15	13
Gameplay	characters/bird/crow28	32	24	8	12	15	12
Gameplay	characters/bird/crow29	32	24	8	13	15	11
Gameplay	characters/bird/crow30	32	24	6	3	19	16
Gameplay	characters/bird/crow31	32	24	7	2	16	15
Gameplay	characters/bird/crow32	32	24	6	4	16	13
Gameplay	characters/bird/crow33	32	24	5	7	16	13
Gameplay	characters/bird/crow34	32	24	5	8	16	13
Gameplay	characters/bird/crow35	32	24	4	9	16	13
Gameplay	characters/bird/crow36	32	24	4	10	15	14
Gameplay	characters/bird/crow37	32	24	4	11	15	13
Gameplay	characters/bird/crow38	32	24	4	12	15	12
Gameplay	characters/bird/crow39	32	24	6	9	15	15
Gameplay	characters/bird/crow40	32	24	8	12	15	12
Gameplay	characters/bird/crow41	32	24	8	11	15	13
Gameplay	characters/bird/crow42	32	24	8	9	16	13
Gameplay	characters/bird/crow43	32	24	8	9	16	13
Gameplay	characters/bird/crow44	32	24	8	9	16	13
Gameplay	characters/bird/crow45	32	24	8	11	15	13
Gameplay	characters/bird/crow46	32	24	8	12	15	12
Gameplay	characters/bird/crow47	32	24	8	12	15	12
Gameplay	characters/bird/crow48	32	24	8	13	15	11
Gameplay	characters/bird/dash00	32	24	7	11	17	10
Gameplay	characters/bird/fly00	32	24	7	11	17	13
Gameplay	characters/bird/fly01	32	24	7	11	17	10
Gameplay	characters/bird/fly02	32	24	7	6	17	14
Gameplay	characters/bird/fly03	32	24	7	3	17	16
Gameplay	characters/bird/flyup00	32	24	4	6	24	17
Gameplay	characters/bird/hover00	32	24	7	10	16	12
Gameplay	characters/bird/hover01	32	24	9	9	14	12
Gameplay	characters/bird/hurt00	32	24	7	3	17	12
Gameplay	characters/monsters/Shockwave00	96	96	0	0	96	96
Gameplay	characters/monsters/Shockwave01	96	96	0	0	96	96
Gameplay	characters/monsters/Shockwave02	96	96	0	0	96	96
Gameplay	characters/monsters/Shockwave03	96	96	0	0	96	96
Gameplay	characters/monsters/Shockwave04	96	96	21	22	54	53
Gameplay	characters/monsters/Shockwave05	96	96	18	17	61	61
Gameplay	characters/monsters/Shockwave06	96	96	16	15	65	64
Gameplay	characters/monsters/Shockwave07	96	96	15	15	67	65
Gameplay	characters/monsters/Shockwave08	96	96	15	14	68	66
Gameplay	characters/monsters/Shockwave09	96	96	15	13	69	68
Gameplay	characters/monsters/Shockwave10	96	96	15	14	70	67
Gameplay	characters/monsters/Shockwave11	96	96	15	13	66	68
Gameplay	characters/monsters/Shockwave12	96	96	16	13	65	69
Gameplay	characters/monsters/Shockwave13	96	96	16	12	65	70
Gameplay	characters/monsters/Shockwave14	96	96	18	14	60	67
Gameplay	characters/monsters/Shockwave15	96	96	32	14	40	67
Gameplay	characters/monsters/Shockwave16	96	96	49	31	10	25
Gameplay	characters/monsters/Shockwave17	96	96	0	0	96	96
Gameplay	characters/monsters/Shockwave18	96	96	0	0	96	96
Gameplay	characters/monsters/predator00	96	96	31	37	26	25
Gameplay	characters/monsters/predator01	96	96	32	36	25	28
Gameplay	characters/monsters/predator02	96	96	32	35	25	28
Gameplay	characters/monsters/predator03	96	96	32	35	25	27
Gameplay	characters/monsters/predator04	96	96	31	36	26	26
Gameplay	characters/monsters/predator05	96	96	31	37	26	25
Gameplay	characters/monsters/predator06	96	96	32	36	25	26
Gameplay	characters/monsters/predator07	96	96	32	35	25	27
Gameplay	characters/monsters/predator08	96	96	31	34	26	28
Gameplay	characters/monsters/predator09	96	96	31	35	26	27
Gameplay	characters/monsters/predator10	96	96	31	36	26	27
Gameplay	characters/monsters/predator100	96	96	32	35	25	27
Gameplay	characters/monsters/predator101	96	96	31	36	26	26
Gameplay	characters/monsters/predator102	96	96	31	36	26	26
Gameplay	characters/monsters/predator103	96	96	32	35	25	28
Gameplay	characters/monsters/predator104	96	96	31	34	25	29
Gameplay	characters/monsters/predator105	96	96	29	34	26	29
Gameplay	characters/monsters/predator106	96	96	29	35	26	28
Gameplay	characters/monsters/predator107	96	96	29	34	26	29
Gameplay	characters/monsters/predator108	96	96	30	31	36	31
Gameplay	characters/monsters/predator109	96	96	32	29	36	33
Gameplay	characters/monsters/predator11	96	96	32	36	25	28
Gameplay	characters/monsters/predator110	96	96	32	28	36	34
Gameplay	characters/monsters/predator111	96	96	32	36	25	26
Gameplay	characters/monsters/predator112	96	96	33	38	24	22
Gameplay	characters/monsters/predator113	96	96	33	31	24	34
Gameplay	characters/monsters/predator114	96	96	31	30	33	36
Gameplay	characters/monsters/predator115	96	96	37	29	20	38
Gameplay	characters/monsters/predator116	96	96	37	39	20	19
Gameplay	characters/monsters/predator117	96	96	37	37	22	21
Gameplay	characters/monsters/predator118	96	96	39	37	18	20
Gameplay	characters/monsters/predator119	96	96	39	36	18	21
Gameplay	characters/monsters/predator12	96	96	32	35	25	28
Gameplay	characters/monsters/predator120	96	96	39	41	18	11
Gameplay	characters/monsters/predator121	96	96	39	41	18	11
Gameplay	characters/monsters/predator122	96	96	39	41	18	11
Gameplay	characters/monsters/predator123	96	96	39	41	18	11
Gameplay	characters/monsters/predator124	96	96	35	37	27	20
Gameplay	characters/monsters/predator125	96	96	31	33	37	26
Gameplay	characters/monsters/predator126	96	96	29	32	39	31
Gameplay	characters/monsters/predator127	96	96	30	32	38	29
Gameplay	characters/monsters/predator128	96	96	31	36	26	26
Gameplay	characters/monsters/predator129	96	96	34	37	38	25
Gameplay	characters/monsters/predator13	96	96	32	35	25	27
Gameplay	characters/monsters/predator130	96	96	34	36	39	27
Gameplay	characters/monsters/predator131	96	96	34	35	38	27
Gameplay	characters/monsters/predator132	96	96	38	36	32	25
Gameplay	characters/monsters/predator133	96	96	38	37	31	25
Gameplay	characters/monsters/predator134	96	96	34	33	24	32
Gameplay	characters/monsters/predator135	96	96	30	32	28	30
Gameplay	characters/monsters/predator136	96	96	31	32	26	30
Gameplay	characters/monsters/predator137	96	96	31	33	26	30
Gameplay	characters/monsters/predator138	96	96	33	34	24	29
Gameplay	characters/monsters/predator139	96	96	32	36	25	26
Gameplay	characters/monsters/predator14	96	96	31	36	26	26
Gameplay	characters/monsters/predator140	96	96	30	36	27	26
Gameplay	characters/monsters/predator141	96	96	31	36	26	26
Gameplay	characters/monsters/predator142	96	96	31	36	26	26
Gameplay	characters/monsters/predator143	96	96	31	36	26	26
Gameplay	characters/monsters/predator144	96	96	37	37	22	22
Gameplay	characters/monsters/predator145	96	96	29	27	38	40
Gameplay	characters/monsters/predator146	96	96	27	26	42	41
Gameplay	characters/monsters/predator147	96	96	28	26	40	40
Gameplay	characters/monsters/predator148	96	96	28	30	40	35
Gameplay	characters/monsters/predator149	96	96	39	41	18	11
Gameplay	characters/monsters/predator15	96	96	31	37	26	25
Gameplay	characters/monsters/predator150	96	96	39	41	18	11
Gameplay	characters/monsters/predator151	96	96	39	41	18	11
Gameplay	characters/monsters/predator16	96	96	32	36	25	27
Gameplay	characters/monsters/predator17	96	96	32	35	25	27
Gameplay	characters/monsters/predator18	96	96	31	36	26	26
Gameplay	characters/monsters/predator19	96	96	31	36	26	26
Gameplay	characters/monsters/predator20	96	96	31	37	26	25
Gameplay	characters/monsters/predator21	96	96	32	36	25	28
Gameplay	characters/monsters/predator22	96	96	32	35	25	28
Gameplay	characters/monsters/predator23	96	96	32	35	25	27
Gameplay	characters/monsters/predator24	96	96	31	36	26	26
Gameplay	characters/monsters/predator25	96	96	31	37	26	25
Gameplay	characters/monsters/predator26	96	96	32	36	25	26
Gameplay	characters/monsters/predator27	96	96	32	35	25	27
Gameplay	characters/monsters/predator28	96	96	31	34	26	28
Gameplay	characters/monsters/predator29	96	96	31	35	26	27
Gameplay	characters/monsters/predator30	96	96	31	36	26	27
Gameplay	characters/monsters/predator31	96	96	32	36	25	28
Gameplay	characters/monsters/predator32	96	96	32	35	25	28
Gameplay	characters/monsters/predator33	96	96	32	35	25	27
Gameplay	characters/monsters/predator34	96	96	31	36	26	26
Gameplay	characters/monsters/predator35	96	96	31	37	26	25
Gameplay	characters/monsters/predator36	96	96	32	36	25	27
Gameplay	characters/monsters/predator37	96	96	32	35	25	27
Gameplay	characters/monsters/predator38	96	96	31	36	26	26
Gameplay	characters/monsters/predator39	96	96	31	36	26	26
Gameplay	characters/monsters/predator40	96	96	32	37	25	26
Gameplay	characters/monsters/predator41	96	96	33	38	24	24
Gameplay	characters/monsters/predator42	96	96	32	37	25	26
Gameplay	characters/monsters/predator43	96	96	32	37	25	26
Gameplay	characters/monsters/predator44	96	96	31	37	26	25
Gameplay	characters/monsters/predator45	96	96	32	36	25	28
Gameplay	characters/monsters/predator46	96	96	32	35	25	28
Gameplay	characters/monsters/predator47	96	96	32	35	25	28
Gameplay	characters/monsters/predator48	96	96	31	36	26	27
Gameplay	characters/monsters/predator49	96	96	28	34	28	28
Gameplay	characters/monsters/predator50	96	96	28	35	28	27
Gameplay	characters/monsters/predator51	96	96	28	35	28	27
Gameplay	characters/monsters/predator52	96	96	32	34	25	28
Gameplay	characters/monsters/predator53	96	96	29	34	28	27
Gameplay	characters/monsters/predator54	96	96	38	27	19	35
Gameplay	characters/monsters/predator55	96	96	38	27	19	35
Gameplay	characters/monsters/predator56	96	96	38	27	19	35
Gameplay	characters/monsters/predator57	96	96	38	27	19	35
Gameplay	characters/monsters/predator58	96	96	38	28	19	34
Gameplay	characters/monsters/predator59	96	96	38	27	19	35
Gameplay	characters/monsters/predator60	96	96	38	27	19	35
Gameplay	characters/monsters/predator61	96	96	31	37	26	25
Gameplay	characters/monsters/predator62	96	96	32	37	25	25
Gameplay	characters/monsters/predator63	96	96	33	37	24	26
Gameplay	characters/monsters/predator64	96	96	34	37	24	25
Gameplay	characters/monsters/predator65	96	96	37	37	23	25
Gameplay	characters/monsters/predator66	96	96	38	37	24	25
Gameplay	characters/monsters/predator67	96	96	38	37	26	25
Gameplay	characters/monsters/predator68	96	96	31	37	26	25
Gameplay	characters/monsters/predator69	96	96	32	37	25	25
Gameplay	characters/monsters/predator70	96	96	33	37	24	26
Gameplay	characters/monsters/predator71	96	96	34	37	24	25
Gameplay	characters/monsters/predator72	96	96	37	37	22	25
Gameplay	characters/monsters/predator73	96	96	38	37	24	26
Gameplay	characters/monsters/predator74	96	96	38	37	26	25
Gameplay	characters/monsters/predator75	96	96	31	30	31	42
Gameplay	characters/monsters/predator76	96	96	30	30	32	42
Gameplay	characters/monsters/predator77	96	96	31	30	31	42
Gameplay	characters/monsters/predator78	96	96	31	30	32	42
Gameplay	characters/monsters/predator79	96	96	31	30	32	42
Gameplay	characters/monsters/predator80	96	96	31	30	32	42
Gameplay	characters/monsters/predator81	96	96	30	30	32	42
Gameplay	characters/monsters/predator82	96	96	28	30	35	42
Gameplay	characters/monsters/predator83	96	96	26	30	50	42
Gameplay	characters/monsters/predator84	96	96	25	26	53	46
Gameplay	characters/monsters/predator85	96	96	25	24	54	48
Gameplay	characters/monsters/predator86	96	96	27	24	52	48
Gameplay	characters/monsters/predator87	96	96	25	24	37	48
Gameplay	characters/monsters/predator88	96	96	24	24	38	52
Gameplay	characters/monsters/predator89	96	96	24	25	39	58
Gameplay	characters/monsters/predator90	96	96	26	25	37	50
Gameplay	characters/monsters/predator91	96	96	25	25	43	52
Gameplay	characters/monsters/predator92	96	96	23	30	48	50
Gameplay	characters/monsters/predator93	96	96	21	29	53	53
Gameplay	characters/monsters/predator94	96	96	20	29	55	49
Gameplay	characters/monsters/predator95	96	96	20	30	56	41
Gameplay	characters/monsters/predator96	96	96	19	32	58	33
Gameplay	characters/monsters/predator97	96	96	19	32	58	33
Gameplay	characters/monsters/predator98	96	96	31	34	26	25
Gameplay	characters/monsters/predator99	96	96	32	37	25	27
Gameplay	characters/monsters/rebirth00	96	96	39	41	18	11
Gameplay	characters/monsters/rebirth01	96	96	39	29	23	34
Gameplay	characters/monsters/rebirth02	96	96	25	27	44	35
Gameplay	characters/monsters/rebirth03	96	96	25	27	44	30
Gameplay	characters/monsters/rebirth04	96	96	31	34	28	25
Gameplay	characters/monsters/rebirth05	96	96	29	34	31	29
Gameplay	characters/monsters/rebirth06	96	96	30	30	28	31
Gameplay	characters/monsters/rebirth07	96	96	31	37	25	25
Gameplay	characters/monsters/rebirth08	96	96	31	36	26	26
Gameplay	characters/monsters/rebirth09	96	96	32	36	26	26
Gameplay	characters/monsters/rebirth10	96	96	32	36	26	26
Gameplay	characters/oldlady/ha00	11	7	0	0	11	7
Gameplay	characters/oldlady/ha01	11	7	0	0	11	7
Gameplay	characters/oldlady/ha02	11	7	0	0	11	7
Gameplay	characters/oldlady/ha03	11	7	0	0	11	6
Gameplay	characters/oldlady/ha04	11	7	0	0	11	5
Gameplay	characters/oldlady/ha05	11	7	0	0	11	4
Gameplay	characters/oldlady/ha06	11	7	0	2	11	3
Gameplay	characters/oldlady/ha07	11	7	2	2	7	3
Gameplay	characters/oldlady/ha08	11	7	3	3	5	1
Gameplay	characters/oldlady/ha09	11	7	0	0	11	7
Gameplay	characters/oldlady/idle00	32	32	9	16	14	16
Gameplay	characters/oldlady/idle01	32	32	9	16	14	16
Gameplay	characters/oldlady/idle02	32	32	9	16	14	16
Gameplay	characters/oldlady/idle03	32	32	9	15	14	17
Gameplay	characters/oldlady/idle04	32	32	9	15	14	17
Gameplay	characters/oldlady/idle05	32	32	9	16	14	16
Gameplay	characters/oldlady/idle06	32	32	9	16	14	16
Gameplay	characters/oldlady/idle07	32	32	9	16	14	16
Gameplay	characters/oldlady/idle08	32	32	9	16	14	16
Gameplay	characters/oldlady/idle09	32	32	9	15	14	17
Gameplay	characters/oldlady/idle10	32	32	9	15	15	17
Gameplay	characters/oldlady/idle11	32	32	9	16	15	16
Gameplay	characters/oldlady/laugh00	32	32	9	16	14	16
Gameplay	characters/oldlady/laugh01	32	32	9	16	14	16
Gameplay	characters/oldlady/laugh02	32	32	9	17	14	15
Gameplay	characters/oldlady/laugh03	32	32	9	16	14	16
Gameplay	characters/oldlady/quotes00	32	32	9	16	14	16
Gameplay	characters/oldlady/quotes01	32	32	9	16	14	16
Gameplay	characters/oldlady/quotes02	32	32	9	16	14	16
Gameplay	characters/oldlady/quotes03	32	32	9	16	14	16
Gameplay	characters/oldlady/quotes04	32	32	9	16	14	16
Gameplay	characters/oldlady/quotes05	32	32	9	16	14	16
Gameplay	characters/oldlady/quotes06	32	32	9	16	14	16
Gameplay	characters/oldlady/quotes07	32	32	9	16	14	16
Gameplay	characters/oldlady/quotes08	32	32	9	16	14	16
Gameplay	characters/oldlady/quotes09	32	32	9	16	14	16
Gameplay	characters/oldlady/quotes10	32	32	9	16	14	16
Gameplay	characters/oldlady/quotes11	32	32	9	16	14	16
Gameplay	characters/oldlady/quotes12	32	32	9	17	14	15
Gameplay	characters/oldlady/quotes13	32	32	9	16	18	16
Gameplay	characters/oldlady/quotes14	32	32	10	16	18	16
Gameplay	characters/oldlady/quotes15	32	32	10	16	18	16
Gameplay	characters/oldlady/quotes16	32	32	9	16	18	16
Gameplay	characters/oldlady/quotes17	32	32	9	16	18	16
Gameplay	characters/oldlady/quotes18	32	32	10	16	19	16
Gameplay	characters/oldlady/quotes19	32	32	10	16	18	16
Gameplay	characters/oldlady/quotes20	32	32	9	16	19	16
Gameplay	characters/oldlady/quotes21	32	32	9	16	18	16
Gameplay	characters/oldlady/quotes22	32	32	10	16	19	16
Gameplay	characters/oldlady/quotes23	32	32	10	16	19	16
Gameplay	characters/oldlady/quotes24	32	32	9	16	18	16
Gameplay	characters/oldlady/quotes25	32	32	9	16	18	16
Gameplay	characters/oldlady/quotes26	32	32	10	16	18	16
Gameplay	characters/oldlady/quotes27	32	32	10	16	18	16
Gameplay	characters/oldlady/quotes28	32	32	9	16	19	16
Gameplay	characters/oldlady/walk00	32	32	9	15	14	17
Gameplay	characters/oldlady/walk01	32	32	8	16	16	16
Gameplay	characters/oldlady/walk02	32	32	9	15	14	17
Gameplay	characters/oldlady/walk03	32	32	9	14	13	18
Gameplay	characters/oldlady/walk04	32	32	9	15	12	17
Gameplay	characters/oldlady/walk05	32	32	9	16	12	16
Gameplay	characters/oldlady/walk06	32	32	9	15	13	17
Gameplay	characters/oldlady/walk07	32	32	9	14	13	18
Gameplay	characters/oshiro/boss00	96	96	41	67	4	4
Gameplay	characters/oshiro/boss01	96	96	38	53	16	18
Gameplay	characters/oshiro/boss02	96	96	39	52	16	14
Gameplay	characters/oshiro/boss03	96	96	38	52	17	15
Gameplay	characters/oshiro/boss04	96	96	29	42	26	29
Gameplay	characters/oshiro/boss05	96	96	38	36	38	35
Gameplay	characters/oshiro/boss06	96	96	30	40	30	31
Gameplay	characters/oshiro/boss07	96	96	37	35	39	35
Gameplay	characters/oshiro/boss08	96	96	29	30	42	42
Gameplay	characters/oshiro/boss09	96	96	27	27	43	46
Gameplay	characters/oshiro/boss10	96	96	28	28	38	46
Gameplay	characters/oshiro/boss11	96	96	29	28	35	46
Gameplay	characters/oshiro/boss12	96	96	33	32	31	40
Gameplay	characters/oshiro/boss13	96	96	33	32	31	40
Gameplay	characters/oshiro/boss14	96	96	33	32	31	40
Gameplay	characters/oshiro/boss15	96	96	33	28	30	44
Gameplay	characters/oshiro/boss16	96	96	33	28	30	43
Gameplay	characters/oshiro/boss17	96	96	33	28	30	43
Gameplay	characters/oshiro/boss18	96	96	34	34	32	37
Gameplay	characters/oshiro/boss19	96	96	34	35	32	38
Gameplay	characters/oshiro/boss20	96	96	34	36	32	37
Gameplay	characters/oshiro/boss21	96	96	34	37	32	34
Gameplay	characters/oshiro/boss22	96	96	34	37	32	33
Gameplay	characters/oshiro/boss23	96	96	34	39	30	31
Gameplay	characters/oshiro/boss24	96	96	34	39	30	31
Gameplay	characters/oshiro/boss25	96	96	34	39	30	31
Gameplay	characters/oshiro/boss26	96	96	34	39	30	31
Gameplay	characters/oshiro/boss27	96	96	27	32	45	45
Gameplay	characters/oshiro/boss28	96	96	19	40	68	30
Gameplay	characters/oshiro/boss29	96	96	19	40	68	30
Gameplay	characters/oshiro/boss30	96	96	34	39	30	31
Gameplay	characters/oshiro/boss31	96	96	34	39	30	31
Gameplay	characters/oshiro/boss32	96	96	34	39	30	31
Gameplay	characters/oshiro/boss33	96	96	34	39	30	31
Gameplay	characters/oshiro/boss34	96	96	34	34	31	36
Gameplay	characters/oshiro/boss35	96	96	34	34	31	36
Gameplay	characters/oshiro/boss36	96	96	34	34	31	35
Gameplay	characters/oshiro/boss37	96	96	34	34	31	36
Gameplay	characters/oshiro/boss38	96	96	33	32	31	40
Gameplay	characters/oshiro/boss39	96	96	26	32	38	40
Gameplay	characters/oshiro/boss40	96	96	28	34	34	37
Gameplay	characters/oshiro/boss41	96	96	36	30	25	40
Gameplay	characters/oshiro/boss42	96	96	40	32	19	34
Gameplay	characters/oshiro/boss43	96	96	35	39	23	26
Gameplay	characters/oshiro/boss44	96	96	32	39	29	29
Gameplay	characters/oshiro/boss45	96	96	32	38	30	30
Gameplay	characters/oshiro/boss46	96	96	32	38	30	31
Gameplay	characters/oshiro/boss47	96	96	33	38	29	31
Gameplay	characters/oshiro/boss48	96	96	43	38	19	31
Gameplay	characters/oshiro/boss49	96	96	43	39	11	20
Gameplay	characters/oshiro/boss50	96	96	43	39	12	20
Gameplay	characters/oshiro/boss51	96	96	43	40	12	19
Gameplay	characters/oshiro/boss52	96	96	43	40	12	19
Gameplay	characters/oshiro/boss53	96	96	43	40	12	19
Gameplay	characters/oshiro/boss54	96	96	43	40	12	19
Gameplay	characters/oshiro/boss55	96	96	42	40	13	19
Gameplay	characters/oshiro/boss56	96	96	40	40	16	19
Gameplay	characters/oshiro/boss57	96	96	40	40	16	19
Gameplay	characters/oshiro/boss58	96	96	40	40	16	19
Gameplay	characters/oshiro/boss59	96	96	40	40	16	19
Gameplay	characters/oshiro/boss60	96	96	40	40	16	19
Gameplay	characters/oshiro/boss61	96	96	40	40	16	19
Gameplay	characters/oshiro/boss62	96	96	40	40	16	19
Gameplay	characters/oshiro/boss63	96	96	40	40	16	19
Gameplay	characters/oshiro/boss64	96	96	41	40	14	19
Gameplay	characters/oshiro/boss65	96	96	41	40	14	19
Gameplay	characters/oshiro/boss66	96	96	41	40	14	19
Gameplay	characters/oshiro/boss67	96	96	42	40	13	19
Gameplay	characters/oshiro/boss68	96	96	31	36	37	34
Gameplay	characters/oshiro/boss69	96	96	29	34	41	35
Gameplay	characters/oshiro/boss70	96	96	29	32	42	38
Gameplay	characters/oshiro/boss71	96	96	28	30	43	39
Gameplay	characters/oshiro/boss72	96	96	34	36	31	33
Gameplay	characters/oshiro/broom	96	96	53	47	8	14
Gameplay	characters/oshiro/lightning00	320	64	0	20	320	18
Gameplay	characters/oshiro/lightning01	320	64	0	23	318	16
Gameplay	characters/oshiro/lightning02	320	64	29	23	286	16
Gameplay	characters/oshiro/lightning03	320	64	0	17	320	24
Gameplay	characters/oshiro/lightning04	320	64	0	0	320	64
Gameplay	characters/oshiro/lightning05	320	64	3	19	314	23
Gameplay	characters/oshiro/lightning06	320	64	0	0	320	64
Gameplay	characters/oshiro/oshiro00	96	96	0	0	96	96
Gameplay	characters/oshiro/oshiro01	96	96	48	63	2	1
Gameplay	characters/oshiro/oshiro02	96	96	46	60	5	4
Gameplay	characters/oshiro/oshiro03	96	96	43	52	12	12
Gameplay	characters/oshiro/oshiro04	96	96	42	51	15	12
Gameplay	characters/oshiro/oshiro05	96	96	41	50	17	14
Gameplay	characters/oshiro/oshiro06	96	96	40	50	19	14
Gameplay	characters/oshiro/oshiro07	96	96	40	49	16	15
Gameplay	characters/oshiro/oshiro08	96	96	45	48	9	16
Gameplay	characters/oshiro/oshiro09	96	96	42	47	12	17
Gameplay	characters/oshiro/oshiro10	96	96	45	46	11	18
Gameplay	characters/oshiro/oshiro100	96	96	43	40	11	19
Gameplay	characters/oshiro/oshiro101	96	96	43	39	11	20
Gameplay	characters/oshiro/oshiro11	96	96	42	45	15	19
Gameplay	characters/oshiro/oshiro12	96	96	39	43	23	21
Gameplay	characters/oshiro/oshiro13	96	96	38	42	24	22
Gameplay	characters/oshiro/oshiro14	96	96	39	42	22	22
Gameplay	characters/oshiro/oshiro15	96	96	41	42	19	20
Gameplay	characters/oshiro/oshiro16	96	96	40	42	20	19
Gameplay	characters/oshiro/oshiro17	96	96	40	41	17	19
Gameplay	characters/oshiro/oshiro18	96	96	36	39	25	25
Gameplay	characters/oshiro/oshiro19	96	96	35	38	25	25
Gameplay	characters/oshiro/oshiro20	96	96	34	37	26	26
Gameplay	characters/oshiro/oshiro21	96	96	34	36	25	27
Gameplay	characters/oshiro/oshiro22	96	96	34	39	25	24
Gameplay	characters/oshiro/oshiro23	96	96	34	39	25	20
Gameplay	characters/oshiro/oshiro24	96	96	43	39	11	19
Gameplay	characters/oshiro/oshiro25	96	96	43	39	11	19
Gameplay	characters/oshiro/oshiro26	96	96	43	38	11	19
Gameplay	characters/oshiro/oshiro27	96	96	43	38	11	19
Gameplay	characters/oshiro/oshiro28	96	96	43	38	11	19
Gameplay	characters/oshiro/oshiro29	96	96	43	38	11	20
Gameplay	characters/oshiro/oshiro30	96	96	43	39	11	19
Gameplay	characters/oshiro/oshiro31	96	96	43	39	11	20
Gameplay	characters/oshiro/oshiro32	96	96	43	40	11	19
Gameplay	characters/oshiro/oshiro33	96	96	43	40	11	19
Gameplay	characters/oshiro/oshiro34	96	96	43	40	11	19
Gameplay	characters/oshiro/oshiro35	96	96	43	39	11	19
Gameplay	characters/oshiro/oshiro36	96	96	43	39	11	19
Gameplay	characters/oshiro/oshiro37	96	96	43	38	11	19
Gameplay	characters/oshiro/oshiro38	96	96	43	38	11	19
Gameplay	characters/oshiro/oshiro39	96	96	43	38	11	19
Gameplay	characters/oshiro/oshiro40	96	96	43	38	11	20
Gameplay	characters/oshiro/oshiro41	96	96	43	39	11	19
Gameplay	characters/oshiro/oshiro42	96	96	43	39	13	20
Gameplay	characters/oshiro/oshiro43	96	96	43	39	13	20
Gameplay	characters/oshiro/oshiro44	96	96	43	39	13	20
Gameplay	characters/oshiro/oshiro45	96	96	43	39	13	20
Gameplay	characters/oshiro/oshiro46	96	96	43	39	13	19
Gameplay	characters/oshiro/oshiro47	96	96	43	39	13	19
Gameplay	characters/oshiro/oshiro48	96	96	43	38	13	19
Gameplay	characters/oshiro/oshiro49	96	96	43	38	13	19
Gameplay	characters/oshiro/oshiro50	96	96	43	38	13	19
Gameplay	characters/oshiro/oshiro51	96	96	43	38	13	20
Gameplay	characters/oshiro/oshiro52	96	96	43	38	13	20
Gameplay	characters/oshiro/oshiro53	96	96	43	39	11	20
Gameplay	characters/oshiro/oshiro54	96	96	40	27	14	32
Gameplay	characters/oshiro/oshiro55	96	96	40	28	21	36
Gameplay	characters/oshiro/oshiro56	96	96	43	41	15	23
Gameplay	characters/oshiro/oshiro57	96	96	43	42	15	21
Gameplay	characters/oshiro/oshiro58	96	96	42	36	12	21
Gameplay	characters/oshiro/oshiro59	96	96	42	36	11	21
Gameplay	characters/oshiro/oshiro60	96	96	42	35	12	22
Gameplay	characters/oshiro/oshiro61	96	96	42	42	11	15
Gameplay	characters/oshiro/oshiro62	96	96	17	11	65	56
Gameplay	characters/oshiro/oshiro63	96	96	14	7	71	69
Gameplay	characters/oshiro/oshiro64	96	96	11	6	76	71
Gameplay	characters/oshiro/oshiro65	96	96	10	6	78	71
Gameplay	characters/oshiro/oshiro66	96	96	9	6	80	70
Gameplay	characters/oshiro/oshiro67	96	96	9	5	81	72
Gameplay	characters/oshiro/oshiro68	96	96	9	5	81	72
Gameplay	characters/oshiro/oshiro69	96	96	9	5	81	72
Gameplay	characters/oshiro/oshiro70	96	96	9	5	81	72
Gameplay	characters/oshiro/oshiro71	96	96	9	5	71	72
Gameplay	characters/oshiro/oshiro72	96	96	9	8	55	64
Gameplay	characters/oshiro/oshiro73	96	96	43	39	11	20
Gameplay	characters/oshiro/oshiro74	96	96	42	37	11	20
Gameplay	characters/oshiro/oshiro75	96	96	41	36	11	20
Gameplay	characters/oshiro/oshiro76	96	96	40	36	11	19
Gameplay	characters/oshiro/oshiro77	96	96	39	47	15	17
Gameplay	characters/oshiro/oshiro78	96	96	39	52	15	12
Gameplay	characters/oshiro/oshiro79	96	96	39	51	15	13
Gameplay	characters/oshiro/oshiro80	96	96	39	51	15	13
Gameplay	characters/oshiro/oshiro81	96	96	39	51	15	13
Gameplay	characters/oshiro/oshiro82	96	96	39	51	15	13
Gameplay	characters/oshiro/oshiro83	96	96	39	50	15	14
Gameplay	characters/oshiro/oshiro84	96	96	39	50	15	14
Gameplay	characters/oshiro/oshiro85	96	96	39	51	15	13
Gameplay	characters/oshiro/oshiro86	96	96	39	51	15	13
Gameplay	characters/oshiro/oshiro87	96	96	43	38	11	20
Gameplay	characters/oshiro/oshiro88	96	96	43	39	11	20
Gameplay	characters/oshiro/oshiro89	96	96	43	40	11	19
Gameplay	characters/oshiro/oshiro90	96	96	43	40	11	19
Gameplay	characters/oshiro/oshiro91	96	96	43	39	11	19
Gameplay	characters/oshiro/oshiro92	96	96	43	38	11	19
Gameplay	characters/oshiro/oshiro93	96	96	43	38	11	19
Gameplay	characters/oshiro/oshiro94	96	96	39	51	15	13
Gameplay	characters/oshiro/oshiro95	96	96	39	52	15	12
Gameplay	characters/oshiro/oshiro96	96	96	41	46	13	18
Gameplay	characters/oshiro/oshiro97	96	96	43	42	11	19
Gameplay	characters/oshiro/oshiro98	96	96	43	38	11	19
Gameplay	characters/oshiro/oshiro99	96	96	43	37	11	21
Gameplay	characters/oshiro/sweep00	96	96	43	39	26	22
Gameplay	characters/oshiro/sweep01	96	96	43	39	26	22
Gameplay	characters/oshiro/sweep02	96	96	43	39	26	22
Gameplay	characters/oshiro/sweep03	96	96	42	39	19	22
Gameplay	characters/oshiro/sweep04	96	96	42	38	25	23
Gameplay	characters/oshiro/sweep05	96	96	43	37	26	24
Gameplay	characters/oshiro/sweep06	96	96	43	38	26	22
Gameplay	characters/oshiro/sweep07	96	96	43	39	26	22
Gameplay	characters/oshiro/sweep08	96	96	43	39	26	22
Gameplay	characters/oshiro/sweep09	96	96	44	39	13	22
Gameplay	characters/oshiro/sweep10	96	96	44	38	14	23
Gameplay	characters/oshiro/sweep11	96	96	45	38	15	22
Gameplay	characters/oshiro/sweep12	96	96	45	39	15	22
Gameplay	characters/oshiro/sweep13	96	96	45	41	15	20
Gameplay	characters/oshiro/sweep14	96	96	45	39	15	22
Gameplay	characters/oshiro/sweep15	96	96	44	39	16	22
Gameplay	characters/oshiro/sweep16	96	96	43	39	18	22
Gameplay	characters/oshiro/sweep17	96	96	42	39	19	22
Gameplay	characters/oshiro/sweep18	96	96	43	39	18	22
Gameplay	characters/player/Swim12	32	32	7	21	14	10
Gameplay	characters/player/Swim13	32	32	7	21	14	11
Gameplay	characters/player/Swim14	32	32	8	22	13	10
Gameplay	characters/player/Swim15	32	32	8	22	14	10
Gameplay	characters/player/Swim16	32	32	8	22	15	10
Gameplay	characters/player/Swim17	32	32	8	22	15	10
Gameplay	characters/player/bangs00	10	10	1	0	8	7
Gameplay	characters/player/bangs01	10	10	1	0	8	7
Gameplay	characters/player/bangs02	10	10	1	0	8	8
Gameplay	characters/player/bigfall00	32	32	15	15	12	10
Gameplay	characters/player/bigfall01	32	32	15	15	12	10
Gameplay	characters/player/bigfall02	32	32	15	15	12	10
Gameplay	characters/player/bigfall03	32	32	15	15	12	10
Gameplay	characters/player/bigfall04	32	32	15	15	12	10
Gameplay	characters/player/bigfall05	32	32	15	16	12	10
Gameplay	characters/player/bigfall06	32	32	15	18	12	10
Gameplay	characters/player/bigfall07	32	32	14	18	11	12
Gameplay	characters/player/bigfall08	32	32	10	18	13	12
Gameplay	characters/player/bigfall09	32	32	9	19	12	12
Gameplay	characters/player/bigfall10	32	32	8	20	13	12
Gameplay	characters/player/bubble	32	32	5	5	23	23
Gameplay	characters/player/carrytheo_collapse00	32	32	0	20	30	12
Gameplay	characters/player/climb00	32	32	11	20	10	11
Gameplay	characters/player/climb01	32	32	11	20	10	10
Gameplay	characters/player/climb02	32	32	11	20	10	10
Gameplay	characters/player/climb03	32	32	11	20	10	11
Gameplay	characters/player/climb04	32	32	10	20	11	11
Gameplay	characters/player/climb05	32	32	10	20	11	11
Gameplay	characters/player/climb06	32	32	11	20	10	11
Gameplay	characters/player/climb07	32	32	10	20	11	11
Gameplay	characters/player/climb08	32	32	11	20	10	11
Gameplay	characters/player/climb09	32	32	11	20	10	11
Gameplay	characters/player/climb10	32	32	12	20	9	11
Gameplay	characters/player/climb11	32	32	13	20	8	11
Gameplay	characters/player/climb12	32	32	11	20	10	11
Gameplay	characters/player/climb13	32	32	10	20	11	11
Gameplay	characters/player/climb14	32	32	10	20	11	11
Gameplay	characters/player/dangling00	32	32	10	20	12	12
Gameplay	characters/player/dangling01	32	32	10	20	12	12
Gameplay	characters/player/dangling02	32	32	11	20	11	12
Gameplay	characters/player/dangling03	32	32	11	20	11	12
Gameplay	characters/player/dangling04	32	32	10	20	12	12
Gameplay	characters/player/dangling05	32	32	11	20	11	12
Gameplay	characters/player/dangling06	32	32	10	20	12	12
Gameplay	characters/player/dangling07	32	32	10	20	12	12
Gameplay	characters/player/dangling08	32	32	10	20	12	12
Gameplay	characters/player/dangling09	32	32	10	20	12	12
Gameplay	characters/player/dash00	32	32	8	21	15	11
Gameplay	characters/player/dash01	32	32	8	21	14	11
Gameplay	characters/player/dash02	32	32	8	21	14	11
Gameplay	characters/player/dash03	32	32	8	22	14	10
Gameplay	characters/player/deaddown00	32	32	11	20	11	12
Gameplay	characters/player/deaddown01	32	32	11	20	11	12
Gameplay	characters/player/deadside00	32	32	11	20	11	12
Gameplay	characters/player/deadside01	32	32	11	20	11	12
Gameplay	characters/player/deadup00	32	32	11	20	11	12
Gameplay	characters/player/deadup01	32	32	11	20	11	12
Gameplay	characters/player/death_h00	32	32	8	17	14	15
Gameplay	characters/player/death_h01	32	32	10	17	12	15
Gameplay	characters/player/death_h02	32	32	10	17	12	15
Gameplay	characters/player/death_h03	32	32	11	17	11	15
Gameplay	characters/player/death_h04	32	32	11	17	11	15
Gameplay	characters/player/death_h05	32	32	11	17	11	15
Gameplay	characters/player/death_h06	32	32	9	17	13	15
Gameplay	characters/player/death_h07	32	32	9	17	13	14
Gameplay	characters/player/death_h08	32	32	10	17	11	13
Gameplay	characters/player/death_h09	32	32	11	18	10	12
Gameplay	characters/player/death_h10	32	32	11	18	10	12
Gameplay	characters/player/death_h11	32	32	10	19	11	11
Gameplay	characters/player/death_h12	32	32	12	21	7	7
Gameplay	characters/player/death_h13	32	32	4	12	21	19
Gameplay	characters/player/death_h14	32	32	14	23	3	3
Gameplay	characters/player/dreamDash00	32	32	8	21	15	11
Gameplay	characters/player/dreamDash01	32	32	8	21	14	11
Gameplay	characters/player/dreamDash02	32	32	4	18	25	13
Gameplay	characters/player/dreamDash03	32	32	7	10	19	20
Gameplay	characters/player/dreamDash04	32	32	7	18	18	14
Gameplay	characters/player/dreamDash05	32	32	7	19	18	13
Gameplay	characters/player/dreamDash06	32	32	7	17	18	15
Gameplay	characters/player/dreamDash07	32	32	9	18	14	14
Gameplay	characters/player/dreamDash08	32	32	8	25	16	5
Gameplay	characters/player/dreamDash09	32	32	6	21	20	10
Gameplay	characters/player/dreamDash10	32	32	8	16	17	15
Gameplay	characters/player/dreamDash11	32	32	11	18	10	11
Gameplay	characters/player/dreamDash12	32	32	12	20	11	11
Gameplay	characters/player/dreamDash13	32	32	7	20	11	11
Gameplay	characters/player/dreamDash14	32	32	7	17	18	13
Gameplay	characters/player/dreamDash15	32	32	10	21	12	11
Gameplay	characters/player/dreamDash16	32	32	10	18	12	13
Gameplay	characters/player/dreamDash17	32	32	6	18	19	14
Gameplay	characters/player/dreamDash18	32	32	6	18	20	14
Gameplay	characters/player/dreamDash19	32	32	5	19	21	13
Gameplay	characters/player/dreamDash20	32	32	5	20	21	12
Gameplay	characters/player/duck	32	32	8	24	13	8
Gameplay	characters/player/edge00	32	32	7	20	14	12
Gameplay	characters/player/edge01	32	32	7	20	14	12
Gameplay	characters/player/edge02	32	32	7	20	14	12
Gameplay	characters/player/edge03	32	32	7	21	14	11
Gameplay	characters/player/edge04	32	32	7	21	14	11
Gameplay	characters/player/edge05	32	32	7	21	14	11
Gameplay	characters/player/edge06	32	32	7	20	14	12
Gameplay	characters/player/edge07	32	32	7	20	15	12
Gameplay	characters/player/edge08	32	32	7	20	15	12
Gameplay	characters/player/edge09	32	32	7	20	14	12
Gameplay	characters/player/edge10	32	32	7	21	15	11
Gameplay	characters/player/edge11	32	32	7	21	14	11
Gameplay	characters/player/edge12	32	32	7	21	14	11
Gameplay	characters/player/edge13	32	32	7	20	14	12
Gameplay	characters/player/edge_back00	32	32	11	20	12	12
Gameplay	characters/player/edge_back01	32	32	11	20	12	12
Gameplay	characters/player/edge_back02	32	32	11	20	12	12
Gameplay	characters/player/edge_back03	32	32	11	21	12	11
Gameplay	characters/player/edge_back04	32	32	9	20	13	12
Gameplay	characters/player/edge_back05	32	32	10	20	12	12
Gameplay	characters/player/edge_back06	32	32	11	20	12	12
Gameplay	characters/player/edge_back07	32	32	11	20	12	12
Gameplay	characters/player/edge_back08	32	32	12	20	11	12
Gameplay	characters/player/edge_back09	32	32	12	20	11	12
Gameplay	characters/player/edge_back10	32	32	13	21	12	11
Gameplay	characters/player/edge_back11	32	32	12	21	12	11
Gameplay	characters/player/edge_back12	32	32	12	21	12	11
Gameplay	characters/player/edge_back13	32	32	12	20	12	12
Gameplay	characters/player/faint00	32	32	8	23	13	9
Gameplay	characters/player/faint01	32	32	8	23	13	9
Gameplay	characters/player/faint02	32	32	8	23	13	9
Gameplay	characters/player/faint03	32	32	8	23	13	9
Gameplay	characters/player/faint04	32	32	9	23	13	9
Gameplay	characters/player/faint05	32	32	9	23	13	9
Gameplay	characters/player/faint06	32	32	9	24	13	8
Gameplay	characters/player/faint07	32	32	9	25	14	7
Gameplay	characters/player/faint08	32	32	10	24	15	8
Gameplay	characters/player/faint09	32	32	9	27	16	5
Gameplay	characters/player/faint10	32	32	9	26	16	6
Gameplay	characters/player/fall00	32	32	9	20	13	12
Gameplay	characters/player/fall01	32	32	9	20	13	12
Gameplay	characters/player/fall02	32	32	9	20	14	12
Gameplay	characters/player/fall03	32	32	9	20	14	12
Gameplay	characters/player/fall04	32	32	9	20	14	12
Gameplay	characters/player/fall05	32	32	9	20	14	12
Gameplay	characters/player/fall06	32	32	9	20	14	12
Gameplay	characters/player/fall07	32	32	9	20	14	12
Gameplay	characters/player/fallPose00	32	32	7	7	17	25
Gameplay	characters/player/fallPose01	32	32	7	6	16	26
Gameplay	characters/player/fallPose02	32	32	8	8	15	24
Gameplay	characters/player/fallPose03	32	32	6	11	17	21
Gameplay	characters/player/fallPose04	32	32	6	14	17	18
Gameplay	characters/player/fallPose05	32	32	6	17	17	15
Gameplay	characters/player/fallPose06	32	32	6	16	16	16
Gameplay	characters/player/fallPose07	32	32	6	16	15	16
Gameplay	characters/player/fallPose08	32	32	7	15	14	17
Gameplay	characters/player/fallPose09	32	32	8	15	13	17
Gameplay	characters/player/fallPose10	32	32	8	15	13	17
Gameplay	characters/player/flip00	32	32	11	21	14	11
Gameplay	characters/player/flip01	32	32	11	21	14	11
Gameplay	characters/player/flip02	32	32	11	21	13	11
Gameplay	characters/player/flip03	32	32	11	21	12	11
Gameplay	characters/player/flip04	32	32	11	21	12	11
Gameplay	characters/player/flip05	32	32	11	22	12	10
Gameplay	characters/player/flip06	32	32	11	22	12	10
Gameplay	characters/player/flip07	32	32	8	22	14	10
Gameplay	characters/player/flip08	32	32	12	22	11	10
Gameplay	characters/player/hair00	10	10	1	1	8	8
Gameplay	characters/player/halfWakeUp00	32	32	7	18	15	14
Gameplay	characters/player/hug00	32	32	8	23	15	9
Gameplay	characters/player/idle00	32	32	8	20	13	12
Gameplay	characters/player/idle01	32	32	8	20	13	12
Gameplay	characters/player/idle02	32	32	8	20	13	12
Gameplay	characters/player/idle03	32	32	8	20	13	12
Gameplay	characters/player/idle04	32	32	8	21	13	11
Gameplay	characters/player/idle05	32	32	8	21	13	11
Gameplay	characters/player/idle06	32	32	8	21	13	11
Gameplay	characters/player/idle07	32	32	8	21	13	11
Gameplay	characters/player/idle08	32	32	8	21	13	11
Gameplay	characters/player/idleA00	32	32	8	20	13	12
Gameplay	characters/player/idleA01	32	32	8	20	13	12
Gameplay	characters/player/idleA02	32	32	8	20	13	12
Gameplay	characters/player/idleA03	32	32	8	20	13	12
Gameplay	characters/player/idleA04	32	32	8	20	13	12
Gameplay	characters/player/idleA05	32	32	8	21	13	11
Gameplay	characters/player/idleA06	32	32	8	21	13	11
Gameplay	characters/player/idleA07	32	32	8	21	13	11
Gameplay	characters/player/idleA08	32	32	8	21	13	11
Gameplay	characters/player/idleA09	32	32	8	21	13	11
Gameplay	characters/player/idleA10	32	32	8	21	13	11
Gameplay	characters/player/idleA11	32	32	8	21	13	11
Gameplay	characters/player/idleB00	32	32	8	20	13	12
Gameplay	characters/player/idleB01	32	32	8	20	13	12
Gameplay	characters/player/idleB02	32	32	8	20	13	12
Gameplay	characters/player/idleB03	32	32	8	20	13	12
Gameplay	characters/player/idleB04	32	32	8	20	13	12
Gameplay	characters/player/idleB05	32	32	8	20	13	12
Gameplay	characters/player/idleB06	32	32	8	20	13	12
Gameplay	characters/player/idleB07	32	32	8	20	13	12
Gameplay	characters/player/idleB08	32	32	8	20	13	12
Gameplay	characters/player/idleB09	32	32	8	20	13	12
Gameplay	characters/player/idleB10	32	32	8	20	13	12
Gameplay	characters/player/idleB11	32	32	8	20	13	12
Gameplay	characters/player/idleB12	32	32	8	20	13	12
Gameplay	characters/player/idleB13	32	32	8	20	13	12
Gameplay	characters/player/idleB14	32	32	8	20	13	12
Gameplay	characters/player/idleB15	32	32	8	20	13	12
Gameplay	characters/player/idleB16	32	32	8	20	13	12
Gameplay	characters/player/idleB17	32	32	8	20	13	12
Gameplay	characters/player/idleB18	32	32	8	20	13	12
Gameplay	characters/player/idleB19	32	32	8	21	13	11
Gameplay	characters/player/idleB20	32	32	8	21	13	11
Gameplay	characters/player/idleB21	32	32	8	21	13	11
Gameplay	characters/player/idleB22	32	32	8	21	13	11
Gameplay	characters/player/idleB23	32	32	8	21	13	11
Gameplay	characters/player/idleC00	32	32	8	20	13	12
Gameplay	characters/player/idleC01	32	32	8	20	13	12
Gameplay	characters/player/idleC02	32	32	8	20	13	12
Gameplay	characters/player/idleC03	32	32	8	20	13	12
Gameplay	characters/player/idleC04	32	32	8	20	13	12
Gameplay	characters/player/idleC05	32	32	8	20	13	12
Gameplay	characters/player/idleC06	32	32	8	21	20	11
Gameplay	characters/player/idleC07	32	32	9	22	21	10
Gameplay	characters/player/idleC08	32	32	8	22	22	10
Gameplay	characters/player/idleC09	32	32	8	21	22	11
Gameplay	characters/player/idleC10	32	32	8	21	22	11
Gameplay	characters/player/idleC11	32	32	8	20	21	12
Gameplay	characters/player/idle_carry00	32	32	8	18	12	14
Gameplay	characters/player/idle_carry01	32	32	8	18	12	14
Gameplay	characters/player/idle_carry02	32	32	8	18	12	14
Gameplay	characters/player/idle_carry03	32	32	8	19	12	13
Gameplay	characters/player/idle_carry04	32	32	8	19	12	13
Gameplay	characters/player/idle_carry05	32	32	8	19	12	13
Gameplay	characters/player/idle_carry06	32	32	8	19	12	13
Gameplay	characters/player/idle_carry07	32	32	8	19	12	13
Gameplay	characters/player/idle_carry08	32	32	8	18	12	14
Gameplay	characters/player/jumpFast00	32	32	8	19	14	13
Gameplay	characters/player/jumpFast01	32	32	8	19	14	13
Gameplay	characters/player/jumpFast02	32	32	9	20	13	12
Gameplay	characters/player/jumpFast03	32	32	8	20	14	12
Gameplay	characters/player/jumpSlow00	32	32	8	19	14	13
Gameplay	characters/player/jumpSlow01	32	32	8	19	14	13
Gameplay	characters/player/jumpSlow02	32	32	9	20	13	12
Gameplay	characters/player/jumpSlow03	32	32	8	20	13	12
Gameplay	characters/player/jump_carry00	32	32	8	16	14	16
Gameplay	characters/player/jump_carry01	32	32	8	16	13	16
Gameplay	characters/player/jump_carry02	32	32	9	18	12	14
Gameplay	characters/player/jump_carry03	32	32	8	18	12	14
Gameplay	characters/player/launch00	32	32	9	14	13	18
Gameplay	characters/player/launch01	32	32	8	14	14	18
Gameplay	characters/player/launch02	32	32	8	14	14	18
Gameplay	characters/player/launch03	32	32	7	14	17	18
Gameplay	characters/player/launch04	32	32	7	14	15	18
Gameplay	characters/player/launch05	32	32	7	14	16	18
Gameplay	characters/player/launch06	32	32	7	14	16	18
Gameplay	characters/player/launch07	32	32	9	14	15	18
Gameplay	characters/player/launchRecover00	32	32	9	14	15	18
Gameplay	characters/player/launchRecover01	32	32	7	14	20	17
Gameplay	characters/player/launchRecover02	32	32	8	15	19	17
Gameplay	characters/player/launchRecover03	32	32	3	17	25	15
Gameplay	characters/player/launchRecover04	32	32	2	16	27	16
Gameplay	characters/player/launchRecover05	32	32	2	16	27	16
Gameplay	characters/player/launchRecover06	32	32	2	15	20	17
Gameplay	characters/player/launchRecover07	32	32	2	15	20	17
Gameplay	characters/player/launchRecover08	32	32	2	15	19	17
Gameplay	characters/player/launchRecover09	32	32	8	15	13	17
Gameplay	characters/player/launchRecover10	32	32	8	15	13	17
Gameplay	characters/player/levelUp/levelUp00	128	64	40	35	53	5
Gameplay	characters/player/levelUp/levelUp01	128	64	28	35	75	6
Gameplay	characters/player/levelUp/levelUp02	128	64	27	32	77	11
Gameplay	characters/player/levelUp/levelUp03	128	64	33	27	61	22
Gameplay	characters/player/levelUp/levelUp04	128	64	26	26	71	25
Gameplay	characters/player/levelUp/levelUp05	128	64	33	26	61	25
Gameplay	characters/player/levelUp/levelUp06	128	64	33	25	61	27
Gameplay	characters/player/levelUp/levelUp07	128	64	33	25	61	28
Gameplay	characters/player/levelUp/levelUp08	128	64	33	29	61	24
Gameplay	characters/player/levelUp/levelUp09	128	64	33	33	61	13
Gameplay	characters/player/levelUp/levelUp10	128	64	33	33	61	12
Gameplay	characters/player/levelUp/levelUp11	128	64	33	33	61	12
Gameplay	characters/player/levelUp/levelUp12	128	64	33	33	61	12
Gameplay	characters/player/levelUp/levelUp13	128	64	33	33	61	12
Gameplay	characters/player/levelUp/levelUp14	128	64	33	33	61	12
Gameplay	characters/player/levelUp/levelUp15	128	64	33	33	61	12
Gameplay	characters/player/levelUp/levelUp16	128	64	33	33	61	12
Gameplay	characters/player/levelUp/levelUp17	128	64	33	33	61	12
Gameplay	characters/player/levelUp/levelUp18	128	64	33	33	61	12
Gameplay	characters/player/levelUp/levelUp19	128	64	33	33	61	12
Gameplay	characters/player/levelUp/levelUp20	128	64	33	27	61	22
Gameplay	characters/player/levelUp/levelUp21	128	64	26	35	75	6
Gameplay	characters/player/levelUp/levelUp22	128	64	17	35	94	5
Gameplay	characters/player/levelUp/levelUp23	128	64	21	35	84	3
Gameplay	characters/player/levelUp/levelUp24	128	64	0	0	128	64
Gameplay	characters/player/levelUp/levelUp25	128	64	0	0	128	64
Gameplay	characters/player/levelUp/levelUp26	128	64	0	0	128	64
Gameplay	characters/player/lookUp00	32	32	8	20	13	12
Gameplay	characters/player/lookUp01	32	32	8	21	13	11
Gameplay	characters/player/lookUp02	32	32	8	20	13	12
Gameplay	characters/player/lookUp03	32	32	8	20	13	12
Gameplay	characters/player/lookUp04	32	32	8	20	13	12
Gameplay	characters/player/lookUp05	32	32	8	20	13	12
Gameplay	characters/player/lookUp06	32	32	8	19	13	13
Gameplay	characters/player/lookUp07	32	32	8	19	13	13
Gameplay	characters/player/pickup00	32	32	10	21	13	11
Gameplay	characters/player/pickup01	32	32	9	20	13	12
Gameplay	characters/player/pickup02	32	32	8	20	13	12
Gameplay	characters/player/pickup03	32	32	8	20	13	12
Gameplay	characters/player/pickup04	32	32	8	18	12	14
Gameplay	characters/player/push00	32	32	7	20	14	12
Gameplay	characters/player/push01	32	32	7	21	14	11
Gameplay	characters/player/push02	32	32	7	21	14	11
Gameplay	characters/player/push03	32	32	7	21	14	11
Gameplay	characters/player/push04	32	32	7	20	14	12
Gameplay	characters/player/push05	32	32	7	20	14	12
Gameplay	characters/player/push06	32	32	7	20	14	12
Gameplay	characters/player/push07	32	32	7	20	14	12
Gameplay	characters/player/push08	32	32	7	21	14	11
Gameplay	characters/player/push09	32	32	7	21	14	11
Gameplay	characters/player/push10	32	32	7	21	14	11
Gameplay	characters/player/push11	32	32	7	21	14	11
Gameplay	characters/player/push12	32	32	7	20	14	12
Gameplay	characters/player/push13	32	32	7	20	14	12
Gameplay	characters/player/push14	32	32	7	20	14	12
Gameplay	characters/player/push15	32	32	7	20	14	12
Gameplay	characters/player/runFast00	32	32	7	20	14	12
Gameplay	characters/player/runFast01	32	32	7	21	14	11
Gameplay	characters/player/runFast02	32	32	7	21	14	11
Gameplay	characters/player/runFast03	32	32	7	21	14	11
Gameplay	characters/player/runFast04	32	32	7	19	14	13
Gameplay	characters/player/runFast05	32	32	7	20	14	12
Gameplay	characters/player/runFast06	32	32	7	21	14	11
Gameplay	characters/player/runFast07	32	32	7	21	14	11
Gameplay	characters/player/runFast08	32	32	7	21	14	11
Gameplay	characters/player/runFast09	32	32	7	21	14	11
Gameplay	characters/player/runFast10	32	32	7	19	16	13
Gameplay	characters/player/runFast11	32	32	7	20	16	12
Gameplay	characters/player/runSlow00	32	32	7	20	14	12
Gameplay	characters/player/runSlow01	32	32	7	21	14	11
Gameplay	characters/player/runSlow02	32	32	7	21	14	11
Gameplay	characters/player/runSlow03	32	32	7	21	14	11
Gameplay	characters/player/runSlow04	32	32	7	19	14	13
Gameplay	characters/player/runSlow05	32	32	7	20	14	12
Gameplay	characters/player/runSlow06	32	32	7	21	14	11
Gameplay	characters/player/runSlow07	32	32	7	21	14	11
Gameplay	characters/player/runSlow08	32	32	7	21	14	11
Gameplay	characters/player/runSlow09	32	32	7	21	14	11
Gameplay	characters/player/runSlow10	32	32	7	19	14	13
Gameplay	characters/player/runSlow11	32	32	7	20	14	12
Gameplay	characters/player/runStumble00	32	32	7	22	15	10
Gameplay	characters/player/runStumble01	32	32	7	24	14	8
Gameplay	characters/player/runStumble02	32	32	7	23	14	9
Gameplay	characters/player/runStumble03	32	32	7	22	14	10
Gameplay	characters/player/runStumble04	32	32	7	20	14	12
Gameplay	characters/player/runStumble05	32	32	7	20	14	12
Gameplay	characters/player/runStumble06	32	32	7	21	14	11
Gameplay	characters/player/runStumble07	32	32	7	21	14	11
Gameplay	characters/player/runStumble08	32	32	7	21	14	11
Gameplay	characters/player/runStumble09	32	32	7	21	14	11
Gameplay	characters/player/runStumble10	32	32	7	19	16	13
Gameplay	characters/player/runStumble11	32	32	7	20	16	12
Gameplay	characters/player/run_carry00	32	32	7	18	14	14
Gameplay	characters/player/run_carry01	32	32	7	19	14	13
Gameplay	characters/player/run_carry02	32	32	7	19	14	13
Gameplay	characters/player/run_carry03	32	32	7	19	14	13
Gameplay	characters/player/run_carry04	32	32	7	16	14	16
Gameplay	characters/player/run_carry05	32	32	7	17	14	15
Gameplay	characters/player/run_carry06	32	32	7	18	14	14
Gameplay	characters/player/run_carry07	32	32	7	19	14	13
Gameplay	characters/player/run_carry08	32	32	7	19	14	13
Gameplay	characters/player/run_carry09	32	32	7	19	14	13
Gameplay	characters/player/run_carry10	32	32	7	16	14	16
Gameplay	characters/player/run_carry11	32	32	7	18	14	14
Gameplay	characters/player/run_wind00	32	32	9	20	15	12
Gameplay	characters/player/run_wind01	32	32	9	21	15	11
Gameplay	characters/player/run_wind02	32	32	10	21	15	11
Gameplay	characters/player/run_wind03	32	32	10	21	15	11
Gameplay	characters/player/run_wind04	32	32	9	20	15	12
Gameplay	characters/player/run_wind05	32	32	9	20	15	12
Gameplay	characters/player/run_wind06	32	32	9	21	15	11
Gameplay	characters/player/run_wind07	32	32	9	21	15	11
Gameplay	characters/player/run_wind08	32	32	9	21	15	11
Gameplay	characters/player/run_wind09	32	32	9	21	15	11
Gameplay	characters/player/run_wind10	32	32	9	19	15	13
Gameplay	characters/player/run_wind11	32	32	9	20	15	12
Gameplay	characters/player/shaking00	32	32	8	21	15	11
Gameplay	characters/player/sitDown00	32	32	8	15	13	17
Gameplay	characters/player/sitDown01	32	32	8	16	14	16
Gameplay	characters/player/sitDown02	32	32	8	16	14	16
Gameplay	characters/player/sitDown03	32	32	6	15	16	17
Gameplay	characters/player/sitDown04	32	32	7	14	15	18
Gameplay	characters/player/sitDown05	32	32	7	14	15	18
Gameplay	characters/player/sitDown06	32	32	7	14	15	18
Gameplay	characters/player/sitDown07	32	32	7	14	15	18
Gameplay	characters/player/sitDown08	32	32	7	14	15	18
Gameplay	characters/player/sitDown09	32	32	7	14	15	18
Gameplay	characters/player/sitDown10	32	32	7	14	15	18
Gameplay	characters/player/sitDown11	32	32	7	15	15	17
Gameplay	characters/player/sitDown12	32	32	7	15	15	17
Gameplay	characters/player/sitDown13	32	32	7	16	15	16
Gameplay	characters/player/sitDown14	32	32	7	17	15	15
Gameplay	characters/player/sitDown15	32	32	7	19	15	13
Gameplay	characters/player/sleep00	32	32	8	15	13	17
Gameplay	characters/player/sleep01	32	32	8	16	14	16
Gameplay	characters/player/sleep02	32	32	8	16	14	16
Gameplay	characters/player/sleep03	32	32	6	15	16	17
Gameplay	characters/player/sleep04	32	32	7	14	15	18
Gameplay	characters/player/sleep05	32	32	7	14	15	18
Gameplay	characters/player/sleep06	32	32	7	14	15	18
Gameplay	characters/player/sleep07	32	32	7	14	15	18
Gameplay	characters/player/sleep08	32	32	7	14	15	18
Gameplay	characters/player/sleep09	32	32	7	14	15	18
Gameplay	characters/player/sleep10	32	32	7	14	15	18
Gameplay	characters/player/sleep11	32	32	7	15	15	17
Gameplay	characters/player/sleep12	32	32	7	15	15	17
Gameplay	characters/player/sleep13	32	32	7	16	15	16
Gameplay	characters/player/sleep14	32	32	7	17	15	15
Gameplay	characters/player/sleep15	32	32	7	19	15	13
Gameplay	characters/player/sleep16	32	32	7	18	15	14
Gameplay	characters/player/sleep17	32	32	7	18	15	14
Gameplay	characters/player/sleep18	32	32	7	18	15	14
Gameplay	characters/player/sleep19	32	32	7	18	15	14
Gameplay	characters/player/sleep20	32	32	7	18	15	14
Gameplay	characters/player/sleep21	32	32	7	18	15	14
Gameplay	characters/player/sleep22	32	32	7	18	15	14
Gameplay	characters/player/sleep23	32	32	7	18	15	14
Gameplay	characters/player/slide00	32	32	8	24	15	8
Gameplay	characters/player/slide01	32	32	9	24	15	8
Gameplay	characters/player/slide02	32	32	9	24	15	8
Gameplay	characters/player/spin00	32	32	9	16	11	16
Gameplay	characters/player/spin01	32	32	10	16	10	16
Gameplay	characters/player/spin02	32	32	8	16	12	16
Gameplay	characters/player/spin03	32	32	9	16	12	16
Gameplay	characters/player/spin04	32	32	10	16	11	16
Gameplay	characters/player/spin05	32	32	10	16	12	16
Gameplay	characters/player/spin06	32	32	10	16	13	16
Gameplay	characters/player/spin07	32	32	10	16	13	16
Gameplay	characters/player/spin08	32	32	11	16	11	16
Gameplay	characters/player/spin09	32	32	11	16	12	16
Gameplay	characters/player/spin10	32	32	10	16	14	16
Gameplay	characters/player/spin11	32	32	9	16	14	16
Gameplay	characters/player/spin12	32	32	9	16	15	16
Gameplay	characters/player/spin13	32	32	8	16	14	16
Gameplay	characters/player/starFly00	32	32	11	21	10	10
Gameplay	characters/player/starMorph00	32	32	3	4	26	27
Gameplay	characters/player/starMorph01	32	32	4	5	25	26
Gameplay	characters/player/starMorph02	32	32	7	12	17	19
Gameplay	characters/player/starMorph03	32	32	3	7	25	25
Gameplay	characters/player/starMorph04	32	32	7	14	17	17
Gameplay	characters/player/starMorph05	32	32	7	12	17	19
Gameplay	characters/player/starMorph06	32	32	5	10	23	22
Gameplay	characters/player/starMorph07	32	32	4	10	25	20
Gameplay	characters/player/starMorph08	32	32	3	10	26	20
Gameplay	characters/player/starMorph09	32	32	8	14	16	16
Gameplay	characters/player/starMorph10	32	32	7	13	18	18
Gameplay	characters/player/starMorph11	32	32	8	14	16	16
Gameplay	characters/player/starMorph12	32	32	8	14	16	16
Gameplay	characters/player/starMorph13	32	32	7	13	18	18
Gameplay	characters/player/starMorph14	32	32	8	14	16	16
Gameplay	characters/player/starMorph15	32	32	8	14	16	16
Gameplay	characters/player/starMorph16	32	32	7	13	18	18
Gameplay	characters/player/starMorph17	32	32	8	14	16	16
Gameplay	characters/player/startStarFly00	32	32	9	20	13	12
Gameplay	characters/player/startStarFly01	32	32	10	20	12	12
Gameplay	characters/player/startStarFly02	32	32	11	21	10	10
Gameplay	characters/player/startStarFly03	32	32	11	22	10	9
Gameplay	characters/player/startStarFlyWhite00	32	32	9	20	13	12
Gameplay	characters/player/startStarFlyWhite01	32	32	10	20	12	12
Gameplay	characters/player/startStarFlyWhite02	32	32	11	21	10	10
Gameplay	characters/player/startStarFlyWhite03	32	32	11	22	10	9
Gameplay	characters/player/sweat/climb00	32	32	10	18	1	1
Gameplay	characters/player/sweat/climb01	32	32	9	17	2	2
Gameplay	characters/player/sweat/climb02	32	32	7	16	3	4
Gameplay	characters/player/sweat/climb03	32	32	5	14	7	5
Gameplay	characters/player/sweat/climb04	32	32	5	13	7	5
Gameplay	characters/player/sweat/climb05	32	32	5	12	6	7
Gameplay	characters/player/sweat/climb06	32	32	8	12	2	2
Gameplay	characters/player/sweat/climb07	32	32	8	13	1	1
Gameplay	characters/player/sweat/danger00	32	32	6	15	4	5
Gameplay	characters/player/sweat/danger01	32	32	7	10	12	12
Gameplay	characters/player/sweat/danger02	32	32	6	9	13	12
Gameplay	characters/player/sweat/danger03	32	32	6	9	13	12
Gameplay	characters/player/sweat/danger04	32	32	6	8	13	13
Gameplay	characters/player/sweat/danger05	32	32	0	0	32	32
Gameplay	characters/player/sweat/idle00	32	32	0	0	32	32
Gameplay	characters/player/sweat/jump00	32	32	6	12	5	8
Gameplay	characters/player/sweat/jump01	32	32	7	12	4	8
Gameplay	characters/player/sweat/jump02	32	32	7	12	3	7
Gameplay	characters/player/sweat/jump03	32	32	7	12	2	7
Gameplay	characters/player/sweat/still00	32	32	12	15	5	4
Gameplay	characters/player/sweat/still01	32	32	14	16	2	2
Gameplay	characters/player/sweat/still02	32	32	13	16	6	2
Gameplay	characters/player/sweat/still03	32	32	12	15	6	3
Gameplay	characters/player/sweat/still04	32	32	14	14	2	2
Gameplay	characters/player/sweat/still05	32	32	13	14	2	1
Gameplay	characters/player/swim00	32	32	8	20	13	12
Gameplay	characters/player/swim01	32	32	8	20	13	12
Gameplay	characters/player/swim02	32	32	8	20	13	12
Gameplay	characters/player/swim03	32	32	8	20	14	12
Gameplay	characters/player/swim04	32	32	8	20	15	12
Gameplay	characters/player/swim05	32	32	8	20	14	12
Gameplay	characters/player/swim06	32	32	8	19	14	13
Gameplay	characters/player/swim07	32	32	8	19	13	13
Gameplay	characters/player/swim08	32	32	8	20	14	11
Gameplay	characters/player/swim09	32	32	8	20	13	11
Gameplay	characters/player/swim10	32	32	8	20	13	12
Gameplay	characters/player/swim11	32	32	8	20	13	12
Gameplay	characters/player/tentacle/grab00	32	128	9	15	13	113
Gameplay	characters/player/tentacle/grab01	32	128	9	15	13	113
Gameplay	characters/player/tentacle/grab02	32	128	9	15	17	113
Gameplay	characters/player/tentacle/grab03	32	128	9	15	18	113
Gameplay	characters/player/tentacle/grab04	32	128	7	15	19	113
Gameplay	characters/player/tentacle/grab05	32	128	6	15	21	113
Gameplay	characters/player/tentacle/grab06	32	128	3	15	25	113
Gameplay	characters/player/tentacle/grab07	32	128	2	15	28	113
Gameplay	characters/player/tentacle/grab08	32	128	2	15	28	113
Gameplay	characters/player/tentacle/grab09	32	128	2	15	28	113
Gameplay	characters/player/tentacle/grab10	32	128	2	15	28	113
Gameplay	characters/player/tentacle/grab11	32	128	1	15	30	113
Gameplay	characters/player/tentacle/grab12	32	128	8	19	15	109
Gameplay	characters/player/tentacle/grab13	32	128	7	18	18	110
Gameplay	characters/player/tentacle/grab14	32	128	7	17	18	111
Gameplay	characters/player/tentacle/grab15	32	128	7	17	18	111
Gameplay	characters/player/tentacle/grab16	32	128	7	17	18	111
Gameplay	characters/player/tentacle/grab17	32	128	7	17	18	111
Gameplay	characters/player/tentacle/grab18	32	128	8	17	17	111
Gameplay	characters/player/tentacle/grab19	32	128	8	19	15	109
Gameplay	characters/player/tentacle/grab20	32	128	7	17	18	111
Gameplay	characters/player/tentacle/grab21	32	128	7	17	18	111
Gameplay	characters/player/tentacle/grab22	32	128	7	17	18	111
Gameplay	characters/player/tentacle/grab23	32	128	8	17	17	111
Gameplay	characters/player/tentacle/grab24	32	128	9	19	14	109
Gameplay	characters/player/tentacle/grab25	32	128	10	23	13	105
Gameplay	characters/player/throw00	32	32	8	16	13	16
Gameplay	characters/player/throw01	32	32	10	18	13	14
Gameplay	characters/player/throw02	32	32	9	20	14	12
Gameplay	characters/player/throw03	32	32	9	20	13	12
Gameplay	characters/player/tired00	32	32	8	23	13	9
Gameplay	characters/player/tired01	32	32	8	24	13	8
Gameplay	characters/player/tired02	32	32	8	23	13	9
Gameplay	characters/player/tired03	32	32	8	22	13	10
Gameplay	characters/player/wakeUp/00	32	32	7	18	15	14
Gameplay	characters/player/wakeUp/01	32	32	7	18	15	14
Gameplay	characters/player/wakeUp/02	32	32	7	18	15	14
Gameplay	characters/player/wakeUp/03	32	32	7	18	15	14
Gameplay	characters/player/wakeUp/04	32	32	7	18	15	14
Gameplay	characters/player/wakeUp/05	32	32	7	18	15	14
Gameplay	characters/player/wakeUp/06	32	32	7	18	15	14
Gameplay	characters/player/wakeUp/07	32	32	7	18	15	14
Gameplay	characters/player/wakeUp/08	32	32	7	19	15	13
Gameplay	characters/player/wakeUp/09	32	32	7	18	15	14
Gameplay	characters/player/wakeUp/10	32	32	7	18	15	14
Gameplay	characters/player/wakeUp/11	32	32	7	18	15	14
Gameplay	characters/player/wakeUp/12	32	32	8	17	14	15
Gameplay	characters/player/wakeUp/13	32	32	8	16	14	16
Gameplay	characters/player/wakeUp/14	32	32	8	15	13	17
Gameplay	characters/player/walk00	32	32	7	20	14	12
Gameplay	characters/player/walk01	32	32	7	21	14	11
Gameplay	characters/player/walk02	32	32	7	21	14	11
Gameplay	characters/player/walk03	32	32	7	21	14	11
Gameplay	characters/player/walk04	32	32	7	20	14	12
Gameplay	characters/player/walk05	32	32	7	20	14	12
Gameplay	characters/player/walk06	32	32	7	21	14	11
Gameplay	characters/player/walk07	32	32	7	21	14	11
Gameplay	characters/player/walk08	32	32	7	21	14	11
Gameplay	characters/player/walk09	32	32	7	21	14	11
Gameplay	characters/player/walk10	32	32	7	20	14	12
Gameplay	characters/player/walk11	32	32	7	20	14	12
Gameplay	characters/player/walk_carry_theo00	48	48	11	9	20	23
Gameplay	characters/player/walk_carry_theo01	48	48	11	10	20	22
Gameplay	characters/player/walk_carry_theo02	48	48	11	10	20	22
Gameplay	characters/player/walk_carry_theo03	48	48	11	10	20	22
Gameplay	characters/player/walk_carry_theo04	48	48	11	10	20	22
Gameplay	characters/player/walk_carry_theo05	48	48	11	9	20	23
Gameplay	characters/player/walk_carry_theo06	48	48	11	9	20	23
Gameplay	characters/player/walk_carry_theo07	48	48	11	9	20	23
Gameplay	characters/player/walk_carry_theo08	48	48	11	10	19	22
Gameplay	characters/player/walk_carry_theo09	48	48	11	10	19	22
Gameplay	characters/player/walk_carry_theo10	48	48	11	10	20	22
Gameplay	characters/player/walk_carry_theo11	48	48	11	9	20	23
Gameplay	characters/player/walk_carry_theo12	48	48	13	8	19	24
Gameplay	characters/player/walk_carry_theo13	48	48	14	7	19	25
Gameplay	characters/player/walk_carry_theo14	48	48	15	7	18	25
Gameplay	characters/player/walk_carry_theo15	48	48	15	13	25	19
Gameplay	characters/player/walk_carry_theo16	48	48	15	19	28	16
Gameplay	characters/player/walk_carry_theo17	48	48	15	18	29	17
Gameplay	characters/player/walk_carry_theo18	48	48	15	19	28	16
Gameplay	characters/player_badeline/Swim12	32	32	7	21	14	10
Gameplay	characters/player_badeline/Swim13	32	32	7	21	14	11
Gameplay	characters/player_badeline/Swim14	32	32	8	22	13	10
Gameplay	characters/player_badeline/Swim15	32	32	8	22	14	10
Gameplay	characters/player_badeline/Swim16	32	32	8	22	15	10
Gameplay	characters/player_badeline/Swim17	32	32	8	22	15	10
Gameplay	characters/player_badeline/bangs00	10	10	1	0	8	7
Gameplay	characters/player_badeline/bangs01	10	10	1	0	8	7
Gameplay	characters/player_badeline/bangs02	10	10	1	0	8	8
Gameplay	characters/player_badeline/bigfall00	32	32	15	15	12	10
Gameplay	characters/player_badeline/bigfall01	32	32	15	15	12	10
Gameplay	characters/player_badeline/bigfall02	32	32	15	15	12	10
Gameplay	characters/player_badeline/bigfall03	32	32	15	15	12	10
Gameplay	characters/player_badeline/bigfall04	32	32	15	15	12	10
Gameplay	characters/player_badeline/bigfall05	32	32	15	16	12	10
Gameplay	characters/player_badeline/bigfall06	32	32	15	18	12	10
Gameplay	characters/player_badeline/bigfall07	32	32	14	18	11	12
Gameplay	characters/player_badeline/bigfall08	32	32	10	18	13	12
Gameplay	characters/player_badeline/bigfall09	32	32	9	19	12	12
Gameplay	characters/player_badeline/bigfall10	32	32	8	20	13	12
Gameplay	characters/player_badeline/bubble	32	32	5	5	23	23
Gameplay	characters/player_badeline/carrytheo_collapse00	32	32	0	20	30	12
Gameplay	characters/player_badeline/climb00	32	32	11	20	10	11
Gameplay	characters/player_badeline/climb01	32	32	11	20	10	10
Gameplay	characters/player_badeline/climb02	32	32	11	20	10	10
Gameplay	characters/player_badeline/climb03	32	32	11	20	10	11
Gameplay	characters/player_badeline/climb04	32	32	10	20	11	11
Gameplay	characters/player_badeline/climb05	32	32	10	20	11	11
Gameplay	characters/player_badeline/climb06	32	32	11	20	10	11
Gameplay	characters/player_badeline/climb07	32	32	11	20	10	11
Gameplay	characters/player_badeline/climb08	32	32	11	20	10	11
Gameplay	characters/player_badeline/climb09	32	32	11	20	10	11
Gameplay	characters/player_badeline/climb10	32	32	12	20	9	11
Gameplay	characters/player_badeline/climb11	32	32	13	20	8	11
Gameplay	characters/player_badeline/climb12	32	32	11	20	10	11
Gameplay	characters/player_badeline/climb13	32	32	10	20	11	11
Gameplay	characters/player_badeline/climb14	32	32	10	20	11	11
Gameplay	characters/player_badeline/dangling00	32	32	10	20	12	12
Gameplay	characters/player_badeline/dangling01	32	32	10	20	12	12
Gameplay	characters/player_badeline/dangling02	32	32	11	20	11	12
Gameplay	characters/player_badeline/dangling03	32	32	11	20	11	12
Gameplay	characters/player_badeline/dangling04	32	32	10	20	12	12
Gameplay	characters/player_badeline/dangling05	32	32	11	20	11	12
Gameplay	characters/player_badeline/dangling06	32	32	10	20	12	12
Gameplay	characters/player_badeline/dangling07	32	32	10	20	12	12
Gameplay	characters/player_badeline/dangling08	32	32	10	20	12	12
Gameplay	characters/player_badeline/dangling09	32	32	10	20	12	12
Gameplay	characters/player_badeline/dash00	32	32	8	20	15	12
Gameplay	characters/player_badeline/dash01	32	32	8	20	14	12
Gameplay	characters/player_badeline/dash02	32	32	8	20	14	12
Gameplay	characters/player_badeline/dash03	32	32	8	21	14	11
Gameplay	characters/player_badeline/deaddown00	32	32	11	20	11	12
Gameplay	characters/player_badeline/deaddown01	32	32	11	20	11	12
Gameplay	characters/player_badeline/deadside00	32	32	11	20	11	12
Gameplay	characters/player_badeline/deadside01	32	32	11	20	11	12
Gameplay	characters/player_badeline/deadup00	32	32	11	20	11	12
Gameplay	characters/player_badeline/deadup01	32	32	11	20	11	12
Gameplay	characters/player_badeline/death_h00	32	32	8	17	14	15
Gameplay	characters/player_badeline/death_h01	32	32	10	17	12	15
Gameplay	characters/player_badeline/death_h02	32	32	10	17	12	15
Gameplay	characters/player_badeline/death_h03	32	32	11	17	11	15
Gameplay	characters/player_badeline/death_h04	32	32	11	17	11	15
Gameplay	characters/player_badeline/death_h05	32	32	11	17	11	15
Gameplay	characters/player_badeline/death_h06	32	32	9	17	13	15
Gameplay	characters/player_badeline/death_h07	32	32	9	17	13	14
Gameplay	characters/player_badeline/death_h08	32	32	10	17	11	13
Gameplay	characters/player_badeline/death_h09	32	32	11	18	10	12
Gameplay	characters/player_badeline/death_h10	32	32	11	18	10	12
Gameplay	characters/player_badeline/death_h11	32	32	10	19	11	11
Gameplay	characters/player_badeline/death_h12	32	32	12	21	7	7
Gameplay	characters/player_badeline/death_h13	32	32	4	12	21	19
Gameplay	characters/player_badeline/death_h14	32	32	14	23	3	3
Gameplay	characters/player_badeline/dreamDash00	32	32	8	21	15	11
Gameplay	characters/player_badeline/dreamDash01	32	32	8	21	14	11
Gameplay	characters/player_badeline/dreamDash02	32	32	4	18	25	13
Gameplay	characters/player_badeline/dreamDash03	32	32	7	10	19	20
Gameplay	characters/player_badeline/dreamDash04	32	32	7	12	18	20
Gameplay	characters/player_badeline/dreamDash05	32	32	7	19	18	13
Gameplay	characters/player_badeline/dreamDash06	32	32	7	17	18	15
Gameplay	characters/player_badeline/dreamDash07	32	32	9	18	14	14
Gameplay	characters/player_badeline/dreamDash08	32	32	8	25	16	5
Gameplay	characters/player_badeline/dreamDash09	32	32	6	21	20	10
Gameplay	characters/player_badeline/dreamDash10	32	32	8	16	17	15
Gameplay	characters/player_badeline/dreamDash11	32	32	11	18	10	11
Gameplay	characters/player_badeline/dreamDash12	32	32	12	20	11	11
Gameplay	characters/player_badeline/dreamDash13	32	32	7	20	11	11
Gameplay	characters/player_badeline/dreamDash14	32	32	4	15	24	15
Gameplay	characters/player_badeline/dreamDash15	32	32	10	21	12	11
Gameplay	characters/player_badeline/dreamDash16	32	32	7	15	18	16
Gameplay	characters/player_badeline/dreamDash17	32	32	6	18	19	14
Gameplay	characters/player_badeline/dreamDash18	32	32	6	18	20	14
Gameplay	characters/player_badeline/dreamDash19	32	32	5	19	21	13
Gameplay	characters/player_badeline/dreamDash20	32	32	5	20	21	12
Gameplay	characters/player_badeline/duck	32	32	8	24	13	8
Gameplay	characters/player_badeline/edge00	32	32	7	20	14	12
Gameplay	characters/player_badeline/edge01	32	32	7	20	14	12
Gameplay	characters/player_badeline/edge02	32	32	7	20	14	12
Gameplay	characters/player_badeline/edge03	32	32	7	21	14	11
Gameplay	characters/player_badeline/edge04	32	32	7	21	14	11
Gameplay	characters/player_badeline/edge05	32	32	7	21	14	11
Gameplay	characters/player_badeline/edge06	32	32	7	20	14	12
Gameplay	characters/player_badeline/edge07	32	32	7	20	15	12
Gameplay	characters/player_badeline/edge08	32	32	7	20	15	12
Gameplay	characters/player_badeline/edge09	32	32	7	20	14	12
Gameplay	characters/player_badeline/edge10	32	32	7	21	15	11
Gameplay	characters/player_badeline/edge11	32	32	7	21	14	11
Gameplay	characters/player_badeline/edge12	32	32	7	21	14	11
Gameplay	characters/player_badeline/edge13	32	32	7	20	14	12
Gameplay	characters/player_badeline/edge_back00	32	32	11	20	12	12
Gameplay	characters/player_badeline/edge_back01	32	32	11	20	12	12
Gameplay	characters/player_badeline/edge_back02	32	32	11	20	12	12
Gameplay	characters/player_badeline/edge_back03	32	32	11	21	12	11
Gameplay	characters/player_badeline/edge_back04	32	32	9	20	13	12
Gameplay	characters/player_badeline/edge_back05	32	32	10	20	12	12
Gameplay	characters/player_badeline/edge_back06	32	32	11	20	12	12
Gameplay	characters/player_badeline/edge_back07	32	32	11	20	12	12
Gameplay	characters/player_badeline/edge_back08	32	32	12	20	11	12
Gameplay	characters/player_badeline/edge_back09	32	32	12	20	11	12
Gameplay	characters/player_badeline/edge_back10	32	32	13	21	12	11
Gameplay	characters/player_badeline/edge_back11	32	32	12	21	12	11
Gameplay	characters/player_badeline/edge_back12	32	32	12	21	12	11
Gameplay	characters/player_badeline/edge_back13	32	32	12	20	12	12
Gameplay	characters/player_badeline/faint00	32	32	8	23	13	9
Gameplay	characters/player_badeline/faint01	32	32	8	23	13	9
Gameplay	characters/player_badeline/faint02	32	32	8	22	13	10
Gameplay	characters/player_badeline/faint03	32	32	8	23	13	9
Gameplay	characters/player_badeline/faint04	32	32	9	23	13	9
Gameplay	characters/player_badeline/faint05	32	32	9	23	13	9
Gameplay	characters/player_badeline/faint06	32	32	9	24	13	8
Gameplay	characters/player_badeline/faint07	32	32	9	25	14	7
Gameplay	characters/player_badeline/faint08	32	32	10	24	15	8
Gameplay	characters/player_badeline/faint09	32	32	9	27	16	5
Gameplay	characters/player_badeline/faint10	32	32	9	26	16	6
Gameplay	characters/player_badeline/fall00	32	32	9	20	13	12
Gameplay	characters/player_badeline/fall01	32	32	9	20	13	12
Gameplay	characters/player_badeline/fall02	32	32	9	20	14	12
Gameplay	characters/player_badeline/fall03	32	32	9	20	14	12
Gameplay	characters/player_badeline/fall04	32	32	9	20	14	12
Gameplay	characters/player_badeline/fall05	32	32	9	20	14	12
Gameplay	characters/player_badeline/fall06	32	32	9	20	14	12
Gameplay	characters/player_badeline/fall07	32	32	9	20	14	12
Gameplay	characters/player_badeline/fallPose00	32	32	7	7	17	25
Gameplay	characters/player_badeline/fallPose01	32	32	7	6	16	26
Gameplay	characters/player_badeline/fallPose02	32	32	8	8	15	24
Gameplay	characters/player_badeline/fallPose03	32	32	6	11	17	21
Gameplay	characters/player_badeline/fallPose04	32	32	6	14	17	18
Gameplay	characters/player_badeline/fallPose05	32	32	6	17	17	15
Gameplay	characters/player_badeline/fallPose06	32	32	6	16	16	16
Gameplay	characters/player_badeline/fallPose07	32	32	6	16	15	16
Gameplay	characters/player_badeline/fallPose08	32	32	7	15	14	17
Gameplay	characters/player_badeline/fallPose09	32	32	8	15	13	17
Gameplay	characters/player_badeline/fallPose10	32	32	8	15	13	17
Gameplay	characters/player_badeline/flip00	32	32	11	21	14	11
Gameplay	characters/player_badeline/flip01	32	32	11	21	14	11
Gameplay	characters/player_badeline/flip02	32	32	11	21	13	11
Gameplay	characters/player_badeline/flip03	32	32	11	21	12	11
Gameplay	characters/player_badeline/flip04	32	32	11	21	12	11
Gameplay	characters/player_badeline/flip05	32	32	11	22	12	10
Gameplay	characters/player_badeline/flip06	32	32	11	22	12	10
Gameplay	characters/player_badeline/flip07	32	32	8	22	14	10
Gameplay	characters/player_badeline/flip08	32	32	12	22	11	10
Gameplay	characters/player_badeline/hair00	10	10	1	1	8	8
Gameplay	characters/player_badeline/halfWakeUp00	32	32	7	18	15	14
Gameplay	characters/player_badeline/hug00	32	32	8	23	15	9
Gameplay	characters/player_badeline/idle00	32	32	8	20	13	12
Gameplay	characters/player_badeline/idle01	32	32	8	20	13	12
Gameplay	characters/player_badeline/idle02	32	32	8	20	13	12
Gameplay	characters/player_badeline/idle03	32	32	8	20	13	12
Gameplay	characters/player_badeline/idle04	32	32	8	21	13	11
Gameplay	characters/player_badeline/idle05	32	32	8	21	13	11
Gameplay	characters/player_badeline/idle06	32	32	8	21	13	11
Gameplay	characters/player_badeline/idle07	32	32	8	21	13	11
Gameplay	characters/player_badeline/idle08	32	32	8	21	13	11
Gameplay	characters/player_badeline/idleA00	32	32	8	20	13	12
Gameplay	characters/player_badeline/idleA01	32	32	8	20	13	12
Gameplay	characters/player_badeline/idleA02	32	32	8	20	13	12
Gameplay	characters/player_badeline/idleA03	32	32	8	20	13	12
Gameplay	characters/player_badeline/idleA04	32	32	8	20	13	12
Gameplay	characters/player_badeline/idleA05	32	32	8	21	13	11
Gameplay	characters/player_badeline/idleA06	32	32	8	21	13	11
Gameplay	characters/player_badeline/idleA07	32	32	8	21	13	11
Gameplay	characters/player_badeline/idleA08	32	32	8	21	13	11
Gameplay	characters/player_badeline/idleA09	32	32	8	21	13	11
Gameplay	characters/player_badeline/idleA10	32	32	8	21	13	11
Gameplay	characters/player_badeline/idleA11	32	32	8	21	13	11
Gameplay	characters/player_badeline/idleB00	32	32	8	20	13	12
Gameplay	characters/player_badeline/idleB01	32	32	8	20	13	12
Gameplay	characters/player_badeline/idleB02	32	32	8	20	13	12
Gameplay	characters/player_badeline/idleB03	32	32	8	20	13	12
Gameplay	characters/player_badeline/idleB04	32	32	8	20	13	12
Gameplay	characters/player_badeline/idleB05	32	32	8	20	13	12
Gameplay	characters/player_badeline/idleB06	32	32	8	20	13	12
Gameplay	characters/player_badeline/idleB07	32	32	8	20	13	12
Gameplay	characters/player_badeline/idleB08	32	32	8	20	13	12
Gameplay	characters/player_badeline/idleB09	32	32	8	20	13	12
Gameplay	characters/player_badeline/idleB10	32	32	8	20	13	12
Gameplay	characters/player_badeline/idleB11	32	32	8	20	13	12
Gameplay	characters/player_badeline/idleB12	32	32	8	20	13	12
Gameplay	characters/player_badeline/idleB13	32	32	8	20	13	12
Gameplay	characters/player_badeline/idleB14	32	32	8	20	13	12
Gameplay	characters/player_badeline/idleB15	32	32	8	20	13	12
Gameplay	characters/player_badeline/idleB16	32	32	8	20	13	12
Gameplay	characters/player_badeline/idleB17	32	32	8	20	13	12
Gameplay	characters/player_badeline/idleB18	32	32	8	20	13	12
Gameplay	characters/player_badeline/idleB19	32	32	8	21	13	11
Gameplay	characters/player_badeline/idleB20	32	32	8	21	13	11
Gameplay	characters/player_badeline/idleB21	32	32	8	21	13	11
Gameplay	characters/player_badeline/idleB22	32	32	8	21	13	11
Gameplay	characters/player_badeline/idleB23	32	32	8	21	13	11
Gameplay	characters/player_badeline/idleC00	32	32	8	20	13	12
Gameplay	characters/player_badeline/idleC01	32	32	8	20	13	12
Gameplay	characters/player_badeline/idleC02	32	32	8	20	13	12
Gameplay	characters/player_badeline/idleC03	32	32	8	20	13	12
Gameplay	characters/player_badeline/idleC04	32	32	8	20	13	12
Gameplay	characters/player_badeline/idleC05	32	32	8	20	13	12
Gameplay	characters/player_badeline/idleC06	32	32	8	21	20	11
Gameplay	characters/player_badeline/idleC07	32	32	9	22	21	10
Gameplay	characters/player_badeline/idleC08	32	32	8	22	22	10
Gameplay	characters/player_badeline/idleC09	32	32	8	21	22	11
Gameplay	characters/player_badeline/idleC10	32	32	8	21	22	11
Gameplay	characters/player_badeline/idleC11	32	32	8	20	21	12
Gameplay	characters/player_badeline/idle_carry00	32	32	8	18	12	14
Gameplay	characters/player_badeline/idle_carry01	32	32	8	18	12	14
Gameplay	characters/player_badeline/idle_carry02	32	32	8	18	12	14
Gameplay	characters/player_badeline/idle_carry03	32	32	8	19	12	13
Gameplay	characters/player_badeline/idle_carry04	32	32	8	19	12	13
Gameplay	characters/player_badeline/idle_carry05	32	32	8	19	12	13
Gameplay	characters/player_badeline/idle_carry06	32	32	8	19	12	13
Gameplay	characters/player_badeline/idle_carry07	32	32	8	19	12	13
Gameplay	characters/player_badeline/idle_carry08	32	32	8	18	12	14
Gameplay	characters/player_badeline/jumpFast00	32	32	8	19	14	13
Gameplay	characters/player_badeline/jumpFast01	32	32	8	19	14	13
Gameplay	characters/player_badeline/jumpFast02	32	32	9	20	13	12
Gameplay	characters/player_badeline/jumpFast03	32	32	8	20	14	12
Gameplay	characters/player_badeline/jumpSlow00	32	32	8	19	14	13
Gameplay	characters/player_badeline/jumpSlow01	32	32	8	19	14	13
Gameplay	characters/player_badeline/jumpSlow02	32	32	9	20	13	12
Gameplay	characters/player_badeline/jumpSlow03	32	32	8	20	13	12
Gameplay	characters/player_badeline/jump_carry00	32	32	8	16	14	16
Gameplay	characters/player_badeline/jump_carry01	32	32	8	16	13	16
Gameplay	characters/player_badeline/jump_carry02	32	32	9	18	12	14
Gameplay	characters/player_badeline/jump_carry03	32	32	8	18	12	14
Gameplay	characters/player_badeline/launch00	32	32	9	14	13	18
Gameplay	characters/player_badeline/launch01	32	32	8	14	14	18
Gameplay	characters/player_badeline/launch02	32	32	8	14	14	18
Gameplay	characters/player_badeline/launch03	32	32	7	14	17	18
Gameplay	characters/player_badeline/launch04	32	32	7	14	15	18
Gameplay	characters/player_badeline/launch05	32	32	7	14	16	18
Gameplay	characters/player_badeline/launch06	32	32	7	14	16	18
Gameplay	characters/player_badeline/launch07	32	32	9	14	15	18
Gameplay	characters/player_badeline/launchRecover00	32	32	9	14	15	18
Gameplay	characters/player_badeline/launchRecover01	32	32	7	14	20	17
Gameplay	characters/player_badeline/launchRecover02	32	32	8	15	19	17
Gameplay	characters/player_badeline/launchRecover03	32	32	3	17	25	15
Gameplay	characters/player_badeline/launchRecover04	32	32	2	16	27	16
Gameplay	characters/player_badeline/launchRecover05	32	32	2	16	27	16
Gameplay	characters/player_badeline/launchRecover06	32	32	2	15	20	17
Gameplay	characters/player_badeline/launchRecover07	32	32	2	15	20	17
Gameplay	characters/player_badeline/launchRecover08	32	32	2	15	19	17
Gameplay	characters/player_badeline/launchRecover09	32	32	8	15	13	17
Gameplay	characters/player_badeline/launchRecover10	32	32	8	15	13	17
Gameplay	characters/player_badeline/lookUp00	32	32	8	20	13	12
Gameplay	characters/player_badeline/lookUp01	32	32	8	21	13	11
Gameplay	characters/player_badeline/lookUp02	32	32	8	20	13	12
Gameplay	characters/player_badeline/lookUp03	32	32	8	20	13	12
Gameplay	characters/player_badeline/lookUp04	32	32	8	20	13	12
Gameplay	characters/player_badeline/lookUp05	32	32	8	20	13	12
Gameplay	characters/player_badeline/lookUp06	32	32	8	19	13	13
Gameplay	characters/player_badeline/lookUp07	32	32	8	19	13	13
Gameplay	characters/player_badeline/pickup00	32	32	10	21	13	11
Gameplay	characters/player_badeline/pickup01	32	32	9	20	13	12
Gameplay	characters/player_badeline/pickup02	32	32	8	20	13	12
Gameplay	characters/player_badeline/pickup03	32	32	8	20	13	12
Gameplay	characters/player_badeline/pickup04	32	32	8	18	12	14
Gameplay	characters/player_badeline/push00	32	32	7	20	14	12
Gameplay	characters/player_badeline/push01	32	32	7	21	14	11
Gameplay	characters/player_badeline/push02	32	32	7	21	14	11
Gameplay	characters/player_badeline/push03	32	32	7	21	14	11
Gameplay	characters/player_badeline/push04	32	32	7	20	14	12
Gameplay	characters/player_badeline/push05	32	32	7	20	14	12
Gameplay	characters/player_badeline/push06	32	32	7	20	14	12
Gameplay	characters/player_badeline/push07	32	32	7	20	14	12
Gameplay	characters/player_badeline/push08	32	32	7	21	14	11
Gameplay	characters/player_badeline/push09	32	32	7	21	14	11
Gameplay	characters/player_badeline/push10	32	32	7	21	14	11
Gameplay	characters/player_badeline/push11	32	32	7	21	14	11
Gameplay	characters/player_badeline/push12	32	32	7	20	14	12
Gameplay	characters/player_badeline/push13	32	32	7	20	14	12
Gameplay	characters/player_badeline/push14	32	32	7	20	14	12
Gameplay	characters/player_badeline/push15	32	32	7	20	14	12
Gameplay	characters/player_badeline/roll00	32	32	8	15	14	16
Gameplay	characters/player_badeline/roll01	32	32	6	16	15	16
Gameplay	characters/player_badeline/roll02	32	32	5	20	20	12
Gameplay	characters/player_badeline/roll03	32	32	4	21	21	11
Gameplay	characters/player_badeline/roll04	32	32	4	22	21	10
Gameplay	characters/player_badeline/roll05	32	32	4	22	21	10
Gameplay	characters/player_badeline/roll06	32	32	4	23	21	9
Gameplay	characters/player_badeline/roll07	32	32	4	23	22	9
Gameplay	characters/player_badeline/roll08	32	32	8	22	18	10
Gameplay	characters/player_badeline/roll09	32	32	8	22	17	10
Gameplay	characters/player_badeline/roll10	32	32	8	22	17	10
Gameplay	characters/player_badeline/roll11	32	32	8	23	17	9
Gameplay	characters/player_badeline/roll12	32	32	8	23	17	9
Gameplay	characters/player_badeline/roll13	32	32	8	23	17	9
Gameplay	characters/player_badeline/roll14	32	32	10	21	12	11
Gameplay	characters/player_badeline/roll15	32	32	9	20	13	12
Gameplay	characters/player_badeline/runFast00	32	32	7	20	14	12
Gameplay	characters/player_badeline/runFast01	32	32	7	21	14	11
Gameplay	characters/player_badeline/runFast02	32	32	7	21	14	11
Gameplay	characters/player_badeline/runFast03	32	32	7	21	14	11
Gameplay	characters/player_badeline/runFast04	32	32	7	19	14	13
Gameplay	characters/player_badeline/runFast05	32	32	7	20	14	12
Gameplay	characters/player_badeline/runFast06	32	32	7	21	14	11
Gameplay	characters/player_badeline/runFast07	32	32	7	21	14	11
Gameplay	characters/player_badeline/runFast08	32	32	7	21	14	11
Gameplay	characters/player_badeline/runFast09	32	32	7	21	14	11
Gameplay	characters/player_badeline/runFast10	32	32	7	19	16	13
Gameplay	characters/player_badeline/runFast11	32	32	7	20	16	12
Gameplay	characters/player_badeline/runSlow00	32	32	7	20	14	12
Gameplay	characters/player_badeline/runSlow01	32	32	7	21	14	11
Gameplay	characters/player_badeline/runSlow02	32	32	7	21	14	11
Gameplay	characters/player_badeline/runSlow03	32	32	7	21	14	11
Gameplay	characters/player_badeline/runSlow04	32	32	7	19	14	13
Gameplay	characters/player_badeline/runSlow05	32	32	7	20	14	12
Gameplay	characters/player_badeline/runSlow06	32	32	7	21	14	11
Gameplay	characters/player_badeline/runSlow07	32	32	7	21	14	11
Gameplay	characters/player_badeline/runSlow08	32	32	7	21	14	11
Gameplay	characters/player_badeline/runSlow09	32	32	7	21	14	11
Gameplay	characters/player_badeline/runSlow10	32	32	7	19	14	13
Gameplay	characters/player_badeline/runSlow11	32	32	7	20	14	12
Gameplay	characters/player_badeline/runStumble00	32	32	7	22	15	10
Gameplay	characters/player_badeline/runStumble01	32	32	7	24	14	8
Gameplay	characters/player_badeline/runStumble02	32	32	7	23	14	9
Gameplay	characters/player_badeline/runStumble03	32	32	7	22	14	10
Gameplay	characters/player_badeline/runStumble04	32	32	7	20	14	12
Gameplay	characters/player_badeline/runStumble05	32	32	7	20	14	12
Gameplay	characters/player_badeline/runStumble06	32	32	7	21	14	11
Gameplay	characters/player_badeline/runStumble07	32	32	7	21	14	11
Gameplay	characters/player_badeline/runStumble08	32	32	7	21	14	11
Gameplay	characters/player_badeline/runStumble09	32	32	7	21	14	11
Gameplay	characters/player_badeline/runStumble10	32	32	7	19	16	13
Gameplay	characters/player_badeline/runStumble11	32	32	7	20	16	12
Gameplay	characters/player_badeline/run_carry00	32	32	7	18	14	14
Gameplay	characters/player_badeline/run_carry01	32	32	7	19	14	13
Gameplay	characters/player_badeline/run_carry02	32	32	7	19	14	13
Gameplay	characters/player_badeline/run_carry03	32	32	7	19	14	13
Gameplay	characters/player_badeline/run_carry04	32	32	7	16	14	16
Gameplay	characters/player_badeline/run_carry05	32	32	7	17	14	15
Gameplay	characters/player_badeline/run_carry06	32	32	7	18	14	14
Gameplay	characters/player_badeline/run_carry07	32	32	7	19	14	13
Gameplay	characters/player_badeline/run_carry08	32	32	7	19	14	13
Gameplay	characters/player_badeline/run_carry09	32	32	7	19	14	13
Gameplay	characters/player_badeline/run_carry10	32	32	7	16	14	16
Gameplay	characters/player_badeline/run_carry11	32	32	7	18	14	14
Gameplay	characters/player_badeline/run_wind00	32	32	9	20	15	12
Gameplay	characters/player_badeline/run_wind01	32	32	9	21	15	11
Gameplay	characters/player_badeline/run_wind02	32	32	10	21	15	11
Gameplay	characters/player_badeline/run_wind03	32	32	10	21	15	11
Gameplay	characters/player_badeline/run_wind04	32	32	9	20	15	12
Gameplay	characters/player_badeline/run_wind05	32	32	9	20	15	12
Gameplay	characters/player_badeline/run_wind06	32	32	9	21	15	11
Gameplay	characters/player_badeline/run_wind07	32	32	9	21	15	11
Gameplay	characters/player_badeline/run_wind08	32	32	9	21	15	11
Gameplay	characters/player_badeline/run_wind09	32	32	9	21	15	11
Gameplay	characters/player_badeline/run_wind10	32	32	9	19	15	13
Gameplay	characters/player_badeline/run_wind11	32	32	9	20	15	12
Gameplay	characters/player_badeline/shaking00	32	32	8	21	15	11
Gameplay	characters/player_badeline/sitDown00	32	32	8	15	13	17
Gameplay	characters/player_badeline/sitDown01	32	32	8	16	14	16
Gameplay	characters/player_badeline/sitDown02	32	32	8	16	14	16
Gameplay	characters/player_badeline/sitDown03	32	32	6	15	16	17
Gameplay	characters/player_badeline/sitDown04	32	32	7	14	15	18
Gameplay	characters/player_badeline/sitDown05	32	32	7	14	15	18
Gameplay	characters/player_badeline/sitDown06	32	32	7	14	15	18
Gameplay	characters/player_badeline/sitDown07	32	32	7	14	15	18
Gameplay	characters/player_badeline/sitDown08	32	32	7	14	15	18
Gameplay	characters/player_badeline/sitDown09	32	32	7	14	15	18
Gameplay	characters/player_badeline/sitDown10	32	32	7	14	15	18
Gameplay	characters/player_badeline/sitDown11	32	32	7	15	15	17
Gameplay	characters/player_badeline/sitDown12	32	32	7	15	15	17
Gameplay	characters/player_badeline/sitDown13	32	32	7	16	15	16
Gameplay	characters/player_badeline/sitDown14	32	32	7	17	15	15
Gameplay	characters/player_badeline/sitDown15	32	32	7	19	15	13
Gameplay	characters/player_badeline/sleep00	32	32	8	15	13	17
Gameplay	characters/player_badeline/sleep01	32	32	8	16	14	16
Gameplay	characters/player_badeline/sleep02	32	32	8	16	14	16
Gameplay	characters/player_badeline/sleep03	32	32	6	15	16	17
Gameplay	characters/player_badeline/sleep04	32	32	7	14	15	18
Gameplay	characters/player_badeline/sleep05	32	32	7	14	15	18
Gameplay	characters/player_badeline/sleep06	32	32	7	14	15	18
Gameplay	characters/player_badeline/sleep07	32	32	7	14	15	18
Gameplay	characters/player_badeline/sleep08	32	32	7	14	15	18
Gameplay	characters/player_badeline/sleep09	32	32	7	14	15	18
Gameplay	characters/player_badeline/sleep10	32	32	7	14	15	18
Gameplay	characters/player_badeline/sleep11	32	32	7	15	15	17
Gameplay	characters/player_badeline/sleep12	32	32	7	15	15	17
Gameplay	characters/player_badeline/sleep13	32	32	7	16	15	16
Gameplay	characters/player_badeline/sleep14	32	32	7	17	15	15
Gameplay	characters/player_badeline/sleep15	32	32	7	19	15	13
Gameplay	characters/player_badeline/sleep16	32	32	7	18	15	14
Gameplay	characters/player_badeline/sleep17	32	32	7	18	15	14
Gameplay	characters/player_badeline/sleep18	32	32	7	18	15	14
Gameplay	characters/player_badeline/sleep19	32	32	7	18	15	14
Gameplay	characters/player_badeline/sleep20	32	32	7	18	15	14
Gameplay	characters/player_badeline/sleep21	32	32	7	18	15	14
Gameplay	characters/player_badeline/sleep22	32	32	7	18	15	14
Gameplay	characters/player_badeline/sleep23	32	32	7	18	15	14
Gameplay	characters/player_badeline/slide00	32	32	8	24	15	8
Gameplay	characters/player_badeline/slide01	32	32	9	24	15	8
Gameplay	characters/player_badeline/slide02	32	32	9	24	15	8
Gameplay	characters/player_badeline/spin00	32	32	9	16	11	16
Gameplay	characters/player_badeline/spin01	32	32	10	16	10	16
Gameplay	characters/player_badeline/spin02	32	32	8	16	12	16
Gameplay	characters/player_badeline/spin03	32	32	9	16	12	16
Gameplay	characters/player_badeline/spin04	32	32	10	16	11	16
Gameplay	characters/player_badeline/spin05	32	32	10	16	12	16
Gameplay	characters/player_badeline/spin06	32	32	10	16	13	16
Gameplay	characters/player_badeline/spin07	32	32	10	16	13	16
Gameplay	characters/player_badeline/spin08	32	32	11	16	11	16
Gameplay	characters/player_badeline/spin09	32	32	11	16	12	16
Gameplay	characters/player_badeline/spin10	32	32	10	16	14	16
Gameplay	characters/player_badeline/spin11	32	32	9	16	14	16
Gameplay	characters/player_badeline/spin12	32	32	9	16	15	16
Gameplay	characters/player_badeline/spin13	32	32	8	16	14	16
Gameplay	characters/player_badeline/starFly00	32	32	11	21	10	10
Gameplay	characters/player_badeline/starMorph00	32	32	3	4	26	27
Gameplay	characters/player_badeline/starMorph01	32	32	4	5	25	26
Gameplay	characters/player_badeline/starMorph02	32	32	7	12	17	19
Gameplay	characters/player_badeline/starMorph03	32	32	3	7	25	25
Gameplay	characters/player_badeline/starMorph04	32	32	6	13	18	18
Gameplay	characters/player_badeline/starMorph05	32	32	6	13	18	18
Gameplay	characters/player_badeline/starMorph06	32	32	5	9	23	22
Gameplay	characters/player_badeline/starMorph07	32	32	4	11	25	20
Gameplay	characters/player_badeline/starMorph08	32	32	3	11	26	20
Gameplay	characters/player_badeline/starMorph09	32	32	8	11	16	16
Gameplay	characters/player_badeline/starMorph10	32	32	7	10	18	18
Gameplay	characters/player_badeline/starMorph11	32	32	8	11	16	16
Gameplay	characters/player_badeline/starMorph12	32	32	8	11	16	16
Gameplay	characters/player_badeline/starMorph13	32	32	7	10	18	18
Gameplay	characters/player_badeline/starMorph14	32	32	8	11	16	16
Gameplay	characters/player_badeline/starMorph15	32	32	8	11	16	16
Gameplay	characters/player_badeline/starMorph16	32	32	7	10	18	18
Gameplay	characters/player_badeline/starMorph17	32	32	8	11	16	16
Gameplay	characters/player_badeline/startStarFly00	32	32	9	20	13	12
Gameplay	characters/player_badeline/startStarFly01	32	32	10	20	12	12
Gameplay	characters/player_badeline/startStarFly02	32	32	11	21	10	10
Gameplay	characters/player_badeline/startStarFly03	32	32	11	22	10	9
Gameplay	characters/player_badeline/startStarFlyWhite00	32	32	9	20	13	12
Gameplay	characters/player_badeline/startStarFlyWhite01	32	32	10	20	12	12
Gameplay	characters/player_badeline/startStarFlyWhite02	32	32	11	21	10	10
Gameplay	characters/player_badeline/startStarFlyWhite03	32	32	11	22	10	9
Gameplay	characters/player_badeline/swim00	32	32	8	20	13	12
Gameplay	characters/player_badeline/swim01	32	32	8	20	13	12
Gameplay	characters/player_badeline/swim02	32	32	8	20	13	12
Gameplay	characters/player_badeline/swim03	32	32	8	20	14	12
Gameplay	characters/player_badeline/swim04	32	32	8	20	15	12
Gameplay	characters/player_badeline/swim05	32	32	8	20	14	12
Gameplay	characters/player_badeline/swim06	32	32	8	19	14	13
Gameplay	characters/player_badeline/swim07	32	32	8	19	13	13
Gameplay	characters/player_badeline/swim08	32	32	8	20	14	11
Gameplay	characters/player_badeline/swim09	32	32	8	20	13	11
Gameplay	characters/player_badeline/swim10	32	32	8	20	13	12
Gameplay	characters/player_badeline/swim11	32	32	8	20	13	12
Gameplay	characters/player_badeline/tentacle/grab00	32	128	9	15	13	113
Gameplay	characters/player_badeline/tentacle/grab01	32	128	9	15	13	113
Gameplay	characters/player_badeline/tentacle/grab02	32	128	9	15	17	113
Gameplay	characters/player_badeline/tentacle/grab03	32	128	9	15	18	113
Gameplay	characters/player_badeline/tentacle/grab04	32	128	7	15	19	113
Gameplay	characters/player_badeline/tentacle/grab05	32	128	6	15	21	113
Gameplay	characters/player_badeline/tentacle/grab06	32	128	3	15	25	113
Gameplay	characters/player_badeline/tentacle/grab07	32	128	2	15	28	113
Gameplay	characters/player_badeline/tentacle/grab08	32	128	2	15	28	113
Gameplay	characters/player_badeline/tentacle/grab09	32	128	2	15	28	113
Gameplay	characters/player_badeline/tentacle/grab10	32	128	2	15	28	113
Gameplay	characters/player_badeline/tentacle/grab11	32	128	1	15	30	113
Gameplay	characters/player_badeline/tentacle/grab12	32	128	8	19	15	109
Gameplay	characters/player_badeline/tentacle/grab13	32	128	7	18	18	110
Gameplay	characters/player_badeline/tentacle/grab14	32	128	7	17	18	111
Gameplay	characters/player_badeline/tentacle/grab15	32	128	7	17	18	111
Gameplay	characters/player_badeline/tentacle/grab16	32	128	7	17	18	111
Gameplay	characters/player_badeline/tentacle/grab17	32	128	7	17	18	111
Gameplay	characters/player_badeline/tentacle/grab18	32	128	8	17	17	111
Gameplay	characters/player_badeline/tentacle/grab19	32	128	8	19	15	109
Gameplay	characters/player_badeline/tentacle/grab20	32	128	7	17	18	111
Gameplay	characters/player_badeline/tentacle/grab21	32	128	7	17	18	111
Gameplay	characters/player_badeline/tentacle/grab22	32	128	7	17	18	111
Gameplay	characters/player_badeline/tentacle/grab23	32	128	8	17	17	111
Gameplay	characters/player_badeline/tentacle/grab24	32	128	9	19	14	109
Gameplay	characters/player_badeline/tentacle/grab25	32	128	10	23	13	105
Gameplay	characters/player_badeline/throw00	32	32	8	16	13	16
Gameplay	characters/player_badeline/throw01	32	32	10	18	13	14
Gameplay	characters/player_badeline/throw02	32	32	9	20	14	12
Gameplay	characters/player_badeline/throw03	32	32	9	20	13	12
Gameplay	characters/player_badeline/tired00	32	32	8	23	13	9
Gameplay	characters/player_badeline/tired01	32	32	8	24	13	8
Gameplay	characters/player_badeline/tired02	32	32	8	23	13	9
Gameplay	characters/player_badeline/tired03	32	32	8	22	13	10
Gameplay	characters/player_badeline/wakeUp/00	32	32	7	18	15	14
Gameplay	characters/player_badeline/wakeUp/01	32	32	7	18	15	14
Gameplay	characters/player_badeline/wakeUp/02	32	32	7	18	15	14
Gameplay	characters/player_badeline/wakeUp/03	32	32	7	18	15	14
Gameplay	characters/player_badeline/wakeUp/04	32	32	7	18	15	14
Gameplay	characters/player_badeline/wakeUp/05	32	32	7	18	15	14
Gameplay	characters/player_badeline/wakeUp/06	32	32	7	18	15	14
Gameplay	characters/player_badeline/wakeUp/07	32	32	7	18	15	14
Gameplay	characters/player_badeline/wakeUp/08	32	32	7	19	15	13
Gameplay	characters/player_badeline/wakeUp/09	32	32	7	18	15	14
Gameplay	characters/player_badeline/wakeUp/10	32	32	7	18	15	14
Gameplay	characters/player_badeline/wakeUp/11	32	32	7	18	15	14
Gameplay	characters/player_badeline/wakeUp/12	32	32	8	17	14	15
Gameplay	characters/player_badeline/wakeUp/13	32	32	8	16	14	16
Gameplay	characters/player_badeline/wakeUp/14	32	32	8	15	13	17
Gameplay	characters/player_badeline/walk00	32	32	7	20	14	12
Gameplay	characters/player_badeline/walk01	32	32	7	21	14	11
Gameplay	characters/player_badeline/walk02	32	32	7	21	14	11
Gameplay	characters/player_badeline/walk03	32	32	7	21	14	11
Gameplay	characters/player_badeline/walk04	32	32	7	20	14	12
Gameplay	characters/player_badeline/walk05	32	32	7	20	14	12
Gameplay	characters/player_badeline/walk06	32	32	7	21	14	11
Gameplay	characters/player_badeline/walk07	32	32	7	21	14	11
Gameplay	characters/player_badeline/walk08	32	32	7	21	14	11
Gameplay	characters/player_badeline/walk09	32	32	7	21	14	11
Gameplay	characters/player_badeline/walk10	32	32	7	20	14	12
Gameplay	characters/player_badeline/walk11	32	32	7	20	14	12
Gameplay	characters/player_badeline/walk_carry_theo00	48	48	11	9	20	23
Gameplay	characters/player_badeline/walk_carry_theo01	48	48	11	10	20	22
Gameplay	characters/player_badeline/walk_carry_theo02	48	48	11	10	20	22
Gameplay	characters/player_badeline/walk_carry_theo03	48	48	11	10	20	22
Gameplay	characters/player_badeline/walk_carry_theo04	48	48	11	10	20	22
Gameplay	characters/player_badeline/walk_carry_theo05	48	48	11	9	20	23
Gameplay	characters/player_badeline/walk_carry_theo06	48	48	11	9	20	23
Gameplay	characters/player_badeline/walk_carry_theo07	48	48	11	9	20	23
Gameplay	characters/player_badeline/walk_carry_theo08	48	48	11	10	19	22
Gameplay	characters/player_badeline/walk_carry_theo09	48	48	11	10	19	22
Gameplay	characters/player_badeline/walk_carry_theo10	48	48	11	10	20	22
Gameplay	characters/player_badeline/walk_carry_theo11	48	48	11	9	20	23
Gameplay	characters/player_badeline/walk_carry_theo12	48	48	13	8	19	24
Gameplay	characters/player_badeline/walk_carry_theo13	48	48	14	7	19	25
Gameplay	characters/player_badeline/walk_carry_theo14	48	48	15	7	18	25
Gameplay	characters/player_badeline/walk_carry_theo15	48	48	15	13	25	19
Gameplay	characters/player_badeline/walk_carry_theo16	48	48	15	19	28	16
Gameplay	characters/player_badeline/walk_carry_theo17	48	48	15	18	29	17
Gameplay	characters/player_badeline/walk_carry_theo18	48	48	15	19	28	16
Gameplay	characters/player_no_backpack/bubble	32	32	5	5	23	23
Gameplay	characters/player_no_backpack/climb00	32	32	13	20	8	11
Gameplay	characters/player_no_backpack/climb01	32	32	13	20	8	10
Gameplay	characters/player_no_backpack/climb02	32	32	13	20	8	9
Gameplay	characters/player_no_backpack/climb03	32	32	13	20	8	11
Gameplay	characters/player_no_backpack/climb04	32	32	13	20	8	11
Gameplay	characters/player_no_backpack/climb05	32	32	13	20	8	11
Gameplay	characters/player_no_backpack/climb06	32	32	13	20	8	11
Gameplay	characters/player_no_backpack/climb07	32	32	13	20	8	11
Gameplay	characters/player_no_backpack/climb08	32	32	13	20	8	11
Gameplay	characters/player_no_backpack/climb09	32	32	14	20	7	11
Gameplay	characters/player_no_backpack/climb10	32	32	15	20	6	11
Gameplay	characters/player_no_backpack/climb11	32	32	15	20	6	11
Gameplay	characters/player_no_backpack/climb12	32	32	13	20	8	11
Gameplay	characters/player_no_backpack/climb13	32	32	12	20	9	11
Gameplay	characters/player_no_backpack/climb14	32	32	12	20	9	11
Gameplay	characters/player_no_backpack/dangling00	32	32	14	20	8	12
Gameplay	characters/player_no_backpack/dangling01	32	32	14	20	8	12
Gameplay	characters/player_no_backpack/dangling02	32	32	14	20	8	12
Gameplay	characters/player_no_backpack/dangling03	32	32	14	20	8	12
Gameplay	characters/player_no_backpack/dangling04	32	32	13	20	9	12
Gameplay	characters/player_no_backpack/dangling05	32	32	14	20	8	12
Gameplay	characters/player_no_backpack/dangling06	32	32	14	20	8	12
Gameplay	characters/player_no_backpack/dangling07	32	32	14	20	8	12
Gameplay	characters/player_no_backpack/dangling08	32	32	14	20	8	12
Gameplay	characters/player_no_backpack/dangling09	32	32	14	20	8	12
Gameplay	characters/player_no_backpack/dash00	32	32	10	21	13	11
Gameplay	characters/player_no_backpack/dash01	32	32	9	21	13	11
Gameplay	characters/player_no_backpack/dash02	32	32	9	21	13	11
Gameplay	characters/player_no_backpack/dash03	32	32	9	22	14	10
Gameplay	characters/player_no_backpack/duck	32	32	11	24	10	8
Gameplay	characters/player_no_backpack/edge00	32	32	9	20	12	12
Gameplay	characters/player_no_backpack/edge01	32	32	9	20	12	12
Gameplay	characters/player_no_backpack/edge02	32	32	9	20	12	12
Gameplay	characters/player_no_backpack/edge03	32	32	9	21	12	11
Gameplay	characters/player_no_backpack/edge04	32	32	9	21	12	11
Gameplay	characters/player_no_backpack/edge05	32	32	9	21	12	11
Gameplay	characters/player_no_backpack/edge06	32	32	9	20	12	12
Gameplay	characters/player_no_backpack/edge07	32	32	10	20	12	12
Gameplay	characters/player_no_backpack/edge08	32	32	10	20	12	12
Gameplay	characters/player_no_backpack/edge09	32	32	9	20	12	12
Gameplay	characters/player_no_backpack/edge10	32	32	10	21	12	11
Gameplay	characters/player_no_backpack/edge11	32	32	9	21	12	11
Gameplay	characters/player_no_backpack/edge12	32	32	9	21	12	11
Gameplay	characters/player_no_backpack/edge13	32	32	9	20	12	12
Gameplay	characters/player_no_backpack/flip00	32	32	11	21	10	11
Gameplay	characters/player_no_backpack/flip01	32	32	11	21	10	11
Gameplay	characters/player_no_backpack/flip02	32	32	11	21	10	11
Gameplay	characters/player_no_backpack/flip03	32	32	11	21	11	11
Gameplay	characters/player_no_backpack/flip04	32	32	11	21	11	11
Gameplay	characters/player_no_backpack/flip05	32	32	11	22	12	10
Gameplay	characters/player_no_backpack/flip06	32	32	13	22	10	10
Gameplay	characters/player_no_backpack/flip07	32	32	11	22	11	10
Gameplay	characters/player_no_backpack/flip08	32	32	12	22	10	10
Gameplay	characters/player_no_backpack/idle00	32	32	11	20	11	12
Gameplay	characters/player_no_backpack/idle01	32	32	11	20	11	12
Gameplay	characters/player_no_backpack/idle02	32	32	11	20	11	12
Gameplay	characters/player_no_backpack/idle03	32	32	11	21	11	11
Gameplay	characters/player_no_backpack/idle04	32	32	11	21	11	11
Gameplay	characters/player_no_backpack/idle05	32	32	11	21	11	11
Gameplay	characters/player_no_backpack/idle06	32	32	11	21	11	11
Gameplay	characters/player_no_backpack/idle07	32	32	11	21	11	11
Gameplay	characters/player_no_backpack/idleA00	32	32	11	20	11	12
Gameplay	characters/player_no_backpack/idleA01	32	32	11	20	11	12
Gameplay	characters/player_no_backpack/idleA02	32	32	11	20	11	12
Gameplay	characters/player_no_backpack/idleA03	32	32	11	19	11	13
Gameplay	characters/player_no_backpack/idleA04	32	32	11	19	12	13
Gameplay	characters/player_no_backpack/idleA05	32	32	11	19	12	13
Gameplay	characters/player_no_backpack/idleA06	32	32	11	19	12	13
Gameplay	characters/player_no_backpack/idleA07	32	32	11	19	12	13
Gameplay	characters/player_no_backpack/idleA08	32	32	11	19	12	13
Gameplay	characters/player_no_backpack/idleA09	32	32	11	19	12	13
Gameplay	characters/player_no_backpack/idleA10	32	32	11	19	11	13
Gameplay	characters/player_no_backpack/idleA11	32	32	11	20	11	12
Gameplay	characters/player_no_backpack/idleB00	32	32	11	20	11	12
Gameplay	characters/player_no_backpack/idleB01	32	32	11	20	11	12
Gameplay	characters/player_no_backpack/idleB02	32	32	11	20	11	12
Gameplay	characters/player_no_backpack/idleB03	32	32	11	18	11	14
Gameplay	characters/player_no_backpack/idleB04	32	32	11	18	11	14
Gameplay	characters/player_no_backpack/idleB05	32	32	11	18	11	14
Gameplay	characters/player_no_backpack/idleB06	32	32	11	18	11	14
Gameplay	characters/player_no_backpack/idleB07	32	32	11	18	11	14
Gameplay	characters/player_no_backpack/idleB08	32	32	11	18	11	14
Gameplay	characters/player_no_backpack/idleB09	32	32	11	18	11	14
Gameplay	characters/player_no_backpack/idleB10	32	32	11	18	11	14
Gameplay	characters/player_no_backpack/idleB11	32	32	11	18	11	14
Gameplay	characters/player_no_backpack/idleB12	32	32	11	18	11	14
Gameplay	characters/player_no_backpack/idleB13	32	32	11	20	11	12
Gameplay	characters/player_no_backpack/idleB14	32	32	11	20	11	12
Gameplay	characters/player_no_backpack/idleC00	32	32	11	20	11	12
Gameplay	characters/player_no_backpack/idleC01	32	32	11	21	11	11
Gameplay	characters/player_no_backpack/idleC02	32	32	11	19	11	13
Gameplay	characters/player_no_backpack/idleC03	32	32	11	21	11	11
Gameplay	characters/player_no_backpack/idleC04	32	32	11	20	11	12
Gameplay	characters/player_no_backpack/idleC05	32	32	11	19	11	13
Gameplay	characters/player_no_backpack/idleC06	32	32	11	21	11	11
Gameplay	characters/player_no_backpack/idleC07	32	32	11	19	11	13
Gameplay	characters/player_no_backpack/idleC08	32	32	11	21	11	11
Gameplay	characters/player_no_backpack/idleC09	32	32	11	20	11	12
Gameplay	characters/player_no_backpack/idleC10	32	32	11	19	11	13
Gameplay	characters/player_no_backpack/idleC11	32	32	11	21	11	11
Gameplay	characters/player_no_backpack/idleC12	32	32	11	20	11	12
Gameplay	characters/player_no_backpack/idleC13	32	32	11	20	11	12
Gameplay	characters/player_no_backpack/idleC14	32	32	11	20	11	12
Gameplay	characters/player_no_backpack/idle_carry00	32	32	11	18	9	14
Gameplay	characters/player_no_backpack/idle_carry01	32	32	11	18	9	14
Gameplay	characters/player_no_backpack/idle_carry02	32	32	11	18	9	14
Gameplay	characters/player_no_backpack/idle_carry03	32	32	11	19	9	13
Gameplay	characters/player_no_backpack/idle_carry04	32	32	11	19	9	13
Gameplay	characters/player_no_backpack/idle_carry05	32	32	11	19	9	13
Gameplay	characters/player_no_backpack/idle_carry06	32	32	11	19	9	13
Gameplay	characters/player_no_backpack/idle_carry07	32	32	11	19	9	13
Gameplay	characters/player_no_backpack/idle_carry08	32	32	11	18	9	14
Gameplay	characters/player_no_backpack/jumpFast00	32	32	10	19	12	13
Gameplay	characters/player_no_backpack/jumpFast01	32	32	11	19	11	13
Gameplay	characters/player_no_backpack/jumpFast02	32	32	12	20	10	12
Gameplay	characters/player_no_backpack/jumpFast03	32	32	10	20	12	12
Gameplay	characters/player_no_backpack/jumpSlow00	32	32	10	19	12	13
Gameplay	characters/player_no_backpack/jumpSlow01	32	32	11	19	11	13
Gameplay	characters/player_no_backpack/jumpSlow02	32	32	11	20	11	12
Gameplay	characters/player_no_backpack/jumpSlow03	32	32	10	20	11	12
Gameplay	characters/player_no_backpack/jump_carry00	32	32	10	16	12	16
Gameplay	characters/player_no_backpack/jump_carry01	32	32	11	16	10	16
Gameplay	characters/player_no_backpack/jump_carry02	32	32	12	18	9	14
Gameplay	characters/player_no_backpack/jump_carry03	32	32	11	18	9	14
Gameplay	characters/player_no_backpack/launch00	32	32	9	14	13	18
Gameplay	characters/player_no_backpack/launch01	32	32	8	14	14	18
Gameplay	characters/player_no_backpack/launch02	32	32	8	14	14	18
Gameplay	characters/player_no_backpack/launch03	32	32	7	14	15	18
Gameplay	characters/player_no_backpack/launch04	32	32	7	14	15	18
Gameplay	characters/player_no_backpack/launch05	32	32	7	14	16	18
Gameplay	characters/player_no_backpack/launch06	32	32	7	14	15	18
Gameplay	characters/player_no_backpack/launch07	32	32	9	14	15	18
Gameplay	characters/player_no_backpack/launchRecover00	32	32	9	14	15	18
Gameplay	characters/player_no_backpack/launchRecover01	32	32	9	14	18	17
Gameplay	characters/player_no_backpack/launchRecover02	32	32	9	15	18	17
Gameplay	characters/player_no_backpack/launchRecover03	32	32	3	17	25	15
Gameplay	characters/player_no_backpack/launchRecover04	32	32	2	16	27	16
Gameplay	characters/player_no_backpack/launchRecover05	32	32	2	16	27	16
Gameplay	characters/player_no_backpack/launchRecover06	32	32	2	15	20	17
Gameplay	characters/player_no_backpack/launchRecover07	32	32	2	15	20	17
Gameplay	characters/player_no_backpack/launchRecover08	32	32	2	15	20	17
Gameplay	characters/player_no_backpack/launchRecover09	32	32	11	15	11	17
Gameplay	characters/player_no_backpack/lookUp00	32	32	11	20	11	12
Gameplay	characters/player_no_backpack/lookUp01	32	32	11	21	11	11
Gameplay	characters/player_no_backpack/lookUp02	32	32	11	20	11	12
Gameplay	characters/player_no_backpack/lookUp03	32	32	11	20	11	12
Gameplay	characters/player_no_backpack/lookUp04	32	32	10	20	12	12
Gameplay	characters/player_no_backpack/lookUp05	32	32	10	20	12	12
Gameplay	characters/player_no_backpack/lookUp06	32	32	10	19	12	13
Gameplay	characters/player_no_backpack/lookUp07	32	32	10	19	12	13
Gameplay	characters/player_no_backpack/pickup00	32	32	11	21	12	11
Gameplay	characters/player_no_backpack/pickup01	32	32	11	20	11	12
Gameplay	characters/player_no_backpack/pickup02	32	32	11	20	10	12
Gameplay	characters/player_no_backpack/pickup03	32	32	11	20	10	12
Gameplay	characters/player_no_backpack/pickup04	32	32	11	18	9	14
Gameplay	characters/player_no_backpack/push00	32	32	10	20	11	12
Gameplay	characters/player_no_backpack/push01	32	32	10	21	11	11
Gameplay	characters/player_no_backpack/push02	32	32	10	21	11	11
Gameplay	characters/player_no_backpack/push03	32	32	10	21	11	11
Gameplay	characters/player_no_backpack/push04	32	32	9	20	12	12
Gameplay	characters/player_no_backpack/push05	32	32	9	20	12	12
Gameplay	characters/player_no_backpack/push06	32	32	9	20	12	12
Gameplay	characters/player_no_backpack/push07	32	32	10	20	11	12
Gameplay	characters/player_no_backpack/push08	32	32	10	21	11	11
Gameplay	characters/player_no_backpack/push09	32	32	11	21	10	11
Gameplay	characters/player_no_backpack/push10	32	32	11	21	10	11
Gameplay	characters/player_no_backpack/push11	32	32	11	21	10	11
Gameplay	characters/player_no_backpack/push12	32	32	10	20	11	12
Gameplay	characters/player_no_backpack/push13	32	32	10	20	11	12
Gameplay	characters/player_no_backpack/push14	32	32	10	20	11	12
Gameplay	characters/player_no_backpack/push15	32	32	10	20	11	12
Gameplay	characters/player_no_backpack/roll00	32	32	8	15	14	16
Gameplay	characters/player_no_backpack/roll01	32	32	6	16	15	16
Gameplay	characters/player_no_backpack/roll02	32	32	5	20	20	12
Gameplay	characters/player_no_backpack/roll03	32	32	4	21	21	11
Gameplay	characters/player_no_backpack/roll04	32	32	4	22	21	10
Gameplay	characters/player_no_backpack/roll05	32	32	4	22	21	10
Gameplay	characters/player_no_backpack/roll06	32	32	4	23	21	9
Gameplay	characters/player_no_backpack/roll07	32	32	4	23	22	9
Gameplay	characters/player_no_backpack/roll08	32	32	8	22	18	10
Gameplay	characters/player_no_backpack/roll09	32	32	8	22	17	10
Gameplay	characters/player_no_backpack/roll10	32	32	8	22	17	10
Gameplay	characters/player_no_backpack/roll11	32	32	8	23	17	9
Gameplay	characters/player_no_backpack/roll12	32	32	8	23	17	9
Gameplay	characters/player_no_backpack/roll13	32	32	8	23	17	9
Gameplay	characters/player_no_backpack/roll14	32	32	10	21	12	11
Gameplay	characters/player_no_backpack/roll15	32	32	9	20	13	12
Gameplay	characters/player_no_backpack/roll16	32	32	9	19	13	13
Gameplay	characters/player_no_backpack/runFast00	32	32	10	20	11	12
Gameplay	characters/player_no_backpack/runFast01	32	32	11	21	10	11
Gameplay	characters/player_no_backpack/runFast02	32	32	10	21	11	11
Gameplay	characters/player_no_backpack/runFast03	32	32	10	21	11	11
Gameplay	characters/player_no_backpack/runFast04	32	32	9	19	12	13
Gameplay	characters/player_no_backpack/runFast05	32	32	9	20	12	12
Gameplay	characters/player_no_backpack/runFast06	32	32	10	21	11	11
Gameplay	characters/player_no_backpack/runFast07	32	32	11	21	10	11
Gameplay	characters/player_no_backpack/runFast08	32	32	11	21	10	11
Gameplay	characters/player_no_backpack/runFast09	32	32	10	21	11	11
Gameplay	characters/player_no_backpack/runFast10	32	32	9	19	14	13
Gameplay	characters/player_no_backpack/runFast11	32	32	9	20	14	12
Gameplay	characters/player_no_backpack/runSlow00	32	32	10	20	11	12
Gameplay	characters/player_no_backpack/runSlow01	32	32	11	21	10	11
Gameplay	characters/player_no_backpack/runSlow02	32	32	11	21	10	11
Gameplay	characters/player_no_backpack/runSlow03	32	32	11	21	10	11
Gameplay	characters/player_no_backpack/runSlow04	32	32	9	19	12	13
Gameplay	characters/player_no_backpack/runSlow05	32	32	9	20	12	12
Gameplay	characters/player_no_backpack/runSlow06	32	32	10	21	11	11
Gameplay	characters/player_no_backpack/runSlow07	32	32	11	21	10	11
Gameplay	characters/player_no_backpack/runSlow08	32	32	11	21	10	11
Gameplay	characters/player_no_backpack/runSlow09	32	32	10	21	11	11
Gameplay	characters/player_no_backpack/runSlow10	32	32	10	19	11	13
Gameplay	characters/player_no_backpack/runSlow11	32	32	10	20	11	12
Gameplay	characters/player_no_backpack/runStumble00	32	32	10	22	12	10
Gameplay	characters/player_no_backpack/runStumble01	32	32	10	24	11	8
Gameplay	characters/player_no_backpack/runStumble02	32	32	10	23	11	9
Gameplay	characters/player_no_backpack/runStumble03	32	32	11	22	10	10
Gameplay	characters/player_no_backpack/runStumble04	32	32	9	20	12	12
Gameplay	characters/player_no_backpack/runStumble05	32	32	9	20	12	12
Gameplay	characters/player_no_backpack/runStumble06	32	32	11	21	10	11
Gameplay	characters/player_no_backpack/runStumble07	32	32	11	21	10	11
Gameplay	characters/player_no_backpack/runStumble08	32	32	11	21	10	11
Gameplay	characters/player_no_backpack/runStumble09	32	32	11	21	10	11
Gameplay	characters/player_no_backpack/runStumble10	32	32	9	19	14	13
Gameplay	characters/player_no_backpack/runStumble11	32	32	9	20	14	12
Gameplay	characters/player_no_backpack/run_carry00	32	32	10	18	11	14
Gameplay	characters/player_no_backpack/run_carry01	32	32	11	19	10	13
Gameplay	characters/player_no_backpack/run_carry02	32	32	11	19	10	13
Gameplay	characters/player_no_backpack/run_carry03	32	32	11	19	10	13
Gameplay	characters/player_no_backpack/run_carry04	32	32	9	16	12	16
Gameplay	characters/player_no_backpack/run_carry05	32	32	9	17	12	15
Gameplay	characters/player_no_backpack/run_carry06	32	32	11	18	10	14
Gameplay	characters/player_no_backpack/run_carry07	32	32	11	19	10	13
Gameplay	characters/player_no_backpack/run_carry08	32	32	11	19	10	13
Gameplay	characters/player_no_backpack/run_carry09	32	32	11	19	10	13
Gameplay	characters/player_no_backpack/run_carry10	32	32	11	16	10	16
Gameplay	characters/player_no_backpack/run_carry11	32	32	11	18	10	14
Gameplay	characters/player_no_backpack/run_wind00	32	32	10	20	14	12
Gameplay	characters/player_no_backpack/run_wind01	32	32	11	21	13	11
Gameplay	characters/player_no_backpack/run_wind02	32	32	12	21	13	11
Gameplay	characters/player_no_backpack/run_wind03	32	32	11	21	14	11
Gameplay	characters/player_no_backpack/run_wind04	32	32	9	20	15	12
Gameplay	characters/player_no_backpack/run_wind05	32	32	9	20	15	12
Gameplay	characters/player_no_backpack/run_wind06	32	32	11	21	13	11
Gameplay	characters/player_no_backpack/run_wind07	32	32	11	21	13	11
Gameplay	characters/player_no_backpack/run_wind08	32	32	12	21	12	11
Gameplay	characters/player_no_backpack/run_wind09	32	32	12	21	12	11
Gameplay	characters/player_no_backpack/run_wind10	32	32	11	19	13	13
Gameplay	characters/player_no_backpack/run_wind11	32	32	11	20	13	12
Gameplay	characters/player_no_backpack/shaking00	32	32	8	21	15	11
Gameplay	characters/player_no_backpack/sitDown00	32	32	10	14	12	18
Gameplay	characters/player_no_backpack/sitDown01	32	32	10	14	12	18
Gameplay	characters/player_no_backpack/sitDown02	32	32	10	14	12	18
Gameplay	characters/player_no_backpack/sitDown03	32	32	10	14	12	18
Gameplay	characters/player_no_backpack/sitDown04	32	32	10	14	12	18
Gameplay	characters/player_no_backpack/sitDown05	32	32	10	14	12	18
Gameplay	characters/player_no_backpack/sitDown06	32	32	10	14	12	18
Gameplay	characters/player_no_backpack/sitDown07	32	32	10	14	12	18
Gameplay	characters/player_no_backpack/sitDown08	32	32	10	14	12	18
Gameplay	characters/player_no_backpack/sitDown09	32	32	10	14	12	18
Gameplay	characters/player_no_backpack/sitDown10	32	32	10	14	12	18
Gameplay	characters/player_no_backpack/sitDown11	32	32	10	15	12	17
Gameplay	characters/player_no_backpack/sitDown12	32	32	10	15	12	17
Gameplay	characters/player_no_backpack/sitDown13	32	32	9	16	13	16
Gameplay	characters/player_no_backpack/sitDown14	32	32	9	17	13	15
Gameplay	characters/player_no_backpack/sitDown15	32	32	9	19	13	13
Gameplay	characters/player_no_backpack/sitDown16	32	32	9	19	13	13
Gameplay	characters/player_no_backpack/sitDown17	32	32	9	19	13	13
Gameplay	characters/player_no_backpack/spin00	32	32	9	16	11	16
Gameplay	characters/player_no_backpack/spin01	32	32	10	16	10	16
Gameplay	characters/player_no_backpack/spin02	32	32	8	16	12	16
Gameplay	characters/player_no_backpack/spin03	32	32	9	16	12	16
Gameplay	characters/player_no_backpack/spin04	32	32	11	16	12	16
Gameplay	characters/player_no_backpack/spin05	32	32	10	16	12	16
Gameplay	characters/player_no_backpack/spin06	32	32	10	16	13	16
Gameplay	characters/player_no_backpack/spin07	32	32	10	16	13	16
Gameplay	characters/player_no_backpack/spin08	32	32	11	16	13	16
Gameplay	characters/player_no_backpack/spin09	32	32	11	16	14	16
Gameplay	characters/player_no_backpack/spin10	32	32	10	16	14	16
Gameplay	characters/player_no_backpack/spin11	32	32	9	16	15	16
Gameplay	characters/player_no_backpack/spin12	32	32	9	16	14	16
Gameplay	characters/player_no_backpack/spin13	32	32	8	16	14	16
Gameplay	characters/player_no_backpack/throw00	32	32	11	16	10	16
Gameplay	characters/player_no_backpack/throw01	32	32	12	18	11	14
Gameplay	characters/player_no_backpack/throw02	32	32	11	20	12	12
Gameplay	characters/player_no_backpack/throw03	32	32	11	20	11	12
Gameplay	characters/player_no_backpack/walk00	32	32	10	20	11	12
Gameplay	characters/player_no_backpack/walk01	32	32	11	21	10	11
Gameplay	characters/player_no_backpack/walk02	32	32	11	21	9	11
Gameplay	characters/player_no_backpack/walk03	32	32	11	21	9	11
Gameplay	characters/player_no_backpack/walk04	32	32	10	20	10	12
Gameplay	characters/player_no_backpack/walk05	32	32	11	20	9	12
Gameplay	characters/player_no_backpack/walk06	32	32	11	21	10	11
Gameplay	characters/player_no_backpack/walk07	32	32	11	21	10	11
Gameplay	characters/player_no_backpack/walk08	32	32	11	21	10	11
Gameplay	characters/player_no_backpack/walk09	32	32	11	21	11	11
Gameplay	characters/player_no_backpack/walk10	32	32	10	20	12	12
Gameplay	characters/player_no_backpack/walk11	32	32	9	20	12	12
Gameplay	characters/player_playback/bubble	32	32	5	5	23	23
Gameplay	characters/player_playback/climb00	32	32	13	20	8	11
Gameplay	characters/player_playback/climb01	32	32	13	20	8	10
Gameplay	characters/player_playback/climb02	32	32	13	20	8	9
Gameplay	characters/player_playback/climb03	32	32	13	20	8	11
Gameplay	characters/player_playback/climb04	32	32	13	20	8	11
Gameplay	characters/player_playback/climb05	32	32	13	20	8	11
Gameplay	characters/player_playback/climb06	32	32	13	20	8	11
Gameplay	characters/player_playback/climb07	32	32	13	20	8	11
Gameplay	characters/player_playback/climb08	32	32	13	20	8	11
Gameplay	characters/player_playback/climb09	32	32	14	20	7	11
Gameplay	characters/player_playback/climb10	32	32	15	20	6	11
Gameplay	characters/player_playback/climb11	32	32	15	20	6	11
Gameplay	characters/player_playback/climb12	32	32	13	20	8	11
Gameplay	characters/player_playback/climb13	32	32	12	20	9	11
Gameplay	characters/player_playback/climb14	32	32	12	20	9	11
Gameplay	characters/player_playback/dangling00	32	32	14	20	8	12
Gameplay	characters/player_playback/dangling01	32	32	14	20	8	12
Gameplay	characters/player_playback/dangling02	32	32	14	20	8	12
Gameplay	characters/player_playback/dangling03	32	32	14	20	8	12
Gameplay	characters/player_playback/dangling04	32	32	13	20	9	12
Gameplay	characters/player_playback/dangling05	32	32	14	20	8	12
Gameplay	characters/player_playback/dangling06	32	32	14	20	8	12
Gameplay	characters/player_playback/dangling07	32	32	14	20	8	12
Gameplay	characters/player_playback/dangling08	32	32	14	20	8	12
Gameplay	characters/player_playback/dangling09	32	32	14	20	8	12
Gameplay	characters/player_playback/dash00	32	32	10	21	13	11
Gameplay	characters/player_playback/dash01	32	32	9	21	13	11
Gameplay	characters/player_playback/dash02	32	32	9	21	13	11
Gameplay	characters/player_playback/dash03	32	32	9	22	14	10
Gameplay	characters/player_playback/duck	32	32	11	24	10	8
Gameplay	characters/player_playback/edge00	32	32	9	20	12	12
Gameplay	characters/player_playback/edge01	32	32	9	20	12	12
Gameplay	characters/player_playback/edge02	32	32	9	20	12	12
Gameplay	characters/player_playback/edge03	32	32	9	21	12	11
Gameplay	characters/player_playback/edge04	32	32	9	21	12	11
Gameplay	characters/player_playback/edge05	32	32	9	21	12	11
Gameplay	characters/player_playback/edge06	32	32	9	20	12	12
Gameplay	characters/player_playback/edge07	32	32	10	20	12	12
Gameplay	characters/player_playback/edge08	32	32	10	20	12	12
Gameplay	characters/player_playback/edge09	32	32	9	20	12	12
Gameplay	characters/player_playback/edge10	32	32	10	21	12	11
Gameplay	characters/player_playback/edge11	32	32	9	21	12	11
Gameplay	characters/player_playback/edge12	32	32	9	21	12	11
Gameplay	characters/player_playback/edge13	32	32	9	20	12	12
Gameplay	characters/player_playback/idle00	32	32	11	20	11	12
Gameplay	characters/player_playback/idle01	32	32	11	20	11	12
Gameplay	characters/player_playback/idle02	32	32	11	20	11	12
Gameplay	characters/player_playback/idle03	32	32	11	21	11	11
Gameplay	characters/player_playback/idle04	32	32	11	21	11	11
Gameplay	characters/player_playback/idle05	32	32	11	21	11	11
Gameplay	characters/player_playback/idle06	32	32	11	21	11	11
Gameplay	characters/player_playback/idle07	32	32	11	21	11	11
Gameplay	characters/player_playback/idleA00	32	32	11	20	11	12
Gameplay	characters/player_playback/idleA01	32	32	11	20	11	12
Gameplay	characters/player_playback/idleA02	32	32	11	20	11	12
Gameplay	characters/player_playback/idleA03	32	32	11	19	11	13
Gameplay	characters/player_playback/idleA04	32	32	11	19	12	13
Gameplay	characters/player_playback/idleA05	32	32	11	19	12	13
Gameplay	characters/player_playback/idleA06	32	32	11	19	12	13
Gameplay	characters/player_playback/idleA07	32	32	11	19	12	13
Gameplay	characters/player_playback/idleA08	32	32	11	19	12	13
Gameplay	characters/player_playback/idleA09	32	32	11	19	12	13
Gameplay	characters/player_playback/idleA10	32	32	11	19	11	13
Gameplay	characters/player_playback/idleA11	32	32	11	20	11	12
Gameplay	characters/player_playback/idleB00	32	32	11	20	11	12
Gameplay	characters/player_playback/idleB01	32	32	11	20	11	12
Gameplay	characters/player_playback/idleB02	32	32	11	20	11	12
Gameplay	characters/player_playback/idleB03	32	32	11	18	11	14
Gameplay	characters/player_playback/idleB04	32	32	11	18	11	14
Gameplay	characters/player_playback/idleB05	32	32	11	18	11	14
Gameplay	characters/player_playback/idleB06	32	32	11	18	11	14
Gameplay	characters/player_playback/idleB07	32	32	11	18	11	14
Gameplay	characters/player_playback/idleB08	32	32	11	18	11	14
Gameplay	characters/player_playback/idleB09	32	32	11	18	11	14
Gameplay	characters/player_playback/idleB10	32	32	11	18	11	14
Gameplay	characters/player_playback/idleB11	32	32	11	18	11	14
Gameplay	characters/player_playback/idleB12	32	32	11	18	11	14
Gameplay	characters/player_playback/idleB13	32	32	11	20	11	12
Gameplay	characters/player_playback/idleB14	32	32	11	20	11	12
Gameplay	characters/player_playback/idleC00	32	32	11	20	11	12
Gameplay	characters/player_playback/idleC01	32	32	11	21	11	11
Gameplay	characters/player_playback/idleC02	32	32	11	19	11	13
Gameplay	characters/player_playback/idleC03	32	32	11	21	11	11
Gameplay	characters/player_playback/idleC04	32	32	11	20	11	12
Gameplay	characters/player_playback/idleC05	32	32	11	19	11	13
Gameplay	characters/player_playback/idleC06	32	32	11	21	11	11
Gameplay	characters/player_playback/idleC07	32	32	11	19	11	13
Gameplay	characters/player_playback/idleC08	32	32	11	21	11	11
Gameplay	characters/player_playback/idleC09	32	32	11	20	11	12
Gameplay	characters/player_playback/idleC10	32	32	11	19	11	13
Gameplay	characters/player_playback/idleC11	32	32	11	21	11	11
Gameplay	characters/player_playback/idleC12	32	32	11	20	11	12
Gameplay	characters/player_playback/idleC13	32	32	11	20	11	12
Gameplay	characters/player_playback/idleC14	32	32	11	20	11	12
Gameplay	characters/player_playback/jumpFast00	32	32	10	19	12	13
Gameplay	characters/player_playback/jumpFast01	32	32	11	19	11	13
Gameplay	characters/player_playback/jumpFast02	32	32	12	20	10	12
Gameplay	characters/player_playback/jumpFast03	32	32	10	20	12	12
Gameplay	characters/player_playback/jumpSlow00	32	32	10	19	12	13
Gameplay	characters/player_playback/jumpSlow01	32	32	11	19	11	13
Gameplay	characters/player_playback/jumpSlow02	32	32	11	20	11	12
Gameplay	characters/player_playback/jumpSlow03	32	32	10	20	11	12
Gameplay	characters/player_playback/launch00	32	32	9	14	13	18
Gameplay	characters/player_playback/launch01	32	32	8	14	14	18
Gameplay	characters/player_playback/launch02	32	32	8	14	14	18
Gameplay	characters/player_playback/launch03	32	32	7	14	15	18
Gameplay	characters/player_playback/launch04	32	32	7	14	15	18
Gameplay	characters/player_playback/launch05	32	32	7	14	16	18
Gameplay	characters/player_playback/launch06	32	32	7	14	15	18
Gameplay	characters/player_playback/launch07	32	32	9	14	15	18
Gameplay	characters/player_playback/launchRecover00	32	32	9	14	15	18
Gameplay	characters/player_playback/launchRecover01	32	32	9	14	18	17
Gameplay	characters/player_playback/launchRecover02	32	32	9	15	18	17
Gameplay	characters/player_playback/launchRecover03	32	32	3	17	25	15
Gameplay	characters/player_playback/launchRecover04	32	32	2	16	27	16
Gameplay	characters/player_playback/launchRecover05	32	32	2	16	27	16
Gameplay	characters/player_playback/launchRecover06	32	32	2	15	20	17
Gameplay	characters/player_playback/launchRecover07	32	32	2	15	20	17
Gameplay	characters/player_playback/launchRecover08	32	32	2	15	20	17
Gameplay	characters/player_playback/launchRecover09	32	32	11	15	11	17
Gameplay	characters/player_playback/lookUp00	32	32	11	20	11	12
Gameplay	characters/player_playback/lookUp01	32	32	11	21	11	11
Gameplay	characters/player_playback/lookUp02	32	32	11	20	11	12
Gameplay	characters/player_playback/lookUp03	32	32	11	20	11	12
Gameplay	characters/player_playback/lookUp04	32	32	10	20	12	12
Gameplay	characters/player_playback/lookUp05	32	32	10	20	12	12
Gameplay	characters/player_playback/lookUp06	32	32	10	19	12	13
Gameplay	characters/player_playback/lookUp07	32	32	10	19	12	13
Gameplay	characters/player_playback/push00	32	32	10	20	11	12
Gameplay	characters/player_playback/push01	32	32	10	21	11	11
Gameplay	characters/player_playback/push02	32	32	10	21	11	11
Gameplay	characters/player_playback/push03	32	32	10	21	11	11
Gameplay	characters/player_playback/push04	32	32	9	20	12	12
Gameplay	characters/player_playback/push05	32	32	9	20	12	12
Gameplay	characters/player_playback/push06	32	32	9	20	12	12
Gameplay	characters/player_playback/push07	32	32	10	20	11	12
Gameplay	characters/player_playback/push08	32	32	10	21	11	11
Gameplay	characters/player_playback/push09	32	32	11	21	10	11
Gameplay	characters/player_playback/push10	32	32	11	21	10	11
Gameplay	characters/player_playback/push11	32	32	11	21	10	11
Gameplay	characters/player_playback/push12	32	32	10	20	11	12
Gameplay	characters/player_playback/push13	32	32	10	20	11	12
Gameplay	characters/player_playback/push14	32	32	10	20	11	12
Gameplay	characters/player_playback/push15	32	32	10	20	11	12
Gameplay	characters/player_playback/runFast00	32	32	10	20	11	12
Gameplay	characters/player_playback/runFast01	32	32	11	21	10	11
Gameplay	characters/player_playback/runFast02	32	32	10	21	11	11
Gameplay	characters/player_playback/runFast03	32	32	10	21	11	11
Gameplay	characters/player_playback/runFast04	32	32	9	19	12	13
Gameplay	characters/player_playback/runFast05	32	32	9	20	12	12
Gameplay	characters/player_playback/runFast06	32	32	10	21	11	11
Gameplay	characters/player_playback/runFast07	32	32	11	21	10	11
Gameplay	characters/player_playback/runFast08	32	32	11	21	10	11
Gameplay	characters/player_playback/runFast09	32	32	10	21	11	11
Gameplay	characters/player_playback/runFast10	32	32	9	19	14	13
Gameplay	characters/player_playback/runFast11	32	32	9	20	14	12
Gameplay	characters/player_playback/runSlow00	32	32	10	20	11	12
Gameplay	characters/player_playback/runSlow01	32	32	11	21	10	11
Gameplay	characters/player_playback/runSlow02	32	32	11	21	10	11
Gameplay	characters/player_playback/runSlow03	32	32	11	21	10	11
Gameplay	characters/player_playback/runSlow04	32	32	9	19	12	13
Gameplay	characters/player_playback/runSlow05	32	32	9	20	12	12
Gameplay	characters/player_playback/runSlow06	32	32	10	21	11	11
Gameplay	characters/player_playback/runSlow07	32	32	11	21	10	11
Gameplay	characters/player_playback/runSlow08	32	32	11	21	10	11
Gameplay	characters/player_playback/runSlow09	32	32	10	21	11	11
Gameplay	characters/player_playback/runSlow10	32	32	10	19	11	13
Gameplay	characters/player_playback/runSlow11	32	32	10	20	11	12
Gameplay	characters/player_playback/runStumble00	32	32	10	22	12	10
Gameplay	characters/player_playback/runStumble01	32	32	10	24	11	8
Gameplay	characters/player_playback/runStumble02	32	32	10	23	11	9
Gameplay	characters/player_playback/runStumble03	32	32	11	22	10	10
Gameplay	characters/player_playback/runStumble04	32	32	9	20	12	12
Gameplay	characters/player_playback/runStumble05	32	32	9	20	12	12
Gameplay	characters/player_playback/runStumble06	32	32	11	21	10	11
Gameplay	characters/player_playback/runStumble07	32	32	11	21	10	11
Gameplay	characters/player_playback/runStumble08	32	32	11	21	10	11
Gameplay	characters/player_playback/runStumble09	32	32	11	21	10	11
Gameplay	characters/player_playback/runStumble10	32	32	9	19	14	13
Gameplay	characters/player_playback/runStumble11	32	32	9	20	14	12
Gameplay	characters/player_playback/run_wind00	32	32	10	20	14	12
Gameplay	characters/player_playback/run_wind01	32	32	11	21	13	11
Gameplay	characters/player_playback/run_wind02	32	32	12	21	13	11
Gameplay	characters/player_playback/run_wind03	32	32	11	21	14	11
Gameplay	characters/player_playback/run_wind04	32	32	9	20	15	12
Gameplay	characters/player_playback/run_wind05	32	32	9	20	15	12
Gameplay	characters/player_playback/run_wind06	32	32	11	21	13	11
Gameplay	characters/player_playback/run_wind07	32	32	11	21	13	11
Gameplay	characters/player_playback/run_wind08	32	32	12	21	12	11
Gameplay	characters/player_playback/run_wind09	32	32	12	21	12	11
Gameplay	characters/player_playback/run_wind10	32	32	11	19	13	13
Gameplay	characters/player_playback/run_wind11	32	32	11	20	13	12
Gameplay	characters/player_playback/shaking00	32	32	8	21	15	11
Gameplay	characters/player_playback/sitDown00	32	32	10	14	12	18
Gameplay	characters/player_playback/sitDown01	32	32	10	14	12	18
Gameplay	characters/player_playback/sitDown02	32	32	10	14	12	18
Gameplay	characters/player_playback/sitDown03	32	32	10	14	12	18
Gameplay	characters/player_playback/sitDown04	32	32	10	14	12	18
Gameplay	characters/player_playback/sitDown05	32	32	10	14	12	18
Gameplay	characters/player_playback/sitDown06	32	32	10	14	12	18
Gameplay	characters/player_playback/sitDown07	32	32	10	14	12	18
Gameplay	characters/player_playback/sitDown08	32	32	10	14	12	18
Gameplay	characters/player_playback/sitDown09	32	32	10	14	12	18
Gameplay	characters/player_playback/sitDown10	32	32	10	14	12	18
Gameplay	characters/player_playback/sitDown11	32	32	10	15	12	17
Gameplay	characters/player_playback/sitDown12	32	32	10	15	12	17
Gameplay	characters/player_playback/sitDown13	32	32	9	16	13	16
Gameplay	characters/player_playback/sitDown14	32	32	9	17	13	15
Gameplay	characters/player_playback/sitDown15	32	32	9	19	13	13
Gameplay	characters/player_playback/sitDown16	32	32	9	19	13	13
Gameplay	characters/player_playback/sitDown17	32	32	9	19	13	13
Gameplay	characters/player_playback/spin00	32	32	9	16	11	16
Gameplay	characters/player_playback/spin01	32	32	10	16	10	16
Gameplay	characters/player_playback/spin02	32	32	8	16	12	16
Gameplay	characters/player_playback/spin03	32	32	9	16	12	16
Gameplay	characters/player_playback/spin04	32	32	11	16	12	16
Gameplay	characters/player_playback/spin05	32	32	10	16	12	16
Gameplay	characters/player_playback/spin06	32	32	10	16	13	16
Gameplay	characters/player_playback/spin07	32	32	10	16	13	16
Gameplay	characters/player_playback/spin08	32	32	11	16	13	16
Gameplay	characters/player_playback/spin09	32	32	11	16	14	16
Gameplay	characters/player_playback/spin10	32	32	10	16	14	16
Gameplay	characters/player_playback/spin11	32	32	9	16	15	16
Gameplay	characters/player_playback/spin12	32	32	9	16	14	16
Gameplay	characters/player_playback/spin13	32	32	8	16	14	16
Gameplay	characters/player_playback/walk00	32	32	10	20	11	12
Gameplay	characters/player_playback/walk01	32	32	11	21	10	11
Gameplay	characters/player_playback/walk02	32	32	11	21	9	11
Gameplay	characters/player_playback/walk03	32	32	11	21	9	11
Gameplay	characters/player_playback/walk04	32	32	10	20	10	12
Gameplay	characters/player_playback/walk05	32	32	11	20	9	12
Gameplay	characters/player_playback/walk06	32	32	11	21	10	11
Gameplay	characters/player_playback/walk07	32	32	11	21	10	11
Gameplay	characters/player_playback/walk08	32	32	11	21	10	11
Gameplay	characters/player_playback/walk09	32	32	11	21	11	11
Gameplay	characters/player_playback/walk10	32	32	10	20	12	12
Gameplay	characters/player_playback/walk11	32	32	9	20	12	12
Gameplay	characters/theo/alert00	32	32	7	10	14	22
Gameplay	characters/theo/alert01	32	32	5	11	15	21
Gameplay	characters/theo/alert02	32	32	4	13	16	19
Gameplay	characters/theo/alert03	32	32	4	13	19	19
Gameplay	characters/theo/alert04	32	32	3	13	18	19
Gameplay	characters/theo/alert05	32	32	3	13	18	19
Gameplay	characters/theo/alert06	32	32	3	13	18	19
Gameplay	characters/theo/alert07	32	32	3	13	18	19
Gameplay	characters/theo/alert08	32	32	3	13	18	19
Gameplay	characters/theo/phone	8	8	0	5	7	3
Gameplay	characters/theo/run00	32	32	8	8	15	23
Gameplay	characters/theo/run01	32	32	8	9	15	23
Gameplay	characters/theo/run02	32	32	8	10	15	22
Gameplay	characters/theo/run03	32	32	8	12	15	20
Gameplay	characters/theo/run04	32	32	8	8	16	23
Gameplay	characters/theo/run05	32	32	8	9	17	23
Gameplay	characters/theo/run06	32	32	8	12	15	20
Gameplay	characters/theo/run07	32	32	8	11	15	21
Gameplay	characters/theo/theo00	32	32	7	10	14	22
Gameplay	characters/theo/theo01	32	32	7	10	14	22
Gameplay	characters/theo/theo02	32	32	7	12	14	20
Gameplay	characters/theo/theo03	32	32	7	12	14	20
Gameplay	characters/theo/theo04	32	32	7	11	14	21
Gameplay	characters/theo/theo05	32	32	7	11	14	21
Gameplay	characters/theo/theo06	32	32	7	11	14	21
Gameplay	characters/theo/theo07	32	32	7	11	14	21
Gameplay	characters/theo/theo08	32	32	7	10	14	22
Gameplay	characters/theo/theo09	32	32	7	10	14	22
Gameplay	characters/theo/theo10	32	32	7	9	14	23
Gameplay	characters/theo/theo100	32	32	7	10	16	22
Gameplay	characters/theo/theo101	32	32	7	10	14	22
Gameplay	characters/theo/theo102	32	32	6	10	14	22
Gameplay	characters/theo/theo103	32	32	7	11	16	21
Gameplay	characters/theo/theo104	32	32	9	11	17	21
Gameplay	characters/theo/theo105	32	32	9	11	17	21
Gameplay	characters/theo/theo106	32	32	8	11	16	21
Gameplay	characters/theo/theo107	32	32	8	11	16	21
Gameplay	characters/theo/theo108	32	32	8	11	16	21
Gameplay	characters/theo/theo109	32	32	7	12	17	20
Gameplay	characters/theo/theo11	32	32	7	8	14	24
Gameplay	characters/theo/theo110	32	32	7	12	17	20
Gameplay	characters/theo/theo111	32	32	0	18	25	14
Gameplay	characters/theo/theo112	32	32	0	20	23	12
Gameplay	characters/theo/theo113	32	32	0	21	23	11
Gameplay	characters/theo/theo114	32	32	0	20	23	12
Gameplay	characters/theo/theo115	32	32	0	20	23	12
Gameplay	characters/theo/theo116	32	32	0	19	23	13
Gameplay	characters/theo/theo117	32	32	4	14	17	18
Gameplay	characters/theo/theo118	32	32	5	14	16	18
Gameplay	characters/theo/theo119	32	32	5	14	16	18
Gameplay	characters/theo/theo12	32	32	7	10	14	22
Gameplay	characters/theo/theo120	32	32	7	12	14	20
Gameplay	characters/theo/theo121	32	32	7	11	14	21
Gameplay	characters/theo/theo122	32	32	7	9	14	23
Gameplay	characters/theo/theo123	32	32	7	10	14	22
Gameplay	characters/theo/theo124	32	32	7	10	14	22
Gameplay	characters/theo/theo125	32	32	7	11	16	21
Gameplay	characters/theo/theo126	32	32	7	11	20	21
Gameplay	characters/theo/theo127	32	32	7	8	21	24
Gameplay	characters/theo/theo128	32	32	5	10	23	22
Gameplay	characters/theo/theo129	32	32	5	10	23	22
Gameplay	characters/theo/theo13	32	32	7	10	14	22
Gameplay	characters/theo/theo130	32	32	5	10	23	22
Gameplay	characters/theo/theo131	32	32	5	10	23	22
Gameplay	characters/theo/theo132	32	32	5	10	23	22
Gameplay	characters/theo/theo133	32	32	5	10	23	22
Gameplay	characters/theo/theo134	32	32	5	10	23	22
Gameplay	characters/theo/theo135	32	32	7	10	21	22
Gameplay	characters/theo/theo136	32	32	7	10	19	22
Gameplay	characters/theo/theo137	32	32	7	11	18	21
Gameplay	characters/theo/theo138	32	32	7	11	16	21
Gameplay	characters/theo/theo139	32	32	7	10	14	22
Gameplay	characters/theo/theo14	32	32	7	10	14	22
Gameplay	characters/theo/theo140	32	32	10	10	18	22
Gameplay	characters/theo/theo141	32	32	9	10	18	22
Gameplay	characters/theo/theo142	32	32	9	10	18	22
Gameplay	characters/theo/theo143	32	32	10	10	17	22
Gameplay	characters/theo/theo144	32	32	6	14	23	15
Gameplay	characters/theo/theo145	32	32	5	14	23	15
Gameplay	characters/theo/theo146	32	32	5	14	23	15
Gameplay	characters/theo/theo147	32	32	5	14	23	14
Gameplay	characters/theo/theo148	32	32	4	20	26	12
Gameplay	characters/theo/theo149	32	32	6	17	23	15
Gameplay	characters/theo/theo15	32	32	7	10	14	22
Gameplay	characters/theo/theo150	32	32	7	15	22	16
Gameplay	characters/theo/theo151	32	32	6	19	23	13
Gameplay	characters/theo/theo152	32	32	6	19	23	13
Gameplay	characters/theo/theo153	32	32	6	20	23	12
Gameplay	characters/theo/theo154	32	32	6	20	23	12
Gameplay	characters/theo/theo155	32	32	6	20	23	12
Gameplay	characters/theo/theo156	32	32	6	20	23	12
Gameplay	characters/theo/theo157	32	32	6	20	23	12
Gameplay	characters/theo/theo158	32	32	6	19	23	13
Gameplay	characters/theo/theo159	32	32	6	17	22	15
Gameplay	characters/theo/theo16	32	32	7	11	14	21
Gameplay	characters/theo/theo160	32	32	6	16	22	16
Gameplay	characters/theo/theo161	32	32	5	14	16	18
Gameplay	characters/theo/theo162	32	32	5	14	16	18
Gameplay	characters/theo/theo163	32	32	5	14	16	18
Gameplay	characters/theo/theo164	32	32	7	12	14	20
Gameplay	characters/theo/theo165	32	32	7	11	14	21
Gameplay	characters/theo/theo166	32	32	7	9	14	23
Gameplay	characters/theo/theo167	32	32	7	10	14	22
Gameplay	characters/theo/theo168	32	32	7	10	14	22
Gameplay	characters/theo/theo169	32	32	8	11	14	21
Gameplay	characters/theo/theo17	32	32	7	10	14	22
Gameplay	characters/theo/theo170	32	32	6	14	16	18
Gameplay	characters/theo/theo171	32	32	7	13	18	19
Gameplay	characters/theo/theo172	32	32	7	13	19	19
Gameplay	characters/theo/theo173	32	32	8	13	20	19
Gameplay	characters/theo/theo174	32	32	8	13	20	19
Gameplay	characters/theo/theo175	32	32	8	13	20	19
Gameplay	characters/theo/theo176	32	32	7	10	14	22
Gameplay	characters/theo/theo177	32	32	8	11	14	21
Gameplay	characters/theo/theo178	32	32	6	14	16	18
Gameplay	characters/theo/theo179	32	32	6	15	15	17
Gameplay	characters/theo/theo18	32	32	7	10	14	22
Gameplay	characters/theo/theo180	32	32	6	15	15	17
Gameplay	characters/theo/theo181	32	32	6	14	16	18
Gameplay	characters/theo/theo182	32	32	6	14	15	18
Gameplay	characters/theo/theo183	32	32	4	17	20	15
Gameplay	characters/theo/theo184	32	32	4	17	20	15
Gameplay	characters/theo/theo185	32	32	4	17	20	15
Gameplay	characters/theo/theo186	32	32	4	17	20	15
Gameplay	characters/theo/theo187	32	32	4	17	20	15
Gameplay	characters/theo/theo188	32	32	4	17	20	15
Gameplay	characters/theo/theo19	32	32	7	10	14	22
Gameplay	characters/theo/theo20	32	32	7	12	14	20
Gameplay	characters/theo/theo21	32	32	8	12	14	20
Gameplay	characters/theo/theo22	32	32	8	11	14	21
Gameplay	characters/theo/theo23	32	32	8	11	14	21
Gameplay	characters/theo/theo24	32	32	8	11	14	21
Gameplay	characters/theo/theo25	32	32	8	12	14	20
Gameplay	characters/theo/theo26	32	32	8	11	14	21
Gameplay	characters/theo/theo27	32	32	7	11	14	21
Gameplay	characters/theo/theo28	32	32	7	11	14	21
Gameplay	characters/theo/theo29	32	32	7	11	14	21
Gameplay	characters/theo/theo30	32	32	7	11	14	21
Gameplay	characters/theo/theo31	32	32	7	11	14	21
Gameplay	characters/theo/theo32	32	32	7	10	14	22
Gameplay	characters/theo/theo33	32	32	7	10	14	22
Gameplay	characters/theo/theo34	32	32	7	10	14	22
Gameplay	characters/theo/theo35	32	32	7	10	14	22
Gameplay	characters/theo/theo36	32	32	7	12	14	20
Gameplay	characters/theo/theo37	32	32	7	12	14	20
Gameplay	characters/theo/theo38	32	32	7	12	14	20
Gameplay	characters/theo/theo39	32	32	7	11	14	21
Gameplay	characters/theo/theo40	32	32	7	11	14	21
Gameplay	characters/theo/theo41	32	32	7	11	14	21
Gameplay	characters/theo/theo42	32	32	7	11	14	21
Gameplay	characters/theo/theo43	32	32	7	11	14	21
Gameplay	characters/theo/theo44	32	32	7	12	14	20
Gameplay	characters/theo/theo45	32	32	7	12	14	20
Gameplay	characters/theo/theo46	32	32	7	11	14	21
Gameplay	characters/theo/theo47	32	32	7	11	14	21
Gameplay	characters/theo/theo48	32	32	7	10	14	22
Gameplay	characters/theo/theo49	32	32	7	10	14	22
Gameplay	characters/theo/theo50	32	32	8	10	15	22
Gameplay	characters/theo/theo51	32	32	8	11	15	21
Gameplay	characters/theo/theo52	32	32	8	11	15	21
Gameplay	characters/theo/theo53	32	32	8	10	15	22
Gameplay	characters/theo/theo54	32	32	8	9	15	23
Gameplay	characters/theo/theo55	32	32	8	11	15	21
Gameplay	characters/theo/theo56	32	32	8	12	15	20
Gameplay	characters/theo/theo57	32	32	8	11	15	21
Gameplay	characters/theo/theo58	32	32	8	10	15	22
Gameplay	characters/theo/theo59	32	32	8	9	15	23
Gameplay	characters/theo/theo60	32	32	7	10	14	22
Gameplay	characters/theo/theo61	32	32	7	9	14	23
Gameplay	characters/theo/theo62	32	32	8	10	14	22
Gameplay	characters/theo/theo63	32	32	8	12	15	20
Gameplay	characters/theo/theo64	32	32	6	17	18	15
Gameplay	characters/theo/theo65	32	32	6	15	17	17
Gameplay	characters/theo/theo66	32	32	6	16	17	16
Gameplay	characters/theo/theo67	32	32	6	16	17	16
Gameplay	characters/theo/theo68	32	32	6	16	17	16
Gameplay	characters/theo/theo69	32	32	6	15	17	17
Gameplay	characters/theo/theo70	32	32	6	15	18	17
Gameplay	characters/theo/theo71	32	32	6	17	17	15
Gameplay	characters/theo/theo72	32	32	6	16	17	16
Gameplay	characters/theo/theo73	32	32	6	16	18	16
Gameplay	characters/theo/theo74	32	32	6	17	17	15
Gameplay	characters/theo/theo75	32	32	7	10	14	22
Gameplay	characters/theo/theo76	32	32	7	11	16	21
Gameplay	characters/theo/theo77	32	32	7	11	20	21
Gameplay	characters/theo/theo78	32	32	7	8	21	24
Gameplay	characters/theo/theo79	32	32	7	10	21	22
Gameplay	characters/theo/theo80	32	32	7	10	21	22
Gameplay	characters/theo/theo81	32	32	7	10	20	22
Gameplay	characters/theo/theo82	32	32	7	10	18	22
Gameplay	characters/theo/theo83	32	32	7	11	17	21
Gameplay	characters/theo/theo84	32	32	7	11	15	21
Gameplay	characters/theo/theo85	32	32	7	10	14	22
Gameplay	characters/theo/theo86	32	32	7	10	14	22
Gameplay	characters/theo/theo87	32	32	7	11	14	21
Gameplay	characters/theo/theo88	32	32	7	11	16	21
Gameplay	characters/theo/theo89	32	32	7	10	16	22
Gameplay	characters/theo/theo90	32	32	7	9	16	23
Gameplay	characters/theo/theo91	32	32	7	9	16	23
Gameplay	characters/theo/theo92	32	32	7	10	16	22
Gameplay	characters/theo/theo93	32	32	7	10	16	22
Gameplay	characters/theo/theo94	32	32	7	10	16	22
Gameplay	characters/theo/theo95	32	32	7	10	16	22
Gameplay	characters/theo/theo96	32	32	7	10	16	22
Gameplay	characters/theo/theo97	32	32	7	10	16	22
Gameplay	characters/theo/theo98	32	32	7	10	16	22
Gameplay	characters/theo/theo99	32	32	7	10	16	22
Gameplay	characters/theo/tired00	32	32	9	17	14	15
Gameplay	characters/theo/tired01	32	32	9	17	14	15
Gameplay	characters/theo/tired02	32	32	9	18	14	14
Gameplay	characters/theo/tired03	32	32	9	18	14	14
Gameplay	characters/theo/tired04	32	32	9	18	14	14
Gameplay	characters/theo/tired05	32	32	9	17	14	15
Gameplay	characters/theoCrystal/idle00	64	64	21	21	21	22
Gameplay	characters/theoCrystal/pedestal	64	72	11	28	42	44
Gameplay	characters/theoCrystal/shatter00	64	64	21	21	21	22
Gameplay	characters/theoCrystal/shatter01	64	64	10	21	32	26
Gameplay	characters/theoCrystal/shatter02	64	64	11	13	41	36
Gameplay	characters/theoCrystal/shatter03	64	64	16	7	35	36
Gameplay	characters/theoCrystal/shatter04	64	64	15	8	35	44
Gameplay	characters/theoCrystal/shatter05	64	64	12	21	37	31
Gameplay	characters/theoCrystal/shatter06	64	64	13	21	35	27
Gameplay	characters/theoCrystal/shatter07	64	64	17	18	29	29
Gameplay	characters/theoCrystal/shatter08	64	64	9	8	49	46
Gameplay	characters/theoCrystal/shatter09	64	64	7	5	52	50
Gameplay	characters/theoCrystal/shatter10	64	64	6	5	54	50
Gameplay	characters/theoCrystal/shatter11	64	64	15	16	36	29
Gameplay	characters/theoCrystal/shatter12	64	64	6	13	54	42
Gameplay	characters/theoCrystal/shatter13	64	64	15	14	36	29
Gameplay	characters/theoCrystal/shatter14	64	64	6	13	54	42
Gameplay	characters/theoCrystal/shatter15	64	64	17	14	25	27
Gameplay	characters/theoCrystal/shatter16	64	64	20	27	22	13
Gameplay	collectables/cassette/ghost00	32	32	4	8	24	16
Gameplay	collectables/cassette/ghost01	32	32	5	8	22	16
Gameplay	collectables/cassette/ghost02	32	32	6	8	19	16
Gameplay	collectables/cassette/ghost03	32	32	10	8	13	16
Gameplay	collectables/cassette/ghost04	32	32	11	8	11	16
Gameplay	collectables/cassette/ghost05	32	32	12	8	7	16
Gameplay	collectables/cassette/ghost06	32	32	13	8	6	16
Gameplay	collectables/cassette/ghost07	32	32	13	8	7	16
Gameplay	collectables/cassette/ghost08	32	32	10	8	11	16
Gameplay	collectables/cassette/ghost09	32	32	9	8	13	16
Gameplay	collectables/cassette/ghost10	32	32	7	8	19	16
Gameplay	collectables/cassette/ghost11	32	32	5	8	22	16
Gameplay	collectables/cassette/ghost12	32	32	4	8	24	16
Gameplay	collectables/cassette/ghost13	32	32	4	8	24	16
Gameplay	collectables/cassette/ghost14	32	32	4	8	24	16
Gameplay	collectables/cassette/ghost15	32	32	4	8	24	16
Gameplay	collectables/cassette/ghost16	32	32	4	8	24	16
Gameplay	collectables/cassette/ghost17	32	32	4	8	24	16
Gameplay	collectables/cassette/ghost18	32	32	4	8	24	16
Gameplay	collectables/cassette/idle00	32	32	4	8	24	16
Gameplay	collectables/cassette/idle01	32	32	5	8	22	16
Gameplay	collectables/cassette/idle02	32	32	6	8	19	16
Gameplay	collectables/cassette/idle03	32	32	10	8	13	16
Gameplay	collectables/cassette/idle04	32	32	11	8	11	16
Gameplay	collectables/cassette/idle05	32	32	12	8	7	16
Gameplay	collectables/cassette/idle06	32	32	13	8	6	16
Gameplay	collectables/cassette/idle07	32	32	13	8	7	16
Gameplay	collectables/cassette/idle08	32	32	10	8	11	16
Gameplay	collectables/cassette/idle09	32	32	9	8	13	16
Gameplay	collectables/cassette/idle10	32	32	7	8	19	16
Gameplay	collectables/cassette/idle11	32	32	5	8	22	16
Gameplay	collectables/cassette/idle12	32	32	4	8	24	16
Gameplay	collectables/cassette/idle13	32	32	4	8	24	16
Gameplay	collectables/cassette/idle14	32	32	4	8	24	16
Gameplay	collectables/cassette/idle15	32	32	4	8	24	16
Gameplay	collectables/cassette/idle16	32	32	4	8	24	16
Gameplay	collectables/cassette/idle17	32	32	4	8	24	16
Gameplay	collectables/cassette/idle18	32	32	4	8	24	16
Gameplay	collectables/ghostberry/idle00	16	16	3	1	10	13
Gameplay	collectables/ghostberry/idle01	16	16	3	1	10	13
Gameplay	collectables/ghostberry/idle02	16	16	3	1	10	13
Gameplay	collectables/ghostberry/idle03	16	16	3	1	10	13
Gameplay	collectables/ghostberry/idle04	16	16	3	1	10	13
Gameplay	collectables/ghostberry/idle05	16	16	3	1	10	13
Gameplay	collectables/ghostberry/idle06	16	16	3	1	10	13
Gameplay	collectables/ghostberry/idle07	16	16	3	1	10	13
Gameplay	collectables/ghostberry/idle08	16	16	3	1	10	13
Gameplay	collectables/ghostberry/idle09	16	16	3	0	10	15
Gameplay	collectables/ghostberry/idle10	16	16	2	3	12	10
Gameplay	collectables/ghostberry/idle11	16	16	1	6	14	6
Gameplay	collectables/ghostberry/seed00	16	16	4	4	7	10
Gameplay	collectables/ghostberry/seed01	16	16	4	4	7	10
Gameplay	collectables/ghostberry/wings00	40	24	3	4	34	13
Gameplay	collectables/ghostberry/wings01	40	24	3	5	34	13
Gameplay	collectables/ghostberry/wings02	40	24	4	4	32	14
Gameplay	collectables/ghostberry/wings03	40	24	6	1	28	17
Gameplay	collectables/ghostberry/wings04	40	24	5	4	30	15
Gameplay	collectables/ghostberry/wings05	40	24	5	2	30	17
Gameplay	collectables/ghostberry/wings06	40	24	5	3	30	16
Gameplay	collectables/ghostberry/wings07	40	24	3	4	34	13
Gameplay	collectables/ghostberry/wings08	40	24	3	4	34	13
Gameplay	collectables/ghostberry/wings09	40	24	3	4	34	13
Gameplay	collectables/ghostgoldberry/idle00	18	16	3	0	12	15
Gameplay	collectables/ghostgoldberry/idle01	18	16	3	0	12	15
Gameplay	collectables/ghostgoldberry/idle02	18	16	3	0	12	15
Gameplay	collectables/ghostgoldberry/idle03	18	16	3	0	12	15
Gameplay	collectables/ghostgoldberry/idle04	18	16	3	0	12	15
Gameplay	collectables/ghostgoldberry/idle05	18	16	3	0	12	15
Gameplay	collectables/ghostgoldberry/idle06	18	16	3	0	12	15
Gameplay	collectables/ghostgoldberry/idle07	18	16	3	1	12	15
Gameplay	collectables/ghostgoldberry/idle08	18	16	3	4	12	10
Gameplay	collectables/ghostgoldberry/idle09	18	16	2	6	14	7
Gameplay	collectables/ghostgoldberry/idle10	18	16	1	8	16	4
Gameplay	collectables/ghostgoldberry/idle11	18	16	1	8	16	4
Gameplay	collectables/ghostgoldberry/seed00	16	16	4	4	7	10
Gameplay	collectables/ghostgoldberry/seed01	16	16	4	4	7	10
Gameplay	collectables/ghostgoldberry/wings00	40	24	3	5	34	14
Gameplay	collectables/ghostgoldberry/wings01	40	24	3	6	34	14
Gameplay	collectables/ghostgoldberry/wings02	40	24	4	6	32	14
Gameplay	collectables/ghostgoldberry/wings03	40	24	6	3	28	17
Gameplay	collectables/ghostgoldberry/wings04	40	24	5	2	30	19
Gameplay	collectables/ghostgoldberry/wings05	40	24	5	1	30	20
Gameplay	collectables/ghostgoldberry/wings06	40	24	5	3	30	18
Gameplay	collectables/ghostgoldberry/wings07	40	24	3	5	34	14
Gameplay	collectables/ghostgoldberry/wings08	40	24	3	6	34	13
Gameplay	collectables/ghostgoldberry/wings09	40	24	3	4	34	15
Gameplay	collectables/goldberry/idle00	18	16	3	0	12	15
Gameplay	collectables/goldberry/idle01	18	16	3	0	12	15
Gameplay	collectables/goldberry/idle02	18	16	3	0	12	15
Gameplay	collectables/goldberry/idle03	18	16	3	0	12	15
Gameplay	collectables/goldberry/idle04	18	16	3	0	12	15
Gameplay	collectables/goldberry/idle05	18	16	3	0	12	15
Gameplay	collectables/goldberry/idle06	18	16	3	0	12	15
Gameplay	collectables/goldberry/idle07	18	16	3	1	12	15
Gameplay	collectables/goldberry/idle08	18	16	3	4	12	10
Gameplay	collectables/goldberry/idle09	18	16	2	6	14	7
Gameplay	collectables/goldberry/idle10	18	16	1	8	16	4
Gameplay	collectables/goldberry/idle11	18	16	1	8	16	4
Gameplay	collectables/goldberry/seed00	16	16	4	4	7	10
Gameplay	collectables/goldberry/seed01	16	16	4	4	7	10
Gameplay	collectables/goldberry/wings00	40	24	3	5	34	14
Gameplay	collectables/goldberry/wings01	40	24	3	6	34	14
Gameplay	collectables/goldberry/wings02	40	24	4	6	32	14
Gameplay	collectables/goldberry/wings03	40	24	6	3	28	17
Gameplay	collectables/goldberry/wings04	40	24	5	2	30	19
Gameplay	collectables/goldberry/wings05	40	24	5	1	30	20
Gameplay	collectables/goldberry/wings06	40	24	5	3	30	18
Gameplay	collectables/goldberry/wings07	40	24	3	5	34	14
Gameplay	collectables/goldberry/wings08	40	24	3	6	34	13
Gameplay	collectables/goldberry/wings09	40	24	3	4	34	15
Gameplay	collectables/heartGem/0/00	20	20	1	2	18	17
Gameplay	collectables/heartGem/0/01	20	20	1	2	18	17
Gameplay	collectables/heartGem/0/02	20	20	1	2	18	17
Gameplay	collectables/heartGem/0/03	20	20	2	2	16	17
Gameplay	collectables/heartGem/0/04	20	20	3	2	14	17
Gameplay	collectables/heartGem/0/05	20	20	4	2	12	17
Gameplay	collectables/heartGem/0/06	20	20	5	2	10	17
Gameplay	collectables/heartGem/0/07	20	20	4	2	12	17
Gameplay	collectables/heartGem/0/08	20	20	3	2	14	17
Gameplay	collectables/heartGem/0/09	20	20	2	2	16	17
Gameplay	collectables/heartGem/0/10	20	20	1	2	18	17
Gameplay	collectables/heartGem/0/11	20	20	1	2	18	17
Gameplay	collectables/heartGem/0/12	20	20	1	2	18	17
Gameplay	collectables/heartGem/0/13	20	20	1	2	18	17
Gameplay	collectables/heartGem/1/00	20	20	1	2	18	17
Gameplay	collectables/heartGem/1/01	20	20	1	2	18	17
Gameplay	collectables/heartGem/1/02	20	20	1	2	18	17
Gameplay	collectables/heartGem/1/03	20	20	2	2	16	17
Gameplay	collectables/heartGem/1/04	20	20	3	2	14	17
Gameplay	collectables/heartGem/1/05	20	20	4	2	12	17
Gameplay	collectables/heartGem/1/06	20	20	5	2	10	17
Gameplay	collectables/heartGem/1/07	20	20	4	2	12	17
Gameplay	collectables/heartGem/1/08	20	20	3	2	14	17
Gameplay	collectables/heartGem/1/09	20	20	2	2	16	17
Gameplay	collectables/heartGem/1/10	20	20	1	2	18	17
Gameplay	collectables/heartGem/1/11	20	20	1	2	18	17
Gameplay	collectables/heartGem/1/12	20	20	1	2	18	17
Gameplay	collectables/heartGem/1/13	20	20	1	2	18	17
Gameplay	collectables/heartGem/2/00	20	20	1	2	18	17
Gameplay	collectables/heartGem/2/01	20	20	1	2	18	17
Gameplay	collectables/heartGem/2/02	20	20	1	2	18	17
Gameplay	collectables/heartGem/2/03	20	20	2	2	16	17
Gameplay	collectables/heartGem/2/04	20	20	3	2	14	17
Gameplay	collectables/heartGem/2/05	20	20	4	2	12	17
Gameplay	collectables/heartGem/2/06	20	20	5	2	10	17
Gameplay	collectables/heartGem/2/07	20	20	4	2	12	17
Gameplay	collectables/heartGem/2/08	20	20	3	2	14	17
Gameplay	collectables/heartGem/2/09	20	20	2	2	16	17
Gameplay	collectables/heartGem/2/10	20	20	1	2	18	17
Gameplay	collectables/heartGem/2/11	20	20	1	2	18	17
Gameplay	collectables/heartGem/2/12	20	20	1	2	18	17
Gameplay	collectables/heartGem/2/13	20	20	1	2	18	17
Gameplay	collectables/heartGem/3/00	20	20	1	2	18	17
Gameplay	collectables/heartGem/3/01	20	20	1	2	18	17
Gameplay	collectables/heartGem/3/02	20	20	1	2	18	17
Gameplay	collectables/heartGem/3/03	20	20	2	2	16	17
Gameplay	collectables/heartGem/3/04	20	20	3	2	14	17
Gameplay	collectables/heartGem/3/05	20	20	4	2	12	17
Gameplay	collectables/heartGem/3/06	20	20	5	2	10	17
Gameplay	collectables/heartGem/3/07	20	20	4	2	12	17
Gameplay	collectables/heartGem/3/08	20	20	3	2	14	17
Gameplay	collectables/heartGem/3/09	20	20	2	2	16	17
Gameplay	collectables/heartGem/3/10	20	20	1	2	18	17
Gameplay	collectables/heartGem/3/11	20	20	1	2	18	17
Gameplay	collectables/heartGem/3/12	20	20	1	2	18	17
Gameplay	collectables/heartGem/3/13	20	20	1	2	18	17
Gameplay	collectables/heartGem/ghost00	20	20	1	2	18	17
Gameplay	collectables/heartGem/ghost01	20	20	1	2	18	17
Gameplay	collectables/heartGem/ghost02	20	20	1	2	18	17
Gameplay	collectables/heartGem/ghost03	20	20	2	2	16	17
Gameplay	collectables/heartGem/ghost04	20	20	3	2	14	17
Gameplay	collectables/heartGem/ghost05	20	20	4	2	12	17
Gameplay	collectables/heartGem/ghost06	20	20	5	2	10	17
Gameplay	collectables/heartGem/ghost07	20	20	4	2	12	17
Gameplay	collectables/heartGem/ghost08	20	20	3	2	14	17
Gameplay	collectables/heartGem/ghost09	20	20	2	2	16	17
Gameplay	collectables/heartGem/ghost10	20	20	1	2	18	17
Gameplay	collectables/heartGem/ghost11	20	20	1	2	18	17
Gameplay	collectables/heartGem/ghost12	20	20	1	2	18	17
Gameplay	collectables/heartGem/ghost13	20	20	1	2	18	17
Gameplay	collectables/heartGem/orb	16	16	2	2	12	12
Gameplay	collectables/heartGem/shape	20	20	2	3	16	15
Gameplay	collectables/heartGem/white00	20	20	1	2	18	17
Gameplay	collectables/heartGem/white01	20	20	1	2	18	17
Gameplay	collectables/heartGem/white02	20	20	1	2	18	17
Gameplay	collectables/heartGem/white03	20	20	2	2	16	17
Gameplay	collectables/heartGem/white04	20	20	3	2	14	17
Gameplay	collectables/heartGem/white05	20	20	4	2	12	17
Gameplay	collectables/heartGem/white06	20	20	5	2	10	17
Gameplay	collectables/heartGem/white07	20	20	4	2	12	17
Gameplay	collectables/heartGem/white08	20	20	3	2	14	17
Gameplay	collectables/heartGem/white09	20	20	2	2	16	17
Gameplay	collectables/heartGem/white10	20	20	1	2	18	17
Gameplay	collectables/heartGem/white11	20	20	1	2	18	17
Gameplay	collectables/heartGem/white12	20	20	1	2	18	17
Gameplay	collectables/heartGem/white13	20	20	1	2	18	17
Gameplay	collectables/key/enter00	16	16	5	2	6	12
Gameplay	collectables/key/enter01	16	16	5	3	6	10
Gameplay	collectables/key/enter02	16	16	4	3	8	10
Gameplay	collectables/key/enter03	16	16	2	2	12	11
Gameplay	collectables/key/enter04	16	16	1	1	14	14
Gameplay	collectables/key/enter05	16	16	1	1	14	14
Gameplay	collectables/key/enter06	16	16	1	1	14	14
Gameplay	collectables/key/enter07	16	16	5	4	6	8
Gameplay	collectables/key/idle00	16	16	1	1	14	13
Gameplay	collectables/key/idle01	16	16	2	1	12	13
Gameplay	collectables/key/idle02	16	16	3	1	10	13
Gameplay	collectables/key/idle03	16	16	4	1	7	13
Gameplay	collectables/key/idle04	16	16	5	1	7	13
Gameplay	collectables/key/idle05	16	16	3	1	10	13
Gameplay	collectables/key/idle06	16	16	2	1	12	13
Gameplay	collectables/key/idle07	16	16	1	1	14	13
Gameplay	collectables/key/idle08	16	16	2	1	12	13
Gameplay	collectables/key/idle09	16	16	3	1	10	13
Gameplay	collectables/key/idle10	16	16	4	1	8	13
Gameplay	collectables/key/idle11	16	16	4	1	8	13
Gameplay	collectables/key/idle12	16	16	3	1	10	13
Gameplay	collectables/key/idle13	16	16	2	1	12	13
Gameplay	collectables/moonBerry/ghost00	24	16	4	1	16	13
Gameplay	collectables/moonBerry/ghost01	24	16	4	1	16	13
Gameplay	collectables/moonBerry/ghost02	24	16	4	1	16	13
Gameplay	collectables/moonBerry/ghost03	24	16	4	1	16	13
Gameplay	collectables/moonBerry/ghost04	24	16	4	1	16	13
Gameplay	collectables/moonBerry/ghost05	24	16	4	1	16	13
Gameplay	collectables/moonBerry/ghost06	24	16	4	1	16	13
Gameplay	collectables/moonBerry/ghost07	24	16	4	1	16	13
Gameplay	collectables/moonBerry/ghost08	24	16	4	1	16	13
Gameplay	collectables/moonBerry/ghost09	24	16	4	1	16	13
Gameplay	collectables/moonBerry/ghost10	24	16	4	1	16	13
Gameplay	collectables/moonBerry/ghost11	24	16	4	1	16	13
Gameplay	collectables/moonBerry/ghost12	24	16	4	1	16	13
Gameplay	collectables/moonBerry/ghost13	24	16	4	1	16	13
Gameplay	collectables/moonBerry/ghost14	24	16	4	1	16	13
Gameplay	collectables/moonBerry/ghost15	24	16	4	1	16	13
Gameplay	collectables/moonBerry/ghost16	24	16	4	1	16	13
Gameplay	collectables/moonBerry/ghost17	24	16	4	1	16	13
Gameplay	collectables/moonBerry/ghost18	24	16	4	1	16	13
Gameplay	collectables/moonBerry/ghost19	24	16	4	1	16	14
Gameplay	collectables/moonBerry/ghost20	24	16	4	1	16	13
Gameplay	collectables/moonBerry/ghost21	24	16	4	1	16	13
Gameplay	collectables/moonBerry/ghost22	24	16	4	1	16	13
Gameplay	collectables/moonBerry/ghost23	24	16	4	1	16	13
Gameplay	collectables/moonBerry/ghost24	24	16	4	1	16	13
Gameplay	collectables/moonBerry/ghost25	24	16	4	1	16	13
Gameplay	collectables/moonBerry/ghost26	24	16	3	1	17	13
Gameplay	collectables/moonBerry/ghost27	24	16	4	1	16	13
Gameplay	collectables/moonBerry/ghost28	24	16	4	1	16	13
Gameplay	collectables/moonBerry/ghost29	24	16	4	1	16	13
Gameplay	collectables/moonBerry/ghost30	24	16	4	1	16	13
Gameplay	collectables/moonBerry/ghost31	24	16	4	1	16	13
Gameplay	collectables/moonBerry/ghost32	24	16	4	1	16	13
Gameplay	collectables/moonBerry/ghost33	24	16	4	1	16	13
Gameplay	collectables/moonBerry/ghost34	24	16	4	1	16	13
Gameplay	collectables/moonBerry/ghost35	24	16	4	1	16	13
Gameplay	collectables/moonBerry/ghost36	24	16	4	1	16	13
Gameplay	collectables/moonBerry/ghost37	24	16	4	1	16	13
Gameplay	collectables/moonBerry/ghost38	24	16	4	1	16	13
Gameplay	collectables/moonBerry/ghost39	24	16	4	1	16	13
Gameplay	collectables/moonBerry/ghost40	24	16	4	1	16	13
Gameplay	collectables/moonBerry/ghost41	24	16	4	1	16	13
Gameplay	collectables/moonBerry/ghost42	24	16	4	1	16	13
Gameplay	collectables/moonBerry/ghost43	24	16	4	1	16	13
Gameplay	collectables/moonBerry/ghost44	24	16	4	1	16	13
Gameplay	collectables/moonBerry/ghost45	24	16	4	1	16	13
Gameplay	collectables/moonBerry/ghost46	24	16	4	1	16	13
Gameplay	collectables/moonBerry/ghost47	24	16	4	1	16	13
Gameplay	collectables/moonBerry/ghost48	24	16	1	0	22	15
Gameplay	collectables/moonBerry/ghost49	24	16	3	3	18	10
Gameplay	collectables/moonBerry/ghost50	24	16	5	6	14	6
Gameplay	collectables/moonBerry/ghost51	24	16	4	6	16	5
Gameplay	collectables/moonBerry/normal00	24	16	4	1	16	13
Gameplay	collectables/moonBerry/normal01	24	16	4	1	16	13
Gameplay	collectables/moonBerry/normal02	24	16	4	1	16	13
Gameplay	collectables/moonBerry/normal03	24	16	4	1	16	13
Gameplay	collectables/moonBerry/normal04	24	16	4	1	16	13
Gameplay	collectables/moonBerry/normal05	24	16	4	1	16	13
Gameplay	collectables/moonBerry/normal06	24	16	4	1	16	13
Gameplay	collectables/moonBerry/normal07	24	16	4	1	16	13
Gameplay	collectables/moonBerry/normal08	24	16	4	1	16	13
Gameplay	collectables/moonBerry/normal09	24	16	4	1	16	13
Gameplay	collectables/moonBerry/normal10	24	16	4	1	16	13
Gameplay	collectables/moonBerry/normal11	24	16	4	1	16	13
Gameplay	collectables/moonBerry/normal12	24	16	4	1	16	13
Gameplay	collectables/moonBerry/normal13	24	16	4	1	16	13
Gameplay	collectables/moonBerry/normal14	24	16	4	1	16	13
Gameplay	collectables/moonBerry/normal15	24	16	4	1	16	13
Gameplay	collectables/moonBerry/normal16	24	16	4	1	16	13
Gameplay	collectables/moonBerry/normal17	24	16	4	1	16	13
Gameplay	collectables/moonBerry/normal18	24	16	4	1	16	13
Gameplay	collectables/moonBerry/normal19	24	16	4	1	16	14
Gameplay	collectables/moonBerry/normal20	24	16	4	1	16	13
Gameplay	collectables/moonBerry/normal21	24	16	4	1	16	13
Gameplay	collectables/moonBerry/normal22	24	16	4	1	16	13
Gameplay	collectables/moonBerry/normal23	24	16	4	1	16	13
Gameplay	collectables/moonBerry/normal24	24	16	4	1	16	13
Gameplay	collectables/moonBerry/normal25	24	16	4	1	16	13
Gameplay	collectables/moonBerry/normal26	24	16	3	1	17	13
Gameplay	collectables/moonBerry/normal27	24	16	4	1	16	13
Gameplay	collectables/moonBerry/normal28	24	16	4	1	16	13
Gameplay	collectables/moonBerry/normal29	24	16	4	1	16	13
Gameplay	collectables/moonBerry/normal30	24	16	4	1	16	13
Gameplay	collectables/moonBerry/normal31	24	16	4	1	16	13
Gameplay	collectables/moonBerry/normal32	24	16	4	1	16	13
Gameplay	collectables/moonBerry/normal33	24	16	4	1	16	13
Gameplay	collectables/moonBerry/normal34	24	16	4	1	16	13
Gameplay	collectables/moonBerry/normal35	24	16	4	1	16	13
Gameplay	collectables/moonBerry/normal36	24	16	4	1	16	13
Gameplay	collectables/moonBerry/normal37	24	16	4	1	16	13
Gameplay	collectables/moonBerry/normal38	24	16	4	1	16	13
Gameplay	collectables/moonBerry/normal39	24	16	4	1	16	13
Gameplay	collectables/moonBerry/normal40	24	16	4	1	16	13
Gameplay	collectables/moonBerry/normal41	24	16	4	1	16	13
Gameplay	collectables/moonBerry/normal42	24	16	4	1	16	13
Gameplay	collectables/moonBerry/normal43	24	16	4	1	16	13
Gameplay	collectables/moonBerry/normal44	24	16	4	1	16	13
Gameplay	collectables/moonBerry/normal45	24	16	4	1	16	13
Gameplay	collectables/moonBerry/normal46	24	16	4	1	16	13
Gameplay	collectables/moonBerry/normal47	24	16	4	1	16	13
Gameplay	collectables/moonBerry/normal48	24	16	1	0	22	15
Gameplay	collectables/moonBerry/normal49	24	16	3	3	18	10
Gameplay	collectables/moonBerry/normal50	24	16	5	6	14	6
Gameplay	collectables/moonBerry/normal51	24	16	4	6	16	5
Gameplay	collectables/strawberry/normal00	18	16	4	1	10	13
Gameplay	collectables/strawberry/normal01	18	16	4	1	10	13
Gameplay	collectables/strawberry/normal02	18	16	4	1	10	13
Gameplay	collectables/strawberry/normal03	18	16	4	1	10	13
Gameplay	collectables/strawberry/normal04	18	16	4	1	10	13
Gameplay	collectables/strawberry/normal05	18	16	4	1	10	13
Gameplay	collectables/strawberry/normal06	18	16	4	1	10	13
Gameplay	collectables/strawberry/normal07	18	16	4	1	10	13
Gameplay	collectables/strawberry/normal08	18	16	4	0	10	15
Gameplay	collectables/strawberry/normal09	18	16	3	3	12	10
Gameplay	collectables/strawberry/normal10	18	16	2	6	14	6
Gameplay	collectables/strawberry/normal11	18	16	1	7	16	4
Gameplay	collectables/strawberry/normal12	18	16	2	8	15	3
Gameplay	collectables/strawberry/normal13	18	16	1	4	16	10
Gameplay	collectables/strawberry/normal14	18	16	1	5	16	8
Gameplay	collectables/strawberry/normal15	18	16	1	4	16	8
Gameplay	collectables/strawberry/normal16	18	16	1	3	16	8
Gameplay	collectables/strawberry/normal17	18	16	1	2	16	9
Gameplay	collectables/strawberry/normal18	18	16	1	1	16	6
Gameplay	collectables/strawberry/normal19	18	16	2	1	15	5
Gameplay	collectables/strawberry/normal20	18	16	2	8	15	3
Gameplay	collectables/strawberry/normal21	18	16	1	4	16	10
Gameplay	collectables/strawberry/normal22	18	16	1	5	16	8
Gameplay	collectables/strawberry/normal23	18	16	1	4	16	8
Gameplay	collectables/strawberry/normal24	18	16	1	3	16	8
Gameplay	collectables/strawberry/normal25	18	16	1	2	16	9
Gameplay	collectables/strawberry/normal26	18	16	1	1	16	6
Gameplay	collectables/strawberry/normal27	18	16	2	1	15	5
Gameplay	collectables/strawberry/normal28	18	16	2	8	15	3
Gameplay	collectables/strawberry/normal29	18	16	1	4	16	10
Gameplay	collectables/strawberry/normal30	18	16	1	5	16	8
Gameplay	collectables/strawberry/normal31	18	16	1	4	16	8
Gameplay	collectables/strawberry/normal32	18	16	1	3	16	8
Gameplay	collectables/strawberry/normal33	18	16	1	2	16	9
Gameplay	collectables/strawberry/normal34	18	16	1	1	16	6
Gameplay	collectables/strawberry/normal35	18	16	2	1	15	5
Gameplay	collectables/strawberry/normal36	18	16	2	8	15	3
Gameplay	collectables/strawberry/normal37	18	16	0	4	17	10
Gameplay	collectables/strawberry/normal38	18	16	0	5	17	8
Gameplay	collectables/strawberry/normal39	18	16	0	4	17	8
Gameplay	collectables/strawberry/normal40	18	16	0	3	17	8
Gameplay	collectables/strawberry/normal41	18	16	0	2	17	10
Gameplay	collectables/strawberry/normal42	18	16	1	1	16	11
Gameplay	collectables/strawberry/normal43	18	16	2	1	15	5
Gameplay	collectables/strawberry/normal44	18	16	2	8	15	3
Gameplay	collectables/strawberry/normal45	18	16	0	4	17	10
Gameplay	collectables/strawberry/normal46	18	16	0	5	17	8
Gameplay	collectables/strawberry/normal47	18	16	0	4	17	8
Gameplay	collectables/strawberry/normal48	18	16	0	3	17	8
Gameplay	collectables/strawberry/normal49	18	16	0	2	17	9
Gameplay	collectables/strawberry/normal50	18	16	1	1	16	7
Gameplay	collectables/strawberry/normal51	18	16	2	1	15	5
Gameplay	collectables/strawberry/normal52	18	16	2	3	15	11
Gameplay	collectables/strawberry/normal53	18	16	2	5	15	8
Gameplay	collectables/strawberry/normal54	18	16	2	5	15	8
Gameplay	collectables/strawberry/normal55	18	16	2	5	15	8
Gameplay	collectables/strawberry/normal56	18	16	2	5	15	8
Gameplay	collectables/strawberry/normal57	18	16	3	4	13	10
Gameplay	collectables/strawberry/normal58	18	16	0	5	18	8
Gameplay	collectables/strawberry/normal59	18	16	0	5	17	9
Gameplay	collectables/strawberry/normal60	18	16	0	4	18	11
Gameplay	collectables/strawberry/normal61	18	16	0	0	18	16
Gameplay	collectables/strawberry/seed00	16	16	4	4	7	10
Gameplay	collectables/strawberry/seed01	16	16	4	4	7	10
Gameplay	collectables/strawberry/wings00	40	24	3	4	34	13
Gameplay	collectables/strawberry/wings01	40	24	3	5	34	13
Gameplay	collectables/strawberry/wings02	40	24	4	4	32	14
Gameplay	collectables/strawberry/wings03	40	24	6	1	28	17
Gameplay	collectables/strawberry/wings04	40	24	5	4	30	15
Gameplay	collectables/strawberry/wings05	40	24	5	2	30	17
Gameplay	collectables/strawberry/wings06	40	24	5	3	30	16
Gameplay	collectables/strawberry/wings07	40	24	3	4	34	13
Gameplay	collectables/strawberry/wings08	40	24	3	4	34	13
Gameplay	collectables/strawberry/wings09	40	24	3	4	34	13
Gameplay	collectables/strawberry/wow/normal52	24	16	9	7	6	3
Gameplay	collectables/strawberry/wow/normal53	24	16	0	2	24	13
Gameplay	collectables/strawberry/wow/normal54	24	16	0	2	24	13
Gameplay	collectables/strawberry/wow/normal55	24	16	0	1	24	14
Gameplay	collectables/strawberry/wow/normal56	24	16	0	1	24	14
Gameplay	collectables/strawberry/wow/normal57	24	16	0	4	24	9
Gameplay	collectables/strawberry/wow/normal58	24	16	0	4	24	9
Gameplay	collectables/strawberry/wow/normal59	24	16	0	3	24	9
Gameplay	collectables/strawberry/wow/normal60	24	16	0	2	24	9
Gameplay	collectables/strawberry/wow/normal61	24	16	0	2	24	8
Gameplay	collectables/strawberry/wow/normal62	24	16	0	1	24	7
Gameplay	collectables/strawberry/wow/normal63	24	16	0	1	24	6
Gameplay	collectables/strawberry/wow/normal64	24	16	0	2	24	4
Gameplay	collectables/strawberry/wow/normal65	24	16	0	1	24	3
Gameplay	collectables/strawberry/wow/normal66	24	16	0	0	24	16
Gameplay	collectables/summitgems/0/bg	32	32	6	6	20	20
Gameplay	collectables/summitgems/0/gem00	20	20	0	0	20	19
Gameplay	collectables/summitgems/0/gem01	20	20	0	0	20	19
Gameplay	collectables/summitgems/0/gem02	20	20	0	0	20	19
Gameplay	collectables/summitgems/0/gem03	20	20	1	0	18	19
Gameplay	collectables/summitgems/0/gem04	20	20	2	0	16	19
Gameplay	collectables/summitgems/0/gem05	20	20	4	0	12	19
Gameplay	collectables/summitgems/0/gem06	20	20	5	0	10	19
Gameplay	collectables/summitgems/0/gem07	20	20	4	0	12	19
Gameplay	collectables/summitgems/0/gem08	20	20	2	0	16	19
Gameplay	collectables/summitgems/0/gem09	20	20	1	0	18	19
Gameplay	collectables/summitgems/0/gem10	20	20	0	0	20	19
Gameplay	collectables/summitgems/0/gem11	20	20	0	0	20	19
Gameplay	collectables/summitgems/0/gem12	20	20	0	0	20	19
Gameplay	collectables/summitgems/0/gem13	20	20	0	0	20	19
Gameplay	collectables/summitgems/0/shard00	8	8	0	0	8	8
Gameplay	collectables/summitgems/0/shard01	8	8	0	0	8	8
Gameplay	collectables/summitgems/0/small00	10	10	0	0	10	10
Gameplay	collectables/summitgems/1/bg	32	32	7	6	18	21
Gameplay	collectables/summitgems/1/gem00	20	20	1	0	18	20
Gameplay	collectables/summitgems/1/gem01	20	20	1	0	18	20
Gameplay	collectables/summitgems/1/gem02	20	20	2	0	16	20
Gameplay	collectables/summitgems/1/gem03	20	20	3	0	14	20
Gameplay	collectables/summitgems/1/gem04	20	20	4	0	12	20
Gameplay	collectables/summitgems/1/gem05	20	20	5	0	10	20
Gameplay	collectables/summitgems/1/gem06	20	20	4	0	12	20
Gameplay	collectables/summitgems/1/gem07	20	20	3	0	14	20
Gameplay	collectables/summitgems/1/gem08	20	20	2	0	16	20
Gameplay	collectables/summitgems/1/gem09	20	20	1	0	18	20
Gameplay	collectables/summitgems/1/gem10	20	20	1	0	18	20
Gameplay	collectables/summitgems/1/gem11	20	20	1	0	18	20
Gameplay	collectables/summitgems/1/gem12	20	20	1	0	18	20
Gameplay	collectables/summitgems/1/gem13	20	20	1	0	18	20
Gameplay	collectables/summitgems/1/shard00	8	8	0	0	8	8
Gameplay	collectables/summitgems/1/shard01	8	8	0	0	8	8
Gameplay	collectables/summitgems/1/small00	10	10	0	0	10	10
Gameplay	collectables/summitgems/2/bg	32	32	9	6	14	21
Gameplay	collectables/summitgems/2/gem00	20	20	3	0	14	20
Gameplay	collectables/summitgems/2/gem01	20	20	3	0	14	20
Gameplay	collectables/summitgems/2/gem02	20	20	3	0	14	20
Gameplay	collectables/summitgems/2/gem03	20	20	3	0	14	20
Gameplay	collectables/summitgems/2/gem04	20	20	4	0	12	20
Gameplay	collectables/summitgems/2/gem05	20	20	5	0	10	20
Gameplay	collectables/summitgems/2/gem06	20	20	6	0	8	20
Gameplay	collectables/summitgems/2/gem07	20	20	5	0	10	20
Gameplay	collectables/summitgems/2/gem08	20	20	4	0	12	20
Gameplay	collectables/summitgems/2/gem09	20	20	3	0	13	20
Gameplay	collectables/summitgems/2/gem10	20	20	3	0	14	20
Gameplay	collectables/summitgems/2/gem11	20	20	3	0	14	20
Gameplay	collectables/summitgems/2/gem12	20	20	3	0	14	20
Gameplay	collectables/summitgems/2/gem13	20	20	3	0	14	20
Gameplay	collectables/summitgems/2/shard00	8	8	0	0	8	8
Gameplay	collectables/summitgems/2/shard01	8	8	0	0	8	8
Gameplay	collectables/summitgems/2/small00	10	10	1	0	8	10
Gameplay	collectables/summitgems/3/bg	32	32	7	7	18	19
Gameplay	collectables/summitgems/3/gem00	20	20	1	1	18	18
Gameplay	collectables/summitgems/3/gem01	20	20	1	1	18	18
Gameplay	collectables/summitgems/3/gem02	20	20	1	1	18	18
Gameplay	collectables/summitgems/3/gem03	20	20	1	1	18	18
Gameplay	collectables/summitgems/3/gem04	20	20	2	1	16	18
Gameplay	collectables/summitgems/3/gem05	20	20	2	1	15	18
Gameplay	collectables/summitgems/3/gem06	20	20	4	1	12	18
Gameplay	collectables/summitgems/3/gem07	20	20	2	1	15	18
Gameplay	collectables/summitgems/3/gem08	20	20	2	1	16	18
Gameplay	collectables/summitgems/3/gem09	20	20	1	1	17	18
Gameplay	collectables/summitgems/3/gem10	20	20	1	1	18	18
Gameplay	collectables/summitgems/3/gem11	20	20	1	1	18	18
Gameplay	collectables/summitgems/3/gem12	20	20	1	1	18	18
Gameplay	collectables/summitgems/3/gem13	20	20	1	1	18	18
Gameplay	collectables/summitgems/3/shard00	8	8	0	0	8	8
Gameplay	collectables/summitgems/3/shard01	8	8	0	0	8	8
Gameplay	collectables/summitgems/3/small00	10	10	0	0	10	10
Gameplay	collectables/summitgems/4/bg	32	32	7	7	18	19
Gameplay	collectables/summitgems/4/gem00	20	20	1	1	18	18
Gameplay	collectables/summitgems/4/gem01	20	20	1	1	18	18
Gameplay	collectables/summitgems/4/gem02	20	20	1	1	18	18
Gameplay	collectables/summitgems/4/gem03	20	20	1	1	18	18
Gameplay	collectables/summitgems/4/gem04	20	20	2	1	16	18
Gameplay	collectables/summitgems/4/gem05	20	20	3	1	14	18
Gameplay	collectables/summitgems/4/gem06	20	20	4	1	12	18
Gameplay	collectables/summitgems/4/gem07	20	20	3	1	14	18
Gameplay	collectables/summitgems/4/gem08	20	20	2	1	16	18
Gameplay	collectables/summitgems/4/gem09	20	20	2	1	17	18
Gameplay	collectables/summitgems/4/gem10	20	20	1	1	18	18
Gameplay	collectables/summitgems/4/gem11	20	20	1	1	18	18
Gameplay	collectables/summitgems/4/gem12	20	20	1	1	18	18
Gameplay	collectables/summitgems/4/gem13	20	20	1	1	18	18
Gameplay	collectables/summitgems/4/shard00	8	8	0	0	8	8
Gameplay	collectables/summitgems/4/shard01	8	8	0	0	8	8
Gameplay	collectables/summitgems/4/small00	10	10	0	0	10	10
Gameplay	collectables/summitgems/5/bg	32	32	7	7	18	19
Gameplay	collectables/summitgems/5/gem00	20	20	1	1	18	18
Gameplay	collectables/summitgems/5/gem01	20	20	1	1	18	18
Gameplay	collectables/summitgems/5/gem02	20	20	1	1	18	18
Gameplay	collectables/summitgems/5/gem03	20	20	1	1	18	18
Gameplay	collectables/summitgems/5/gem04	20	20	1	1	18	18
Gameplay	collectables/summitgems/5/gem05	20	20	1	1	18	18
Gameplay	collectables/summitgems/5/gem06	20	20	1	1	18	18
Gameplay	collectables/summitgems/5/gem07	20	20	1	1	18	18
Gameplay	collectables/summitgems/5/gem08	20	20	1	1	18	18
Gameplay	collectables/summitgems/5/gem09	20	20	1	1	18	18
Gameplay	collectables/summitgems/5/gem10	20	20	1	1	18	18
Gameplay	collectables/summitgems/5/gem11	20	20	1	1	18	18
Gameplay	collectables/summitgems/5/gem12	20	20	1	1	18	18
Gameplay	collectables/summitgems/5/gem13	20	20	1	1	18	18
Gameplay	collectables/summitgems/5/shard00	8	8	0	0	8	8
Gameplay	collectables/summitgems/5/shard01	8	8	0	0	8	8
Gameplay	collectables/summitgems/5/small00	10	10	0	0	10	10
Gameplay	cutscenes/payphone/blink	112	80	49	36	6	2
Gameplay	cutscenes/payphone/phone00	112	80	39	27	40	53
Gameplay	cutscenes/payphone/phone01	112	80	39	27	40	53
Gameplay	cutscenes/payphone/phone02	112	80	39	27	40	53
Gameplay	cutscenes/payphone/phone03	112	80	39	27	40	53
Gameplay	cutscenes/payphone/phone04	112	80	39	27	40	53
Gameplay	cutscenes/payphone/phone05	112	80	39	27	40	53
Gameplay	cutscenes/payphone/phone06	112	80	39	27	40	53
Gameplay	cutscenes/payphone/phone07	112	80	39	27	40	53
Gameplay	cutscenes/payphone/phone08	112	80	39	27	40	53
Gameplay	cutscenes/payphone/phone09	112	80	39	27	40	53
Gameplay	cutscenes/payphone/phone10	112	80	39	27	40	53
Gameplay	cutscenes/payphone/phone11	112	80	39	27	40	53
Gameplay	cutscenes/payphone/phone12	112	80	39	27	40	53
Gameplay	cutscenes/payphone/phone13	112	80	39	27	40	53
Gameplay	cutscenes/payphone/phone14	112	80	36	27	43	53
Gameplay	cutscenes/payphone/phone15	112	80	31	27	48	53
Gameplay	cutscenes/payphone/phone16	112	80	30	27	49	53
Gameplay	cutscenes/payphone/phone17	112	80	30	27	49	53
Gameplay	cutscenes/payphone/phone18	112	80	30	27	49	53
Gameplay	cutscenes/payphone/phone19	112	80	30	27	49	53
Gameplay	cutscenes/payphone/phone20	112	80	30	27	49	53
Gameplay	cutscenes/payphone/phone21	112	80	30	27	49	53
Gameplay	cutscenes/payphone/phone22	112	80	30	27	49	53
Gameplay	cutscenes/payphone/phone23	112	80	30	27	49	53
Gameplay	cutscenes/payphone/phone24	112	80	30	27	49	53
Gameplay	cutscenes/payphone/phone25	112	80	30	27	49	53
Gameplay	cutscenes/payphone/phone26	112	80	30	19	54	61
Gameplay	cutscenes/payphone/phone27	112	80	30	19	54	61
Gameplay	cutscenes/payphone/phone28	112	80	30	27	49	53
Gameplay	cutscenes/payphone/phone29	112	80	30	20	54	60
Gameplay	cutscenes/payphone/phone30	112	80	30	27	51	53
Gameplay	cutscenes/payphone/phone31	112	80	30	27	50	53
Gameplay	cutscenes/payphone/phone32	112	80	30	26	50	54
Gameplay	cutscenes/payphone/phone33	112	80	30	26	50	54
Gameplay	cutscenes/payphone/phone34	112	80	30	27	44	53
Gameplay	cutscenes/payphone/phone35	112	80	30	26	44	54
Gameplay	cutscenes/payphone/phone36	112	80	30	27	44	53
Gameplay	cutscenes/payphone/phone37	112	80	30	27	48	53
Gameplay	cutscenes/payphone/phone38	112	80	30	28	52	52
Gameplay	cutscenes/payphone/phone39	112	80	30	27	65	53
Gameplay	cutscenes/payphone/phone40	112	80	30	26	65	54
Gameplay	cutscenes/payphone/phone41	112	80	30	27	65	53
Gameplay	cutscenes/payphone/phone42	112	80	30	27	64	53
Gameplay	cutscenes/payphone/phone43	112	80	30	27	56	53
Gameplay	cutscenes/payphone/phone44	112	80	30	27	56	53
Gameplay	cutscenes/payphone/phone45	112	80	30	27	55	53
Gameplay	cutscenes/payphone/phone46	112	80	30	27	56	53
Gameplay	cutscenes/payphone/phone47	112	80	30	29	57	51
Gameplay	cutscenes/payphone/phone48	112	80	30	27	58	53
Gameplay	cutscenes/payphone/phone49	112	80	30	23	59	57
Gameplay	cutscenes/payphone/phone50	112	80	30	18	61	62
Gameplay	cutscenes/payphone/phone51	112	80	30	36	60	44
Gameplay	cutscenes/payphone/phone52	112	80	21	41	68	39
Gameplay	cutscenes/payphone/phone53	112	80	15	43	73	37
Gameplay	cutscenes/payphone/phone54	112	80	10	44	79	36
Gameplay	cutscenes/payphone/phone55	112	80	9	52	67	28
Gameplay	cutscenes/payphone/phone56	112	80	10	52	64	28
Gameplay	cutscenes/payphone/phone57	112	80	11	53	63	27
Gameplay	cutscenes/payphone/phone58	112	80	11	52	59	28
Gameplay	cutscenes/payphone/phone59	112	80	19	58	59	22
Gameplay	cutscenes/payphone/phone60	112	80	27	57	53	23
Gameplay	cutscenes/payphone/phone61	112	80	39	39	42	41
Gameplay	cutscenes/payphone/phone62	112	80	42	32	43	48
Gameplay	cutscenes/payphone/phone63	112	80	44	31	41	47
Gameplay	cutscenes/payphone/phone64	112	80	45	31	42	47
Gameplay	cutscenes/payphone/phone65	112	80	47	28	43	51
Gameplay	cutscenes/payphone/phone66	112	80	52	27	39	46
Gameplay	cutscenes/payphone/phone67	112	80	52	26	40	47
Gameplay	cutscenes/payphone/phone68	112	80	52	26	40	47
Gameplay	cutscenes/payphone/phone69	112	80	52	26	40	47
Gameplay	cutscenes/payphone/phone70	112	80	52	26	34	47
Gameplay	cutscenes/payphone/phone71	112	80	52	26	34	47
Gameplay	cutscenes/payphone/phone72	112	80	51	26	35	47
Gameplay	cutscenes/payphone/phone73	112	80	51	26	35	47
Gameplay	cutscenes/payphone/phone74	112	80	52	26	34	47
Gameplay	cutscenes/payphone/phone75	112	80	53	26	33	47
Gameplay	cutscenes/payphone/phone76	112	80	48	26	40	47
Gameplay	cutscenes/payphone/phone77	112	80	45	26	45	47
Gameplay	cutscenes/payphone/phone78	112	80	44	26	46	47
Gameplay	cutscenes/payphone/phone79	112	80	43	26	48	47
Gameplay	cutscenes/payphone/phone80	112	80	49	26	43	47
Gameplay	cutscenes/payphone/phone81	112	80	52	26	40	47
Gameplay	cutscenes/payphone/phone82	112	80	52	26	34	47
Gameplay	cutscenes/payphone/phone83	112	80	52	26	34	47
Gameplay	cutscenes/payphone/phone84	112	80	52	25	34	47
Gameplay	cutscenes/payphone/phone85	112	80	52	24	34	47
Gameplay	cutscenes/payphone/phone86	112	80	52	24	34	47
Gameplay	cutscenes/payphone/phone87	112	80	52	25	34	47
Gameplay	danger/blade00	48	48	15	15	18	18
Gameplay	danger/blade01	48	48	14	14	19	19
Gameplay	danger/blade02	48	48	14	14	20	20
Gameplay	danger/blade03	48	48	15	15	18	18
Gameplay	danger/blade04	48	48	15	15	18	18
Gameplay	danger/blade05	48	48	15	15	18	18
Gameplay	danger/cannonball	10	10	1	1	8	8
Gameplay	danger/crystal/bg_blue00	24	24	6	6	11	12
Gameplay	danger/crystal/bg_purple00	24	24	6	6	11	12
Gameplay	danger/crystal/bg_red00	24	24	6	6	11	12
Gameplay	danger/crystal/bg_white00	24	24	6	6	11	12
Gameplay	danger/crystal/fg_blue00	24	24	3	2	19	19
Gameplay	danger/crystal/fg_blue01	24	24	2	3	19	19
Gameplay	danger/crystal/fg_blue02	24	24	4	3	19	19
Gameplay	danger/crystal/fg_blue03	24	24	2	2	19	19
Gameplay	danger/crystal/fg_purple00	24	24	2	3	19	19
Gameplay	danger/crystal/fg_purple01	24	24	1	3	19	19
Gameplay	danger/crystal/fg_purple02	24	24	3	2	19	19
Gameplay	danger/crystal/fg_purple03	24	24	3	2	19	19
Gameplay	danger/crystal/fg_red00	24	24	2	3	19	19
Gameplay	danger/crystal/fg_red01	24	24	1	3	19	19
Gameplay	danger/crystal/fg_red02	24	24	3	2	19	19
Gameplay	danger/crystal/fg_red03	24	24	3	2	19	19
Gameplay	danger/crystal/fg_white00	24	24	3	2	19	19
Gameplay	danger/crystal/fg_white01	24	24	2	3	19	19
Gameplay	danger/crystal/fg_white02	24	24	4	3	19	19
Gameplay	danger/crystal/fg_white03	24	24	2	2	19	19
Gameplay	danger/dustcreature/base00	16	16	2	2	13	12
Gameplay	danger/dustcreature/base01	16	16	1	2	13	12
Gameplay	danger/dustcreature/base02	16	16	1	1	13	13
Gameplay	danger/dustcreature/bristle	16	16	4	7	8	2
Gameplay	danger/dustcreature/center00	16	16	2	2	12	12
Gameplay	danger/dustcreature/deadEyes	8	8	1	1	6	6
Gameplay	danger/dustcreature/eyes00	8	8	2	2	4	4
Gameplay	danger/dustcreature/eyes01	8	8	1	1	6	6
Gameplay	danger/dustcreature/eyes02	8	8	1	2	6	5
Gameplay	danger/dustcreature/overlay00	16	16	3	4	9	9
Gameplay	danger/dustcreature/overlay01	16	16	3	4	9	8
Gameplay	danger/dustcreature/overlay02	16	16	3	4	10	9
Gameplay	danger/dustcreature/templeeyes00	8	8	2	2	4	4
Gameplay	danger/dustcreature/templeeyes01	8	8	1	1	6	6
Gameplay	danger/dustcreature/templeeyes02	8	8	1	2	6	5
Gameplay	danger/lava/bubble_a00	10	8	2	6	6	2
Gameplay	danger/lava/bubble_a01	10	8	2	5	6	3
Gameplay	danger/lava/bubble_a02	10	8	1	2	8	6
Gameplay	danger/lava/bubble_a03	10	8	0	0	10	6
Gameplay	danger/snowball00	48	48	17	16	14	15
Gameplay	danger/snowball01	48	48	17	16	14	15
Gameplay	danger/snowball02	48	48	17	16	14	15
Gameplay	danger/snowball03	48	48	17	16	14	15
Gameplay	danger/snowball04	48	48	17	16	14	15
Gameplay	danger/snowball05	48	48	17	16	14	15
Gameplay	danger/snowball06	48	48	17	16	14	15
Gameplay	danger/snowball07	48	48	17	16	14	15
Gameplay	danger/snowball08	48	48	17	16	14	15
Gameplay	danger/snowball09	48	48	17	16	14	15
Gameplay	danger/snowball10	48	48	17	16	14	15
Gameplay	danger/snowball11	48	48	17	16	14	15
Gameplay	danger/snowball12	48	48	14	12	20	20
Gameplay	danger/snowball13	48	48	13	12	22	21
Gameplay	danger/snowball14	48	48	13	12	23	22
Gameplay	danger/snowball15	48	48	13	12	23	22
Gameplay	danger/snowball16	48	48	0	0	48	48
Gameplay	danger/spikeball	10	10	0	0	10	10
Gameplay	danger/spikes/cliffside_down00	10	10	0	0	9	10
Gameplay	danger/spikes/cliffside_down01	10	10	0	0	9	10
Gameplay	danger/spikes/cliffside_down02	10	10	0	0	9	10
Gameplay	danger/spikes/cliffside_left00	10	10	0	0	10	9
Gameplay	danger/spikes/cliffside_left01	10	10	0	0	10	9
Gameplay	danger/spikes/cliffside_left02	10	10	0	0	10	9
Gameplay	danger/spikes/cliffside_right00	10	10	0	0	10	9
Gameplay	danger/spikes/cliffside_right01	10	10	0	0	10	9
Gameplay	danger/spikes/cliffside_right02	10	10	0	0	10	9
Gameplay	danger/spikes/cliffside_up00	10	10	0	0	9	10
Gameplay	danger/spikes/cliffside_up01	10	10	1	0	9	10
Gameplay	danger/spikes/cliffside_up02	10	10	0	0	9	10
Gameplay	danger/spikes/cliffside_up03	10	10	0	0	9	10
Gameplay	danger/spikes/default_down00	8	9	1	0	7	6
Gameplay	danger/spikes/default_left00	9	8	3	1	6	7
Gameplay	danger/spikes/default_right00	9	8	0	0	6	7
Gameplay	danger/spikes/default_up00	8	9	0	3	7	6
Gameplay	danger/spikes/outline_down00	10	9	1	0	9	7
Gameplay	danger/spikes/outline_left00	9	10	2	1	7	9
Gameplay	danger/spikes/outline_right00	9	10	0	0	7	9
Gameplay	danger/spikes/outline_up00	10	9	0	2	9	7
Gameplay	danger/spikes/reflection_down00	10	10	0	0	9	10
Gameplay	danger/spikes/reflection_down01	10	10	0	0	9	10
Gameplay	danger/spikes/reflection_down02	10	10	0	0	9	10
Gameplay	danger/spikes/reflection_left00	10	10	0	0	10	9
Gameplay	danger/spikes/reflection_left01	10	10	0	0	10	9
Gameplay	danger/spikes/reflection_left02	10	10	0	0	10	9
Gameplay	danger/spikes/reflection_right00	10	10	0	0	10	9
Gameplay	danger/spikes/reflection_right01	10	10	0	0	10	9
Gameplay	danger/spikes/reflection_right02	10	10	0	0	10	9
Gameplay	danger/spikes/reflection_up00	10	10	0	0	9	10
Gameplay	danger/spikes/reflection_up01	10	10	1	0	9	10
Gameplay	danger/spikes/reflection_up02	10	10	0	0	9	10
Gameplay	danger/spikes/reflection_up03	10	10	0	0	9	10
Gameplay	danger/starfish00	48	48	14	14	20	19
Gameplay	danger/starfish01	48	48	13	13	21	21
Gameplay	danger/starfish02	48	48	14	14	19	19
Gameplay	danger/starfish03	48	48	14	14	20	19
Gameplay	danger/starfish04	48	48	14	14	20	19
Gameplay	danger/starfish05	48	48	14	14	20	19
Gameplay	danger/starfish06	48	48	14	14	20	19
Gameplay	danger/starfish07	48	48	14	14	20	19
Gameplay	danger/starfish08	48	48	13	13	21	21
Gameplay	danger/starfish09	48	48	14	14	19	19
Gameplay	danger/starfish10	48	48	14	14	20	19
Gameplay	danger/starfish11	48	48	14	14	20	19
Gameplay	danger/starfish12	48	48	14	14	20	19
Gameplay	danger/starfish13	48	48	14	14	20	19
Gameplay	danger/starfish14	48	48	14	14	20	19
Gameplay	danger/starfish15	48	48	13	13	21	21
Gameplay	danger/starfish16	48	48	14	14	19	19
Gameplay	danger/starfish17	48	48	14	14	20	19
Gameplay	danger/starfish18	48	48	14	14	20	19
Gameplay	danger/starfish19	48	48	14	14	20	19
Gameplay	danger/starfish20	48	48	14	14	20	19
Gameplay	danger/templeeye/body00	128	64	34	0	62	64
Gameplay	danger/templeeye/body01	128	64	34	0	62	64
Gameplay	danger/templeeye/body02	128	64	34	0	62	64
Gameplay	danger/templeeye/body03	128	64	34	0	61	64
Gameplay	danger/templeeye/body04	128	64	32	0	64	64
Gameplay	danger/templeeye/body05	128	64	20	0	83	64
Gameplay	danger/templeeye/body06	128	64	19	0	88	64
Gameplay	danger/templeeye/body07	128	64	17	0	92	64
Gameplay	danger/templeeye/body08	128	64	17	0	93	64
Gameplay	danger/templeeye/body09	128	64	17	0	94	64
Gameplay	danger/templeeye/body10	128	64	17	0	94	64
Gameplay	danger/templeeye/body11	128	64	18	0	93	64
Gameplay	danger/templeeye/body12	128	64	19	0	92	64
Gameplay	danger/templeeye/body13	128	64	25	0	70	64
Gameplay	danger/templeeye/body14	128	64	33	0	62	64
Gameplay	danger/templeeye/body15	128	64	33	0	62	64
Gameplay	danger/templeeye/body16	128	64	33	0	62	64
Gameplay	danger/templeeye/pupil	64	64	27	23	10	19
Gameplay	danger/tentacles00	16	32	0	6	16	15
Gameplay	danger/tentacles01	16	32	0	7	16	14
Gameplay	danger/tentacles02	16	32	0	5	16	16
Gameplay	danger/tentacles03	16	32	0	5	16	16
Gameplay	danger/tentacles04	16	32	0	5	16	16
Gameplay	danger/tentacles05	16	32	0	5	16	16
Gameplay	danger/tentacles06	16	32	0	7	16	15
Gameplay	danger/tentacles07	16	32	0	7	16	15
Gameplay	danger/tentacles08	16	32	0	7	16	15
Gameplay	danger/tentacles09	16	32	0	7	16	15
Gameplay	danger/tentacles10	16	32	0	7	16	15
Gameplay	danger/tentacles11	16	32	0	7	16	14
Gameplay	danger/tentacles12	16	32	0	7	16	14
Gameplay	danger/tentacles13	16	32	0	6	16	15
Gameplay	danger/tentacles14	16	32	0	6	16	15
Gameplay	danger/tentacles15	16	32	0	7	16	14
Gameplay	danger/tentacles16	16	32	0	8	16	13
Gameplay	danger/triggertentacle/wiggle_h00	3	6	0	2	3	1
Gameplay	danger/triggertentacle/wiggle_h01	3	6	0	1	3	2
Gameplay	danger/triggertentacle/wiggle_h02	3	6	0	1	3	2
Gameplay	danger/triggertentacle/wiggle_h03	3	6	0	0	3	3
Gameplay	danger/triggertentacle/wiggle_h04	3	6	0	1	3	2
Gameplay	danger/triggertentacle/wiggle_h05	3	6	0	2	3	2
Gameplay	danger/triggertentacle/wiggle_h06	3	6	0	2	3	2
Gameplay	danger/triggertentacle/wiggle_h07	3	6	0	2	3	3
Gameplay	danger/triggertentacle/wiggle_h08	3	6	0	2	3	2
Gameplay	danger/triggertentacle/wiggle_v00	6	3	2	0	1	3
Gameplay	danger/triggertentacle/wiggle_v01	6	3	2	0	2	3
Gameplay	danger/triggertentacle/wiggle_v02	6	3	2	0	2	3
Gameplay	danger/triggertentacle/wiggle_v03	6	3	2	0	3	3
Gameplay	danger/triggertentacle/wiggle_v04	6	3	2	0	2	3
Gameplay	danger/triggertentacle/wiggle_v05	6	3	1	0	2	3
Gameplay	danger/triggertentacle/wiggle_v06	6	3	1	0	2	3
Gameplay	danger/triggertentacle/wiggle_v07	6	3	0	0	3	3
Gameplay	danger/triggertentacle/wiggle_v08	6	3	1	0	2	3
Gameplay	debris/1	8	8	0	0	8	8
Gameplay	debris/3	8	8	0	0	8	8
Gameplay	debris/4	8	8	0	0	8	8
Gameplay	debris/5	8	8	0	0	8	8
Gameplay	debris/6	8	8	0	0	8	8
Gameplay	debris/7	8	8	0	0	8	8
Gameplay	debris/8	8	8	0	0	8	8
Gameplay	debris/9	8	8	0	0	8	8
Gameplay	debris/b	8	8	0	0	8	8
Gameplay	debris/f	8	8	0	0	8	8
Gameplay	debris/g	8	8	0	0	8	8
Gameplay	debris/m	8	8	0	0	8	8
Gameplay	decals/0-prologue/axe	23	24	2	9	19	15
Gameplay	decals/0-prologue/fence_a_left	16	16	2	6	14	10
Gameplay	decals/0-prologue/fence_a_middle	16	16	0	6	16	10
Gameplay	decals/0-prologue/fence_a_right	16	16	0	6	16	10
Gameplay	decals/0-prologue/fence_b_left	16	16	0	6	16	10
Gameplay	decals/0-prologue/fence_b_middle	16	16	0	5	16	11
Gameplay	decals/0-prologue/fence_b_right	16	16	0	5	16	11
Gameplay	decals/0-prologue/fence_c_left	16	16	1	6	15	10
Gameplay	decals/0-prologue/fence_c_middle	16	16	0	4	16	12
Gameplay	decals/0-prologue/fence_c_right	16	16	0	6	16	10
Gameplay	decals/0-prologue/house	151	62	0	0	151	62
Gameplay	decals/0-prologue/sign	35	21	0	0	35	21
Gameplay	decals/1-forsakencity/Collumn_concrete_E	32	48	7	32	19	16
Gameplay	decals/1-forsakencity/Collumn_concrete_E_broken	32	48	7	14	19	34
Gameplay	decals/1-forsakencity/Collumn_concrete_E_less_broken	32	48	7	14	19	34
Gameplay	decals/1-forsakencity/Collumn_concrete_E_very_broken	32	48	7	11	19	37
Gameplay	decals/1-forsakencity/Collumn_concrete_mid	32	8	10	0	13	8
Gameplay	decals/1-forsakencity/Collumn_concrete_mid_broken	32	8	10	0	13	8
Gameplay	decals/1-forsakencity/Collumn_concrete_mid_broken_E	32	8	10	1	13	7
Gameplay	decals/1-forsakencity/bench_concrete	32	16	2	4	29	12
Gameplay	decals/1-forsakencity/bench_concrete_snow	32	16	1	3	29	13
Gameplay	decals/1-forsakencity/big_sign	77	45	1	5	75	40
Gameplay	decals/1-forsakencity/big_sign_b	96	45	10	5	75	40
Gameplay	decals/1-forsakencity/big_sign_c	96	45	9	5	77	33
Gameplay	decals/1-forsakencity/big_sign_d	64	96	0	0	64	89
Gameplay	decals/1-forsakencity/big_sign_e	64	96	0	0	64	86
Gameplay	decals/1-forsakencity/big_sign_f	96	45	2	4	92	34
Gameplay	decals/1-forsakencity/box	23	24	3	14	17	10
Gameplay	decals/1-forsakencity/box_and_bottle	23	24	3	8	17	16
Gameplay	decals/1-forsakencity/brazilian_coffee_building	80	79	0	8	79	71
Gameplay	decals/1-forsakencity/brazilian_coffee_sign	47	97	2	20	42	77
Gameplay	decals/1-forsakencity/broken_plane	128	96	10	8	106	79
Gameplay	decals/1-forsakencity/camping_medium	56	40	3	23	48	17
Gameplay	decals/1-forsakencity/camping_medium_ruined	56	40	3	23	48	17
Gameplay	decals/1-forsakencity/camping_small	45	33	4	21	36	12
Gameplay	decals/1-forsakencity/car_ruined	80	52	4	13	71	39
Gameplay	decals/1-forsakencity/car_yellow	64	32	5	8	54	24
Gameplay	decals/1-forsakencity/checkpoint	24	24	0	0	24	24
Gameplay	decals/1-forsakencity/collumn_small_E	16	16	3	0	10	16
Gameplay	decals/1-forsakencity/collumn_small_broken	16	16	5	5	6	11
Gameplay	decals/1-forsakencity/collumn_small_broken_b	16	16	5	4	6	12
Gameplay	decals/1-forsakencity/collumn_small_mid	16	16	5	0	6	16
Gameplay	decals/1-forsakencity/cook_pot	19	22	1	11	16	11
Gameplay	decals/1-forsakencity/dashUpTwiceSign	32	32	1	5	30	27
Gameplay	decals/1-forsakencity/flag00	24	32	2	3	20	29
Gameplay	decals/1-forsakencity/flag01	24	32	6	3	16	29
Gameplay	decals/1-forsakencity/flag02	24	32	9	2	13	30
Gameplay	decals/1-forsakencity/flag03	24	32	7	3	15	29
Gameplay	decals/1-forsakencity/flag04	24	32	5	3	17	29
Gameplay	decals/1-forsakencity/hanging_lamp	16	32	0	0	16	29
Gameplay	decals/1-forsakencity/hanging_sign	40	32	2	0	35	26
Gameplay	decals/1-forsakencity/house_unfinished	61	66	2	19	56	47
Gameplay	decals/1-forsakencity/hydrant	15	25	3	12	9	13
Gameplay	decals/1-forsakencity/informationKiosk	80	80	1	7	78	73
Gameplay	decals/1-forsakencity/ladder	32	32	2	4	27	28
Gameplay	decals/1-forsakencity/leftArrowSign	16	16	0	0	15	16
Gameplay	decals/1-forsakencity/old_lamp	16	23	4	0	7	20
Gameplay	decals/1-forsakencity/paint_buckets	16	16	2	2	13	14
Gameplay	decals/1-forsakencity/plane	114	80	5	8	106	72
Gameplay	decals/1-forsakencity/post_broken	16	64	3	4	9	60
Gameplay	decals/1-forsakencity/post_extra_broken	16	64	3	25	9	39
Gameplay	decals/1-forsakencity/posterA	15	19	1	1	13	17
Gameplay	decals/1-forsakencity/posterB	15	19	1	1	13	17
Gameplay	decals/1-forsakencity/posterC	15	19	1	1	13	17
Gameplay	decals/1-forsakencity/posterD	15	19	1	1	13	17
Gameplay	decals/1-forsakencity/posterE	15	19	1	1	13	17
Gameplay	decals/1-forsakencity/poted_plant	17	24	2	4	12	20
Gameplay	decals/1-forsakencity/rags	24	24	2	0	16	23
Gameplay	decals/1-forsakencity/ragsB	24	24	3	0	17	20
Gameplay	decals/1-forsakencity/recliner	32	32	5	16	22	16
Gameplay	decals/1-forsakencity/royal_pizza_building	124	69	2	24	109	45
Gameplay	decals/1-forsakencity/royal_pizza_sign	55	92	3	11	50	81
Gameplay	decals/1-forsakencity/satelite_dish	64	64	9	7	47	57
Gameplay	decals/1-forsakencity/shack_old	80	69	4	14	73	55
Gameplay	decals/1-forsakencity/sign_foward	24	32	3	5	19	27
Gameplay	decals/1-forsakencity/sign_rockslide	18	47	2	7	15	40
Gameplay	decals/1-forsakencity/sign_slippery	16	16	0	6	15	10
Gameplay	decals/1-forsakencity/sign_that_way	25	26	2	6	22	20
Gameplay	decals/1-forsakencity/sign_under_construction	32	50	2	12	27	38
Gameplay	decals/1-forsakencity/sign_you_can_go_down	18	47	2	6	14	41
Gameplay	decals/1-forsakencity/sign_you_can_go_right	18	47	2	6	14	41
Gameplay	decals/1-forsakencity/sign_you_can_go_up	18	47	2	6	14	41
Gameplay	decals/1-forsakencity/sign_you_can_park	18	47	3	7	12	40
Gameplay	decals/1-forsakencity/sign_you_can_t_dash	18	47	2	7	14	40
Gameplay	decals/1-forsakencity/sign_you_can_t_go_down	18	47	2	6	14	41
Gameplay	decals/1-forsakencity/sign_you_can_t_go_right	18	47	2	6	14	41
Gameplay	decals/1-forsakencity/sign_you_can_t_go_up	18	47	2	6	14	41
Gameplay	decals/1-forsakencity/skelly	29	22	7	10	19	12
Gameplay	decals/1-forsakencity/statue	40	34	7	4	22	29
Gameplay	decals/1-forsakencity/trafic_lights	48	68	1	3	45	65
Gameplay	decals/1-forsakencity/trafic_lights_ceiling	12	24	0	0	12	22
Gameplay	decals/1-forsakencity/trafic_lights_ceiling_busted	12	24	0	0	12	22
Gameplay	decals/1-forsakencity/weird_vase	23	24	4	3	14	21
Gameplay	decals/1-forsakencity/windowA	18	18	1	1	16	16
Gameplay	decals/1-forsakencity/windowB	18	18	1	1	16	16
Gameplay	decals/1-forsakencity/windowC	18	18	1	1	16	16
Gameplay	decals/10-farewell/Bed	80	48	4	3	70	44
Gameplay	decals/10-farewell/Car	64	64	4	9	52	50
Gameplay	decals/10-farewell/Cliffside	64	64	3	1	54	61
Gameplay	decals/10-farewell/Formation_a	48	32	8	5	35	27
Gameplay	decals/10-farewell/GiantCassete	300	80	8	8	287	67
Gameplay	decals/10-farewell/Reflection	96	48	1	4	88	42
Gameplay	decals/10-farewell/Temple	48	48	1	1	43	46
Gameplay	decals/10-farewell/Tower	96	64	1	13	91	48
Gameplay	decals/10-farewell/arch_a	32	32	2	4	28	28
Gameplay	decals/10-farewell/clam	32	24	1	4	30	20
Gameplay	decals/10-farewell/clouds/cloud_a	32	32	0	1	32	31
Gameplay	decals/10-farewell/clouds/cloud_b	32	32	0	1	32	31
Gameplay	decals/10-farewell/clouds/cloud_bb	32	32	0	1	32	31
Gameplay	decals/10-farewell/clouds/cloud_bc	32	32	0	0	32	32
Gameplay	decals/10-farewell/clouds/cloud_c	32	32	0	19	31	13
Gameplay	decals/10-farewell/clouds/cloud_cb	32	32	1	27	27	5
Gameplay	decals/10-farewell/clouds/cloud_cc	32	32	1	19	29	13
Gameplay	decals/10-farewell/clouds/cloud_cd	32	32	1	10	31	22
Gameplay	decals/10-farewell/clouds/cloud_ce	32	32	2	19	28	13
Gameplay	decals/10-farewell/clouds/cloud_d	32	32	21	0	11	32
Gameplay	decals/10-farewell/clouds/cloud_db	32	32	25	2	7	29
Gameplay	decals/10-farewell/clouds/cloud_dc	32	32	18	2	14	29
Gameplay	decals/10-farewell/clouds/cloud_dd	32	32	7	0	25	30
Gameplay	decals/10-farewell/clouds/cloud_e	32	32	0	0	32	32
Gameplay	decals/10-farewell/clouds/cloud_f	128	128	0	0	128	128
Gameplay	decals/10-farewell/collumn_a_base	16	16	0	0	16	16
Gameplay	decals/10-farewell/collumn_a_middle	16	16	6	0	5	16
Gameplay	decals/10-farewell/collumn_a_top	16	16	0	0	16	16
Gameplay	decals/10-farewell/coral_00	32	24	6	11	19	13
Gameplay	decals/10-farewell/coral_01	32	24	4	9	23	15
Gameplay	decals/10-farewell/coral_02	32	24	4	9	23	15
Gameplay	decals/10-farewell/coral_03	32	24	4	9	23	15
Gameplay	decals/10-farewell/coral_04	32	24	4	9	23	15
Gameplay	decals/10-farewell/coral_05	32	24	4	9	23	15
Gameplay	decals/10-farewell/coral_06	32	24	4	9	23	15
Gameplay	decals/10-farewell/coral_07	32	24	4	9	23	15
Gameplay	decals/10-farewell/coral_08	32	24	3	8	24	16
Gameplay	decals/10-farewell/coral_09	32	24	4	8	23	16
Gameplay	decals/10-farewell/coral_10	32	24	4	8	23	16
Gameplay	decals/10-farewell/coral_11	32	24	4	7	24	17
Gameplay	decals/10-farewell/coral_12	32	24	5	7	21	17
Gameplay	decals/10-farewell/coral_a00	48	32	12	7	28	25
Gameplay	decals/10-farewell/coral_a01	48	32	11	5	30	27
Gameplay	decals/10-farewell/coral_a02	48	32	10	3	33	29
Gameplay	decals/10-farewell/coral_a03	48	32	10	3	33	29
Gameplay	decals/10-farewell/coral_a04	48	32	10	3	33	29
Gameplay	decals/10-farewell/coral_a05	48	32	10	3	33	29
Gameplay	decals/10-farewell/coral_a06	48	32	10	3	33	29
Gameplay	decals/10-farewell/coral_a07	48	32	10	3	33	29
Gameplay	decals/10-farewell/coral_a08	48	32	10	0	33	32
Gameplay	decals/10-farewell/coral_a09	48	32	6	5	39	27
Gameplay	decals/10-farewell/coral_a10	48	32	6	6	40	26
Gameplay	decals/10-farewell/coral_a11	48	32	6	5	40	27
Gameplay	decals/10-farewell/coral_a12	48	32	6	5	39	27
Gameplay	decals/10-farewell/coral_b00	32	24	6	11	19	13
Gameplay	decals/10-farewell/coral_b01	32	24	4	9	23	15
Gameplay	decals/10-farewell/coral_b02	32	24	4	9	23	15
Gameplay	decals/10-farewell/coral_b03	32	24	4	9	23	15
Gameplay	decals/10-farewell/coral_b04	32	24	4	9	23	15
Gameplay	decals/10-farewell/coral_b05	32	24	4	9	23	15
Gameplay	decals/10-farewell/coral_b06	32	24	4	9	23	15
Gameplay	decals/10-farewell/coral_b07	32	24	4	9	23	15
Gameplay	decals/10-farewell/coral_b08	32	24	3	8	24	16
Gameplay	decals/10-farewell/coral_b09	32	24	4	8	23	16
Gameplay	decals/10-farewell/coral_b10	32	24	4	8	23	16
Gameplay	decals/10-farewell/coral_b11	32	24	4	7	24	17
Gameplay	decals/10-farewell/coral_b12	32	24	5	7	21	17
Gameplay	decals/10-farewell/coral_c00	32	24	4	13	17	11
Gameplay	decals/10-farewell/coral_c01	32	24	3	9	19	15
Gameplay	decals/10-farewell/coral_c02	32	24	3	9	19	15
Gameplay	decals/10-farewell/coral_c03	32	24	3	9	19	15
Gameplay	decals/10-farewell/coral_c04	32	24	3	9	19	15
Gameplay	decals/10-farewell/coral_c05	32	24	3	9	19	15
Gameplay	decals/10-farewell/coral_c06	32	24	3	9	19	15
Gameplay	decals/10-farewell/coral_c07	32	24	3	9	19	15
Gameplay	decals/10-farewell/coral_c08	32	24	2	8	21	16
Gameplay	decals/10-farewell/coral_c09	32	24	3	9	18	15
Gameplay	decals/10-farewell/coral_c10	32	24	3	8	19	16
Gameplay	decals/10-farewell/coral_c11	32	24	3	7	19	17
Gameplay	decals/10-farewell/coral_c12	32	24	3	7	18	17
Gameplay	decals/10-farewell/coral_d00	48	32	7	18	40	14
Gameplay	decals/10-farewell/coral_d01	48	32	5	16	42	16
Gameplay	decals/10-farewell/coral_d02	48	32	3	14	44	18
Gameplay	decals/10-farewell/coral_d03	48	32	3	14	44	18
Gameplay	decals/10-farewell/coral_d04	48	32	3	14	44	18
Gameplay	decals/10-farewell/coral_d05	48	32	3	14	44	18
Gameplay	decals/10-farewell/coral_d06	48	32	3	14	44	18
Gameplay	decals/10-farewell/coral_d07	48	32	3	14	44	18
Gameplay	decals/10-farewell/coral_d08	48	32	1	10	46	22
Gameplay	decals/10-farewell/coral_d09	48	32	1	10	46	22
Gameplay	decals/10-farewell/coral_d10	48	32	1	9	46	23
Gameplay	decals/10-farewell/coral_d11	48	32	4	9	43	23
Gameplay	decals/10-farewell/coral_d12	48	32	7	12	40	20
Gameplay	decals/10-farewell/crack-bottom_a	16	16	1	5	13	11
Gameplay	decals/10-farewell/crack-bottom_b	16	16	5	3	9	13
Gameplay	decals/10-farewell/crack-bottom_c	16	16	3	3	8	13
Gameplay	decals/10-farewell/crack-bottom_d	16	16	1	2	12	14
Gameplay	decals/10-farewell/crack-left_a	16	16	0	3	16	10
Gameplay	decals/10-farewell/crack-left_b	16	16	0	4	15	8
Gameplay	decals/10-farewell/crack-left_c	16	16	0	1	11	13
Gameplay	decals/10-farewell/crack-left_d	16	16	0	2	15	9
Gameplay	decals/10-farewell/crack-mid_a	16	16	2	2	12	13
Gameplay	decals/10-farewell/crack-mid_b	16	16	2	2	12	13
Gameplay	decals/10-farewell/crack-mid_c	16	16	2	2	13	14
Gameplay	decals/10-farewell/crack-top_a	16	16	6	0	4	12
Gameplay	decals/10-farewell/crack-top_b	16	16	3	0	12	15
Gameplay	decals/10-farewell/crack-top_c	16	16	3	0	11	16
Gameplay	decals/10-farewell/crack-top_d	16	16	6	0	4	11
Gameplay	decals/10-farewell/cracks_tiled/cor_a	16	16	3	0	13	10
Gameplay	decals/10-farewell/cracks_tiled/cor_b	16	16	3	6	13	10
Gameplay	decals/10-farewell/cracks_tiled/hor_a	16	16	0	6	16	7
Gameplay	decals/10-farewell/cracks_tiled/ver_a	16	16	4	0	10	16
Gameplay	decals/10-farewell/cracks_tiled/ver_b	16	16	7	0	3	16
Gameplay	decals/10-farewell/crater_a	48	16	8	7	38	9
Gameplay	decals/10-farewell/crater_b	32	16	1	10	22	6
Gameplay	decals/10-farewell/creature_a00	58	40	14	9	34	26
Gameplay	decals/10-farewell/creature_a01	58	40	14	9	34	26
Gameplay	decals/10-farewell/creature_a02	58	40	14	9	33	24
Gameplay	decals/10-farewell/creature_a03	58	40	14	9	33	24
Gameplay	decals/10-farewell/creature_a04	58	40	13	7	35	26
Gameplay	decals/10-farewell/creature_a05	58	40	13	7	35	26
Gameplay	decals/10-farewell/creature_a06	58	40	13	7	35	27
Gameplay	decals/10-farewell/creature_a07	58	40	13	7	35	27
Gameplay	decals/10-farewell/creature_a08	58	40	13	7	36	29
Gameplay	decals/10-farewell/creature_a09	58	40	13	7	36	29
Gameplay	decals/10-farewell/creature_a10	58	40	13	7	35	29
Gameplay	decals/10-farewell/creature_a11	58	40	13	7	35	29
Gameplay	decals/10-farewell/creature_b00	48	48	5	2	30	38
Gameplay	decals/10-farewell/creature_b01	48	48	5	2	30	38
Gameplay	decals/10-farewell/creature_b02	48	48	10	1	25	39
Gameplay	decals/10-farewell/creature_b03	48	48	10	1	25	39
Gameplay	decals/10-farewell/creature_b04	48	48	9	1	26	39
Gameplay	decals/10-farewell/creature_b05	48	48	9	1	26	39
Gameplay	decals/10-farewell/creature_b06	48	48	7	5	28	35
Gameplay	decals/10-farewell/creature_b07	48	48	7	5	28	35
Gameplay	decals/10-farewell/creature_b08	48	48	5	4	30	36
Gameplay	decals/10-farewell/creature_b09	48	48	5	4	30	36
Gameplay	decals/10-farewell/creature_b10	48	48	4	3	31	37
Gameplay	decals/10-farewell/creature_b11	48	48	4	3	31	37
Gameplay	decals/10-farewell/creature_c00	71	61	19	17	33	26
Gameplay	decals/10-farewell/creature_c01	71	61	18	17	35	27
Gameplay	decals/10-farewell/creature_c02	71	61	18	16	35	28
Gameplay	decals/10-farewell/creature_c03	71	61	18	16	34	28
Gameplay	decals/10-farewell/creature_c04	71	61	18	16	34	28
Gameplay	decals/10-farewell/creature_d00	94	47	23	15	67	24
Gameplay	decals/10-farewell/creature_d01	94	47	23	15	67	20
Gameplay	decals/10-farewell/creature_d02	94	47	24	15	67	20
Gameplay	decals/10-farewell/creature_d03	94	47	23	15	68	21
Gameplay	decals/10-farewell/creature_d04	94	47	23	15	68	23
Gameplay	decals/10-farewell/creature_d05	94	47	25	15	65	25
Gameplay	decals/10-farewell/creature_d06	94	47	23	15	67	26
Gameplay	decals/10-farewell/creature_e00	57	41	10	12	36	15
Gameplay	decals/10-farewell/creature_e01	57	41	10	12	36	15
Gameplay	decals/10-farewell/creature_e02	57	41	11	12	34	15
Gameplay	decals/10-farewell/creature_e03	57	41	11	12	34	15
Gameplay	decals/10-farewell/creature_e04	57	41	12	12	33	15
Gameplay	decals/10-farewell/creature_e05	57	41	12	12	33	15
Gameplay	decals/10-farewell/creature_e06	57	41	13	12	31	15
Gameplay	decals/10-farewell/creature_e07	57	41	13	12	31	15
Gameplay	decals/10-farewell/creature_f00	58	52	15	18	26	16
Gameplay	decals/10-farewell/creature_f01	58	52	16	18	24	16
Gameplay	decals/10-farewell/creature_f02	58	52	16	18	24	16
Gameplay	decals/10-farewell/creature_f03	58	52	17	18	22	16
Gameplay	decals/10-farewell/creature_f04	58	52	17	18	22	16
Gameplay	decals/10-farewell/dead_cherry_tree	240	128	36	21	173	107
Gameplay	decals/10-farewell/empty_coral/coral_empty_a	32	32	1	7	28	25
Gameplay	decals/10-farewell/empty_coral/coral_empty_b	32	16	6	3	19	13
Gameplay	decals/10-farewell/empty_coral/coral_empty_c	32	16	4	5	17	11
Gameplay	decals/10-farewell/finalflag00	24	24	3	7	18	17
Gameplay	decals/10-farewell/finalflag01	24	24	3	7	18	17
Gameplay	decals/10-farewell/finalflag02	24	24	3	7	18	17
Gameplay	decals/10-farewell/floating house	96	64	4	4	84	57
Gameplay	decals/10-farewell/glitch_a_00	48	48	25	24	2	1
Gameplay	decals/10-farewell/glitch_a_01	48	48	19	26	7	7
Gameplay	decals/10-farewell/glitch_a_02	48	48	0	0	48	48
Gameplay	decals/10-farewell/glitch_a_03	48	48	0	0	48	48
Gameplay	decals/10-farewell/glitch_a_04	48	48	0	0	48	48
Gameplay	decals/10-farewell/glitch_a_05	48	48	0	0	48	48
Gameplay	decals/10-farewell/glitch_a_06	48	48	10	18	29	12
Gameplay	decals/10-farewell/glitch_a_07	48	48	0	0	48	48
Gameplay	decals/10-farewell/glitch_a_08	48	48	25	23	3	7
Gameplay	decals/10-farewell/glitch_a_09	48	48	29	23	1	1
Gameplay	decals/10-farewell/glitch_a_10	48	48	0	0	48	48
Gameplay	decals/10-farewell/glitch_a_11	48	48	29	23	1	1
Gameplay	decals/10-farewell/glitch_a_12	48	48	0	0	48	48
Gameplay	decals/10-farewell/glitch_a_13	48	48	14	17	18	12
Gameplay	decals/10-farewell/glitch_a_14	48	48	13	19	21	18
Gameplay	decals/10-farewell/glitch_a_15	48	48	12	22	9	15
Gameplay	decals/10-farewell/glitch_a_16	48	48	28	19	4	6
Gameplay	decals/10-farewell/glitch_a_17	48	48	0	0	48	48
Gameplay	decals/10-farewell/glitch_a_18	48	48	0	0	48	48
Gameplay	decals/10-farewell/glitch_a_19	48	48	0	0	48	48
Gameplay	decals/10-farewell/glitch_a_20	48	48	0	0	48	48
Gameplay	decals/10-farewell/glitch_a_21	48	48	19	26	7	7
Gameplay	decals/10-farewell/glitch_a_22	48	48	19	26	7	7
Gameplay	decals/10-farewell/glitch_b_00	16	16	0	0	16	16
Gameplay	decals/10-farewell/glitch_b_01	16	16	0	0	16	16
Gameplay	decals/10-farewell/glitch_b_02	16	16	0	0	16	16
Gameplay	decals/10-farewell/glitch_b_03	16	16	0	0	16	16
Gameplay	decals/10-farewell/glitch_b_04	16	16	0	4	15	11
Gameplay	decals/10-farewell/glitch_b_05	16	16	0	0	16	16
Gameplay	decals/10-farewell/glitch_b_06	16	16	0	0	16	16
Gameplay	decals/10-farewell/glitch_b_07	16	16	0	5	16	10
Gameplay	decals/10-farewell/glitch_b_08	16	16	0	0	16	16
Gameplay	decals/10-farewell/glitch_b_09	16	16	0	0	16	16
Gameplay	decals/10-farewell/glitch_b_10	16	16	7	5	1	7
Gameplay	decals/10-farewell/glitch_b_11	16	16	6	4	3	8
Gameplay	decals/10-farewell/glitch_b_12	16	16	4	4	7	8
Gameplay	decals/10-farewell/glitch_b_13	16	16	0	0	16	16
Gameplay	decals/10-farewell/glitch_b_14	16	16	7	10	3	2
Gameplay	decals/10-farewell/glitch_b_15	16	16	7	10	3	2
Gameplay	decals/10-farewell/glitch_b_16	16	16	0	0	16	16
Gameplay	decals/10-farewell/glitch_b_17	16	16	6	10	5	2
Gameplay	decals/10-farewell/glitch_b_18	16	16	0	0	16	16
Gameplay	decals/10-farewell/glitch_b_19	16	16	0	0	16	16
Gameplay	decals/10-farewell/glitch_b_20	16	16	0	0	16	16
Gameplay	decals/10-farewell/glitch_c00	16	16	0	8	8	8
Gameplay	decals/10-farewell/glitch_c01	16	16	0	8	8	8
Gameplay	decals/10-farewell/glitch_c02	16	16	0	8	11	8
Gameplay	decals/10-farewell/glitch_c03	16	16	0	8	8	8
Gameplay	decals/10-farewell/glitch_c04	16	16	0	0	16	16
Gameplay	decals/10-farewell/glitch_c05	16	16	0	8	8	8
Gameplay	decals/10-farewell/glitch_c06	16	16	0	8	8	8
Gameplay	decals/10-farewell/glitch_c07	16	16	0	8	8	8
Gameplay	decals/10-farewell/glitch_c08	16	16	0	8	8	8
Gameplay	decals/10-farewell/glitch_c09	16	16	0	0	16	16
Gameplay	decals/10-farewell/glitch_c10	16	16	2	9	7	5
Gameplay	decals/10-farewell/glitch_d00	48	48	13	24	13	8
Gameplay	decals/10-farewell/glitch_d01	48	48	15	11	23	21
Gameplay	decals/10-farewell/glitch_d02	48	48	0	0	48	48
Gameplay	decals/10-farewell/glitch_d03	48	48	15	12	23	20
Gameplay	decals/10-farewell/glitch_d04	48	48	13	13	25	25
Gameplay	decals/10-farewell/glitch_d05	48	48	0	0	48	48
Gameplay	decals/10-farewell/glitch_d06	48	48	0	0	48	48
Gameplay	decals/10-farewell/glitch_d07	48	48	17	29	5	7
Gameplay	decals/10-farewell/glitch_d08	48	48	22	24	8	4
Gameplay	decals/10-farewell/glitch_d09	48	48	0	0	48	48
Gameplay	decals/10-farewell/glitch_d10	48	48	16	16	16	16
Gameplay	decals/10-farewell/glitch_d11	48	48	0	0	48	48
Gameplay	decals/10-farewell/glitch_d12	48	48	23	16	2	16
Gameplay	decals/10-farewell/glitch_d13	48	48	23	16	3	16
Gameplay	decals/10-farewell/glitch_d14	48	48	0	0	48	48
Gameplay	decals/10-farewell/glitch_d15	48	48	23	16	2	16
Gameplay	decals/10-farewell/glitch_d16	48	48	23	16	3	16
Gameplay	decals/10-farewell/glitch_e00	16	16	0	0	16	16
Gameplay	decals/10-farewell/glitch_e01	16	16	0	0	16	16
Gameplay	decals/10-farewell/glitch_e02	16	16	0	0	16	16
Gameplay	decals/10-farewell/glitch_e03	16	16	0	0	16	16
Gameplay	decals/10-farewell/glitch_e04	16	16	0	0	16	16
Gameplay	decals/10-farewell/glitch_e05	16	16	0	0	16	16
Gameplay	decals/10-farewell/glitch_e06	16	16	0	0	16	16
Gameplay	decals/10-farewell/glitch_e07	16	16	0	0	16	16
Gameplay	decals/10-farewell/glitch_f00	16	16	0	0	16	16
Gameplay	decals/10-farewell/glitch_f01	16	16	0	0	16	16
Gameplay	decals/10-farewell/glitch_f02	16	16	0	0	16	16
Gameplay	decals/10-farewell/glitch_f03	16	16	0	0	16	16
Gameplay	decals/10-farewell/glitch_f04	16	16	0	0	16	16
Gameplay	decals/10-farewell/glitch_f05	16	16	0	0	16	16
Gameplay	decals/10-farewell/glitch_f06	16	16	0	0	16	16
Gameplay	decals/10-farewell/glitch_f07	16	16	0	0	16	16
Gameplay	decals/10-farewell/glitch_f08	16	16	0	0	16	16
Gameplay	decals/10-farewell/glitch_f09	16	16	0	0	16	16
Gameplay	decals/10-farewell/glitch_f10	16	16	0	0	16	16
Gameplay	decals/10-farewell/glitch_g00	8	8	0	0	8	8
Gameplay	decals/10-farewell/glitch_g01	8	8	0	0	8	8
Gameplay	decals/10-farewell/glitch_g02	8	8	0	0	8	8
Gameplay	decals/10-farewell/glitch_g03	8	8	0	0	8	8
Gameplay	decals/10-farewell/glitch_g04	8	8	0	0	8	8
Gameplay	decals/10-farewell/glitch_ground00	16	16	6	13	9	3
Gameplay	decals/10-farewell/glitch_ground01	16	16	2	9	13	7
Gameplay	decals/10-farewell/glitch_ground02	16	16	2	9	12	6
Gameplay	decals/10-farewell/glitch_ground03	16	16	13	14	1	1
Gameplay	decals/10-farewell/glitch_ground04	16	16	3	9	9	7
Gameplay	decals/10-farewell/glitch_ground05	16	16	2	12	10	4
Gameplay	decals/10-farewell/glitch_ground06	16	16	2	8	6	8
Gameplay	decals/10-farewell/glitch_ground07	16	16	2	10	10	6
Gameplay	decals/10-farewell/glitch_ground08	16	16	2	10	12	6
Gameplay	decals/10-farewell/grave	48	32	9	16	33	16
Gameplay	decals/10-farewell/hatch	64	48	4	9	57	39
Gameplay	decals/10-farewell/heart_a	64	48	9	7	49	38
Gameplay	decals/10-farewell/heart_b	48	48	3	11	44	34
Gameplay	decals/10-farewell/pland_b	32	32	9	6	19	26
Gameplay	decals/10-farewell/plant_a	32	32	2	11	27	21
Gameplay	decals/10-farewell/plant_c	32	32	11	10	20	22
Gameplay	decals/10-farewell/plant_d	16	16	2	3	13	13
Gameplay	decals/10-farewell/plant_e	32	32	6	4	18	28
Gameplay	decals/10-farewell/plant_f	16	16	2	10	14	6
Gameplay	decals/10-farewell/plant_g	16	16	2	3	13	13
Gameplay	decals/10-farewell/plant_h	16	16	0	1	15	15
Gameplay	decals/10-farewell/plant_i	16	16	1	2	12	14
Gameplay	decals/10-farewell/plants_j	32	32	3	10	27	22
Gameplay	decals/10-farewell/rock_a	16	16	2	10	12	6
Gameplay	decals/10-farewell/rock_b	16	32	1	6	15	26
Gameplay	decals/10-farewell/rock_lump	16	16	0	2	15	14
Gameplay	decals/10-farewell/rubble_a	16	16	6	8	10	8
Gameplay	decals/10-farewell/rubble_b	16	16	0	10	16	6
Gameplay	decals/10-farewell/rubble_c	16	16	0	7	6	9
Gameplay	decals/10-farewell/rubble_d	16	16	1	4	13	12
Gameplay	decals/10-farewell/rubble_e	16	16	2	6	14	10
Gameplay	decals/10-farewell/rubble_f	16	16	2	5	8	11
Gameplay	decals/10-farewell/rubble_g	16	16	0	7	14	9
Gameplay	decals/10-farewell/rubble_h	16	16	0	8	15	8
Gameplay	decals/10-farewell/rubble_i	16	16	0	11	12	5
Gameplay	decals/10-farewell/rubble_j	24	24	1	10	22	14
Gameplay	decals/10-farewell/rubble_k	24	24	0	5	4	18
Gameplay	decals/10-farewell/rubble_l	24	24	17	4	7	20
Gameplay	decals/10-farewell/rubble_m	24	24	0	10	12	14
Gameplay	decals/10-farewell/rubble_n	24	24	8	4	16	20
Gameplay	decals/10-farewell/rubble_o	16	16	1	8	13	8
Gameplay	decals/10-farewell/rubble_p	16	16	4	0	12	10
Gameplay	decals/10-farewell/rubble_q	16	16	0	0	8	13
Gameplay	decals/10-farewell/shells_a	32	16	3	6	27	10
Gameplay	decals/10-farewell/shells_b	16	16	0	1	12	14
Gameplay	decals/10-farewell/shells_c	16	16	0	0	14	16
Gameplay	decals/10-farewell/shels_a	16	32	0	6	16	21
Gameplay	decals/10-farewell/ship	96	80	3	3	91	77
Gameplay	decals/10-farewell/stalagtite_a	48	48	10	2	26	33
Gameplay	decals/10-farewell/stalagtite_b	48	32	9	2	31	28
Gameplay	decals/10-farewell/stalagtite_c	48	32	11	2	30	29
Gameplay	decals/10-farewell/stalagtite_d	32	32	2	1	24	30
Gameplay	decals/10-farewell/submarine	96	64	2	15	92	49
Gameplay	decals/2-oldsite/barrel	24	24	4	8	15	16
Gameplay	decals/2-oldsite/barrel_brokenA	24	24	5	10	15	14
Gameplay	decals/2-oldsite/barrel_brokenB	24	24	5	8	15	16
Gameplay	decals/2-oldsite/big_cage	80	45	1	7	77	38
Gameplay	decals/2-oldsite/cage_modular_bot	16	16	0	0	16	16
Gameplay	decals/2-oldsite/cage_modular_midA	16	16	0	0	16	16
Gameplay	decals/2-oldsite/cage_modular_midB	16	16	2	0	12	16
Gameplay	decals/2-oldsite/cage_modular_midC	16	16	2	0	12	16
Gameplay	decals/2-oldsite/cage_modular_midD	16	16	2	6	12	10
Gameplay	decals/2-oldsite/cage_modular_top	16	16	0	0	16	16
Gameplay	decals/2-oldsite/chain_broken	16	16	6	0	3	13
Gameplay	decals/2-oldsite/chain_mid	16	16	6	0	3	16
Gameplay	decals/2-oldsite/chained_cage	48	64	14	0	18	50
Gameplay	decals/2-oldsite/chair	32	32	9	17	14	15
Gameplay	decals/2-oldsite/chair_broken	32	32	7	19	17	13
Gameplay	decals/2-oldsite/chair_old	32	32	8	17	14	15
Gameplay	decals/2-oldsite/checkpoint	24	24	0	0	24	24
Gameplay	decals/2-oldsite/cloth_pole00	32	48	7	15	15	33
Gameplay	decals/2-oldsite/cloth_pole01	32	48	6	15	16	33
Gameplay	decals/2-oldsite/cloth_pole02	32	48	5	15	17	33
Gameplay	decals/2-oldsite/cloth_pole03	32	48	3	15	19	33
Gameplay	decals/2-oldsite/cloth_pole04	32	48	3	15	19	33
Gameplay	decals/2-oldsite/cloth_pole05	32	48	3	15	19	33
Gameplay	decals/2-oldsite/cloth_pole06	32	48	5	15	17	33
Gameplay	decals/2-oldsite/door	18	24	0	0	18	24
Gameplay	decals/2-oldsite/medium_cage	48	32	6	7	30	25
Gameplay	decals/2-oldsite/medium_cage_broken	48	32	6	10	34	22
Gameplay	decals/2-oldsite/pilar_diagonalB	8	8	0	0	7	7
Gameplay	decals/2-oldsite/pilar_hA	8	8	0	4	8	4
Gameplay	decals/2-oldsite/pilar_hB	8	8	0	4	8	4
Gameplay	decals/2-oldsite/pilar_hC	8	8	0	4	8	4
Gameplay	decals/2-oldsite/pilar_h_endA	8	8	0	4	5	4
Gameplay	decals/2-oldsite/pilar_h_endB	8	8	0	4	5	4
Gameplay	decals/2-oldsite/pilar_instersection_small	16	8	2	0	12	8
Gameplay	decals/2-oldsite/pilar_instersection_smallB	24	8	3	0	19	8
Gameplay	decals/2-oldsite/pilar_verticalA	8	8	2	0	4	8
Gameplay	decals/2-oldsite/pilar_verticalB	8	8	2	0	4	8
Gameplay	decals/2-oldsite/pilar_vertical_endA	8	8	2	0	4	5
Gameplay	decals/2-oldsite/pilar_vertical_endB	8	8	2	0	4	6
Gameplay	decals/2-oldsite/pilar_vertical_endC	8	8	1	0	6	8
Gameplay	decals/2-oldsite/simple_pole	32	48	12	15	8	33
Gameplay	decals/2-oldsite/tableA	48	32	5	15	39	17
Gameplay	decals/2-oldsite/tableB	48	32	5	18	39	14
Gameplay	decals/2-oldsite/tableC	48	32	5	23	39	9
Gameplay	decals/2-oldsite/tableD	48	32	5	20	39	12
Gameplay	decals/2-oldsite/table_broken	48	32	5	23	39	9
Gameplay	decals/2-oldsite/window	24	24	3	3	18	18
Gameplay	decals/2-oldsite/window_boarded	24	24	0	0	24	24
Gameplay	decals/3-resort/bed_a	32	16	1	2	30	14
Gameplay	decals/3-resort/bed_b	48	24	7	5	38	19
Gameplay	decals/3-resort/bed_c	48	32	4	1	40	31
Gameplay	decals/3-resort/bedstand_a	16	16	2	2	11	14
Gameplay	decals/3-resort/bedstand_b	16	16	2	0	11	16
Gameplay	decals/3-resort/bellhopcart_a	32	32	1	1	30	31
Gameplay	decals/3-resort/bench	16	16	2	8	13	8
Gameplay	decals/3-resort/bench_a	16	16	3	10	11	6
Gameplay	decals/3-resort/bench_b	16	16	3	10	11	6
Gameplay	decals/3-resort/bgtilehole	48	48	0	0	48	48
Gameplay	decals/3-resort/bgtilehole_b	16	16	0	0	16	16
Gameplay	decals/3-resort/bgtilehole_c	16	16	0	0	16	16
Gameplay	decals/3-resort/bgtilehole_d	16	16	0	0	16	16
Gameplay	decals/3-resort/bgtilehole_e	16	16	0	0	16	16
Gameplay	decals/3-resort/bgtilehole_f	16	16	0	0	16	16
Gameplay	decals/3-resort/boilder_a	32	24	3	0	24	24
Gameplay	decals/3-resort/bookshelf_bl_a	16	16	2	0	14	16
Gameplay	decals/3-resort/bookshelf_bm_a	16	16	0	0	16	16
Gameplay	decals/3-resort/bookshelf_br_a	16	16	0	0	14	16
Gameplay	decals/3-resort/bookshelf_ml_a	16	16	3	0	13	16
Gameplay	decals/3-resort/bookshelf_mm_a	16	16	0	0	16	16
Gameplay	decals/3-resort/bookshelf_mm_b	16	16	0	0	16	16
Gameplay	decals/3-resort/bookshelf_mm_c	16	16	0	0	16	16
Gameplay	decals/3-resort/bookshelf_mm_d	16	16	0	0	16	16
Gameplay	decals/3-resort/bookshelf_mm_e	16	16	0	0	16	16
Gameplay	decals/3-resort/bookshelf_mr_a	16	16	0	0	13	16
Gameplay	decals/3-resort/bookshelf_tl_a	16	16	1	12	15	4
Gameplay	decals/3-resort/bookshelf_tm_a	16	16	0	10	16	6
Gameplay	decals/3-resort/bookshelf_tr_a	16	16	0	12	15	4
Gameplay	decals/3-resort/bridgeBack	16	24	0	0	16	24
Gameplay	decals/3-resort/bridgeBackBrokenA	16	24	0	0	16	24
Gameplay	decals/3-resort/bridgeBackBrokenB	16	24	0	0	16	24
Gameplay	decals/3-resort/bridgeBackBrokenC	16	24	0	0	16	23
Gameplay	decals/3-resort/bridgeBackBrokenD	16	24	1	0	15	24
Gameplay	decals/3-resort/bridgeBackBrokenE	16	24	0	0	15	24
Gameplay	decals/3-resort/bridgeBackBrokenF	16	24	0	4	16	20
Gameplay	decals/3-resort/bridgeBackBrokenG	16	24	0	6	16	18
Gameplay	decals/3-resort/bridgeBackBrokenH	16	24	0	7	16	17
Gameplay	decals/3-resort/bridgeColumn	16	16	3	0	10	16
Gameplay	decals/3-resort/bridgeColumnBg	16	16	3	0	10	16
Gameplay	decals/3-resort/bridgeColumnTop	16	16	0	0	16	16
Gameplay	decals/3-resort/bridgeColumnTopBg	16	16	0	0	16	16
Gameplay	decals/3-resort/bridgebackPost	8	16	2	0	4	16
Gameplay	decals/3-resort/bridgebackPostBroken	8	16	2	0	4	10
Gameplay	decals/3-resort/brokenbox_a	16	16	1	2	13	14
Gameplay	decals/3-resort/brokenbox_b	16	16	1	3	12	13
Gameplay	decals/3-resort/brokenbox_c	16	16	1	3	14	13
Gameplay	decals/3-resort/brokenbox_d	16	16	1	4	12	12
Gameplay	decals/3-resort/brokenelevator	48	56	1	3	44	53
Gameplay	decals/3-resort/brokenelevatortop	32	32	1	0	29	32
Gameplay	decals/3-resort/brokenwood	16	16	0	0	11	16
Gameplay	decals/3-resort/brokenwood_bottom	16	16	0	0	11	16
Gameplay	decals/3-resort/bucket_a	16	32	4	15	10	17
Gameplay	decals/3-resort/cabinet_a	48	32	4	0	40	32
Gameplay	decals/3-resort/cabinet_b	36	34	0	0	36	34
Gameplay	decals/3-resort/carpet_corner_a	16	16	0	0	16	16
Gameplay	decals/3-resort/carpet_inner_a	16	16	0	0	16	16
Gameplay	decals/3-resort/carpet_inner_b	16	16	0	0	16	16
Gameplay	decals/3-resort/carpet_inner_c	16	16	0	0	16	16
Gameplay	decals/3-resort/carpet_innercorner_a	16	16	0	0	16	16
Gameplay	decals/3-resort/carpet_left_a	16	16	0	0	16	16
Gameplay	decals/3-resort/carpet_top_a	16	16	0	0	16	16
Gameplay	decals/3-resort/chair_a	16	16	2	2	13	14
Gameplay	decals/3-resort/chair_b	16	16	2	1	13	15
Gameplay	decals/3-resort/chair_c	16	31	1	7	14	24
Gameplay	decals/3-resort/chandelier_a	32	32	4	0	23	32
Gameplay	decals/3-resort/chandelier_b	32	32	5	0	21	32
Gameplay	decals/3-resort/checkpoint	24	24	0	0	24	24
Gameplay	decals/3-resort/cloth_a	32	32	3	0	26	28
Gameplay	decals/3-resort/cobweb	16	16	0	0	15	15
Gameplay	decals/3-resort/cobweb_b	16	16	0	0	16	12
Gameplay	decals/3-resort/curtain_center_a	8	16	0	7	8	5
Gameplay	decals/3-resort/curtain_center_b	32	64	3	0	26	53
Gameplay	decals/3-resort/curtain_side_a	16	64	1	6	15	53
Gameplay	decals/3-resort/curtain_side_b	32	32	0	0	28	32
Gameplay	decals/3-resort/curtain_side_c	32	32	0	0	28	30
Gameplay	decals/3-resort/curtain_side_d	16	64	1	6	15	33
Gameplay	decals/3-resort/debris_roof_a	32	48	1	36	31	12
Gameplay	decals/3-resort/debris_roof_b	16	24	2	16	10	8
Gameplay	decals/3-resort/debris_roof_c	16	24	4	17	12	7
Gameplay	decals/3-resort/debris_roof_d	16	24	1	18	10	6
Gameplay	decals/3-resort/desk	32	16	1	1	30	15
Gameplay	decals/3-resort/fgtilehole	48	48	0	0	48	48
Gameplay	decals/3-resort/fireplace00	48	32	8	3	31	29
Gameplay	decals/3-resort/fireplace01	48	32	8	3	31	29
Gameplay	decals/3-resort/fireplace02	48	32	8	3	31	29
Gameplay	decals/3-resort/fireplace03	48	32	8	3	31	29
Gameplay	decals/3-resort/fireplace04	48	32	8	3	31	29
Gameplay	decals/3-resort/fireplace05	48	32	8	3	31	29
Gameplay	decals/3-resort/fireplace06	48	32	8	3	31	29
Gameplay	decals/3-resort/fireplace07	48	32	8	3	31	29
Gameplay	decals/3-resort/gold_railingCenter	16	16	0	9	16	7
Gameplay	decals/3-resort/gold_railingCenterBrokenA	16	16	0	9	13	7
Gameplay	decals/3-resort/gold_railingCenterBrokenB	16	16	2	7	14	9
Gameplay	decals/3-resort/gold_railingLeft	16	16	2	9	14	7
Gameplay	decals/3-resort/gold_railingRight	16	16	0	9	11	7
Gameplay	decals/3-resort/granfather_clock00	32	48	7	7	17	41
Gameplay	decals/3-resort/granfather_clock01	32	48	7	7	17	41
Gameplay	decals/3-resort/granfather_clock02	32	48	7	7	17	41
Gameplay	decals/3-resort/granfather_clock03	32	48	7	7	17	41
Gameplay	decals/3-resort/granfather_clock04	32	48	7	7	17	41
Gameplay	decals/3-resort/granfather_clock05	32	48	7	7	17	41
Gameplay	decals/3-resort/granfather_clock06	32	48	7	7	17	41
Gameplay	decals/3-resort/granfather_clock07	32	48	7	7	17	41
Gameplay	decals/3-resort/granfather_clock08	32	48	7	7	17	41
Gameplay	decals/3-resort/granfather_clock09	32	48	7	7	17	41
Gameplay	decals/3-resort/granfather_clock10	32	48	7	7	17	41
Gameplay	decals/3-resort/granfather_clock11	32	48	7	7	17	41
Gameplay	decals/3-resort/granfather_clock12	32	48	7	7	17	41
Gameplay	decals/3-resort/granfather_clock13	32	48	7	7	17	41
Gameplay	decals/3-resort/granfather_clock14	32	48	7	7	17	41
Gameplay	decals/3-resort/granfather_clock15	32	48	7	7	17	41
Gameplay	decals/3-resort/granfather_clock16	32	48	7	7	17	41
Gameplay	decals/3-resort/granfather_clock17	32	48	7	7	17	41
Gameplay	decals/3-resort/grate	16	16	0	0	16	16
Gameplay	decals/3-resort/guestbook	16	16	0	3	16	13
Gameplay	decals/3-resort/hangshelf_a	48	16	2	0	44	15
Gameplay	decals/3-resort/head_trophy_a	32	32	7	7	19	19
Gameplay	decals/3-resort/keyrack	32	32	1	0	30	27
Gameplay	decals/3-resort/laundry_a	32	16	2	3	26	13
Gameplay	decals/3-resort/laundry_b	32	16	5	5	23	11
Gameplay	decals/3-resort/laundry_c	16	16	0	7	15	9
Gameplay	decals/3-resort/laundry_d	16	16	1	7	15	9
Gameplay	decals/3-resort/lifesaver	16	16	1	1	14	15
Gameplay	decals/3-resort/painting_a	32	24	3	0	27	24
Gameplay	decals/3-resort/painting_b	32	24	3	0	27	24
Gameplay	decals/3-resort/painting_c	40	24	1	0	37	24
Gameplay	decals/3-resort/painting_d	80	80	9	11	63	64
Gameplay	decals/3-resort/painting_e	24	24	5	4	13	15
Gameplay	decals/3-resort/painting_f	24	24	3	5	18	15
Gameplay	decals/3-resort/painting_g	64	32	7	2	50	27
Gameplay	decals/3-resort/piano	32	32	1	11	30	21
Gameplay	decals/3-resort/pipe_bot_a	8	8	1	0	6	8
Gameplay	decals/3-resort/pipe_horz	8	8	0	2	8	5
Gameplay	decals/3-resort/pipe_top_a	8	8	1	0	6	8
Gameplay	decals/3-resort/pipe_turn_a	8	8	0	0	6	7
Gameplay	decals/3-resort/pipe_turn_b	8	8	2	2	6	6
Gameplay	decals/3-resort/pipe_turn_c	8	8	2	0	6	7
Gameplay	decals/3-resort/pipe_turn_d	8	8	0	2	6	6
Gameplay	decals/3-resort/pipe_vert_a	8	8	2	0	4	8
Gameplay	decals/3-resort/pipe_vert_b	8	8	2	0	6	8
Gameplay	decals/3-resort/pipe_vert_c	8	8	0	0	6	8
Gameplay	decals/3-resort/post	16	16	5	0	6	16
Gameplay	decals/3-resort/postbase	16	16	4	0	8	16
Gameplay	decals/3-resort/railingCenter	16	16	0	4	16	12
Gameplay	decals/3-resort/railingCenterBrokenA	16	16	0	4	13	12
Gameplay	decals/3-resort/railingCenterBrokenB	16	16	2	3	14	13
Gameplay	decals/3-resort/railingLeft	16	16	1	4	15	12
Gameplay	decals/3-resort/railingRight	16	16	0	4	13	12
Gameplay	decals/3-resort/roofCenter	16	24	0	8	16	14
Gameplay	decals/3-resort/roofCenter_b	16	24	0	8	16	14
Gameplay	decals/3-resort/roofCenter_c	16	24	0	8	16	14
Gameplay	decals/3-resort/roofCenter_d	16	24	0	7	16	15
Gameplay	decals/3-resort/roofCenter_snapped_a	24	24	2	8	20	15
Gameplay	decals/3-resort/roofCenter_snapped_b	24	24	2	8	21	14
Gameplay	decals/3-resort/roofCenter_snapped_c	24	24	6	8	9	14
Gameplay	decals/3-resort/roofEdge	16	24	0	8	16	14
Gameplay	decals/3-resort/roofEdge_b	16	24	0	7	13	15
Gameplay	decals/3-resort/roofEdge_c	16	24	0	7	13	15
Gameplay	decals/3-resort/roofEdge_d	16	24	0	8	16	16
Gameplay	decals/3-resort/sticks	16	48	2	13	14	35
Gameplay	decals/3-resort/storageshelf_mid_a	48	16	3	0	42	16
Gameplay	decals/3-resort/storageshelf_mid_b	48	16	3	0	42	16
Gameplay	decals/3-resort/storageshelf_mid_c	48	16	3	0	42	16
Gameplay	decals/3-resort/storageshelf_top_a	48	16	3	0	42	16
Gameplay	decals/3-resort/table_a	48	16	6	3	37	13
Gameplay	decals/3-resort/table_b	24	24	0	4	24	20
Gameplay	decals/3-resort/totem_base_a	16	16	0	0	15	16
Gameplay	decals/3-resort/totem_base_b	16	16	0	0	15	16
Gameplay	decals/3-resort/totem_head_a	16	16	1	0	14	16
Gameplay	decals/3-resort/totem_head_b	16	16	2	0	12	16
Gameplay	decals/3-resort/totem_mid_a	16	16	2	0	11	16
Gameplay	decals/3-resort/totem_mid_b	16	16	2	0	11	16
Gameplay	decals/3-resort/totem_mid_c	16	16	2	0	11	16
Gameplay	decals/3-resort/totem_mid_d	16	16	2	0	11	16
Gameplay	decals/3-resort/totem_wings_a	48	16	4	0	36	16
Gameplay	decals/3-resort/trashcan_a	16	16	3	2	10	14
Gameplay	decals/3-resort/vent	16	16	1	5	15	8
Gameplay	decals/3-resort/washing_machine_a	32	32	10	12	21	20
Gameplay	decals/3-resort/washing_machine_b	32	32	10	12	22	20
Gameplay	decals/3-resort/window	16	16	0	0	16	16
Gameplay	decals/3-resort/window_broken_a	16	16	0	0	16	16
Gameplay	decals/3-resort/window_broken_b	16	16	0	0	16	16
Gameplay	decals/4-cliffside/bg_a	32	32	0	0	32	32
Gameplay	decals/4-cliffside/bg_b	16	16	0	0	16	16
Gameplay	decals/4-cliffside/bg_c	32	32	0	0	32	32
Gameplay	decals/4-cliffside/bg_d	16	16	0	0	16	16
Gameplay	decals/4-cliffside/bg_e	32	32	0	0	32	32
Gameplay	decals/4-cliffside/bg_f	32	32	0	0	32	32
Gameplay	decals/4-cliffside/big_block_a	32	32	0	0	32	32
Gameplay	decals/4-cliffside/bridge_a	50	32	0	8	50	24
Gameplay	decals/4-cliffside/bridge_b	48	32	0	10	48	22
Gameplay	decals/4-cliffside/bridge_c	48	32	0	10	48	22
Gameplay	decals/4-cliffside/checkpoint	24	24	0	0	24	24
Gameplay	decals/4-cliffside/flower_a	16	16	3	6	9	10
Gameplay	decals/4-cliffside/flower_b	16	16	4	6	10	10
Gameplay	decals/4-cliffside/flower_c	16	16	3	6	12	10
Gameplay	decals/4-cliffside/flower_d	16	16	1	5	14	11
Gameplay	decals/4-cliffside/house_a	48	48	4	15	35	33
Gameplay	decals/4-cliffside/house_b	48	48	5	11	39	37
Gameplay	decals/4-cliffside/rock_a	32	32	0	5	32	27
Gameplay	decals/4-cliffside/rock_b	32	32	4	15	27	17
Gameplay	decals/4-cliffside/rock_c	17	32	0	2	10	30
Gameplay	decals/4-cliffside/rock_d	32	32	1	8	30	24
Gameplay	decals/4-cliffside/rock_e	48	48	1	12	45	36
Gameplay	decals/4-cliffside/rockaline	16	16	1	4	14	12
Gameplay	decals/4-cliffside/roots_a	48	48	9	0	30	48
Gameplay	decals/4-cliffside/roots_b	48	48	11	0	29	48
Gameplay	decals/4-cliffside/roots_bot_a	48	48	16	0	18	34
Gameplay	decals/4-cliffside/roots_bot_b	48	48	16	0	19	48
Gameplay	decals/4-cliffside/roots_c	48	48	12	0	35	48
Gameplay	decals/4-cliffside/rubble_a	16	16	4	2	12	14
Gameplay	decals/4-cliffside/rubble_b	16	16	1	9	14	7
Gameplay	decals/4-cliffside/rubble_c	16	16	0	7	14	9
Gameplay	decals/4-cliffside/rubble_d	16	16	1	3	14	13
Gameplay	decals/4-cliffside/rubble_e	16	16	5	10	11	6
Gameplay	decals/4-cliffside/rubble_f	16	16	0	9	6	7
Gameplay	decals/4-cliffside/rubble_g	16	16	0	9	15	7
Gameplay	decals/4-cliffside/rubble_h	16	16	7	1	9	15
Gameplay	decals/4-cliffside/rubble_i	16	16	1	7	14	9
Gameplay	decals/4-cliffside/rubble_j	16	16	2	12	12	4
Gameplay	decals/4-cliffside/ruleboard	32	24	0	0	32	24
Gameplay	decals/4-cliffside/tree_a	160	160	5	29	129	131
Gameplay	decals/4-cliffside/tree_b	64	64	0	16	57	47
Gameplay	decals/4-cliffside/tree_c	32	48	5	5	23	43
Gameplay	decals/4-cliffside/tree_d	64	64	0	9	46	46
Gameplay	decals/4-cliffside/wall_rock_a	48	48	0	6	42	35
Gameplay	decals/4-cliffside/woodbeam_a	16	16	0	3	16	3
Gameplay	decals/4-cliffside/woodbeam_b	16	16	0	3	16	13
Gameplay	decals/4-cliffside/woodbeam_c	16	16	0	3	16	13
Gameplay	decals/4-cliffside/woodbeam_d	16	16	7	0	2	16
Gameplay	decals/4-cliffside/woodbeam_e	16	16	0	3	12	6
Gameplay	decals/4-cliffside/woodbeam_f	16	16	7	0	2	14
Gameplay	decals/4-cliffside/woodbeam_g	32	24	0	3	32	16
Gameplay	decals/4-cliffside/woodbeam_h	32	32	5	0	15	32
Gameplay	decals/4-cliffside/woodbeam_i	32	32	6	0	18	32
Gameplay	decals/4-cliffside/woodbeam_j	32	32	7	0	12	32
Gameplay	decals/4-cliffside/woodbeam_k	32	32	0	10	32	12
Gameplay	decals/4-cliffside/woodbeam_l	32	32	3	0	16	32
Gameplay	decals/4-cliffside/woodbean_h	24	16	3	0	18	16
Gameplay	decals/5-temple-dark/Mosaic_a	56	32	1	1	53	31
Gameplay	decals/5-temple-dark/Mosaic_b	56	32	1	1	53	29
Gameplay	decals/5-temple-dark/Mosaic_c	56	32	1	1	53	30
Gameplay	decals/5-temple-dark/bg_claw_a	16	16	0	1	15	14
Gameplay	decals/5-temple-dark/bg_claw_b	16	16	0	1	16	15
Gameplay	decals/5-temple-dark/bg_claw_c	16	16	1	0	14	16
Gameplay	decals/5-temple-dark/bg_symbols_c_a	16	16	0	2	14	14
Gameplay	decals/5-temple-dark/bg_symbols_c_b	16	16	2	2	14	14
Gameplay	decals/5-temple-dark/bg_symbols_c_c	16	16	0	0	14	14
Gameplay	decals/5-temple-dark/bg_symbols_c_d	16	16	2	0	14	14
Gameplay	decals/5-temple-dark/bg_symbols_h_a	16	16	1	2	15	12
Gameplay	decals/5-temple-dark/bg_symbols_h_b	16	16	1	2	15	12
Gameplay	decals/5-temple-dark/bg_symbols_h_c	16	16	0	2	16	12
Gameplay	decals/5-temple-dark/bg_symbols_h_d	16	16	0	2	16	12
Gameplay	decals/5-temple-dark/bg_symbols_h_e	16	16	0	2	16	12
Gameplay	decals/5-temple-dark/bg_symbols_h_f	16	16	0	2	16	12
Gameplay	decals/5-temple-dark/bg_symbols_h_g	16	16	0	2	15	12
Gameplay	decals/5-temple-dark/bg_symbols_h_h	16	16	0	2	15	12
Gameplay	decals/5-temple-dark/bg_symbols_v_a	16	16	2	1	12	15
Gameplay	decals/5-temple-dark/bg_symbols_v_b	16	16	2	1	12	15
Gameplay	decals/5-temple-dark/bg_symbols_v_c	16	16	2	0	12	16
Gameplay	decals/5-temple-dark/bg_symbols_v_d	16	16	2	0	12	16
Gameplay	decals/5-temple-dark/bg_symbols_v_e	16	16	2	0	12	16
Gameplay	decals/5-temple-dark/bg_symbols_v_f	16	16	2	0	12	15
Gameplay	decals/5-temple-dark/bg_symbols_v_g	16	16	2	0	12	15
Gameplay	decals/5-temple-dark/bg_tile_a	16	16	0	0	16	16
Gameplay	decals/5-temple-dark/bg_tile_b	24	24	0	0	24	24
Gameplay	decals/5-temple-dark/bg_tile_c	24	24	0	0	24	24
Gameplay	decals/5-temple-dark/column_a	32	32	5	0	22	32
Gameplay	decals/5-temple-dark/column_b	32	32	4	0	25	32
Gameplay	decals/5-temple-dark/column_c	32	32	4	0	23	32
Gameplay	decals/5-temple-dark/column_d	32	32	4	0	23	24
Gameplay	decals/5-temple-dark/column_e	32	32	3	9	26	23
Gameplay	decals/5-temple-dark/hole_a	40	40	6	9	28	25
Gameplay	decals/5-temple-dark/hole_b	40	40	2	0	36	40
Gameplay	decals/5-temple-dark/rubble_a	16	16	6	8	10	8
Gameplay	decals/5-temple-dark/rubble_b	16	16	0	10	16	6
Gameplay	decals/5-temple-dark/rubble_c	16	16	0	7	6	9
Gameplay	decals/5-temple-dark/rubble_d	16	16	1	4	13	12
Gameplay	decals/5-temple-dark/rubble_e	16	16	2	6	14	10
Gameplay	decals/5-temple-dark/rubble_f	16	16	2	5	8	11
Gameplay	decals/5-temple-dark/rubble_g	16	16	0	7	14	9
Gameplay	decals/5-temple-dark/rubble_h	16	16	0	8	15	8
Gameplay	decals/5-temple-dark/rubble_i	16	16	0	11	12	5
Gameplay	decals/5-temple-dark/rubble_j	24	24	1	10	22	14
Gameplay	decals/5-temple-dark/rubble_k	24	24	0	5	4	18
Gameplay	decals/5-temple-dark/rubble_l	24	24	17	4	7	20
Gameplay	decals/5-temple-dark/rubble_m	24	24	0	10	12	14
Gameplay	decals/5-temple-dark/rubble_n	24	24	8	4	16	20
Gameplay	decals/5-temple-dark/rubble_o	16	16	1	8	13	8
Gameplay	decals/5-temple-dark/rubble_p	16	16	4	0	12	10
Gameplay	decals/5-temple-dark/rubble_q	16	16	0	0	8	13
Gameplay	decals/5-temple-dark/vine_a	16	16	0	3	16	13
Gameplay	decals/5-temple-dark/vine_b	32	32	9	0	18	32
Gameplay	decals/5-temple-dark/vine_c	32	32	1	0	20	32
Gameplay	decals/5-temple-dark/vine_d	32	32	4	0	28	27
Gameplay	decals/5-temple-dark/vine_e	32	32	0	0	30	29
Gameplay	decals/5-temple-dark/vine_f	32	32	2	3	30	29
Gameplay	decals/5-temple-dark/vine_g	32	32	0	4	32	26
Gameplay	decals/5-temple-dark/vine_h	32	32	0	10	27	22
Gameplay	decals/5-temple-dark/vine_i	32	32	3	0	29	27
Gameplay	decals/5-temple-dark/vine_j	32	32	0	0	20	19
Gameplay	decals/5-temple-dark/vine_k	32	32	0	3	32	18
Gameplay	decals/5-temple/Mosaic_a	56	32	1	1	53	30
Gameplay	decals/5-temple/Mosaic_b	56	32	1	1	53	30
Gameplay	decals/5-temple/Mosaic_c	56	32	1	1	53	30
Gameplay	decals/5-temple/Slice	24	16	2	0	20	16
Gameplay	decals/5-temple/altar	48	24	5	6	38	18
Gameplay	decals/5-temple/bg_eye_a	64	64	3	9	58	45
Gameplay	decals/5-temple/bg_eye_b	64	64	18	20	29	24
Gameplay	decals/5-temple/bg_eye_c	64	64	15	3	30	58
Gameplay	decals/5-temple/bg_mirror_a	48	40	7	6	34	28
Gameplay	decals/5-temple/bg_mirror_b	40	40	7	5	26	33
Gameplay	decals/5-temple/bg_mirror_c	40	40	7	5	26	33
Gameplay	decals/5-temple/bg_mirror_shard_a	16	16	2	2	11	14
Gameplay	decals/5-temple/bg_mirror_shard_b	16	16	3	4	8	9
Gameplay	decals/5-temple/bg_mirror_shard_c	16	16	3	0	11	15
Gameplay	decals/5-temple/bg_mirror_shard_d	16	16	3	2	11	13
Gameplay	decals/5-temple/bg_mirror_shard_e	16	16	4	1	7	9
Gameplay	decals/5-temple/bg_mirror_shard_f	16	16	6	5	6	9
Gameplay	decals/5-temple/bg_mirror_shard_g	16	16	4	1	7	14
Gameplay	decals/5-temple/bg_mirror_shard_group_a	24	24	0	1	23	23
Gameplay	decals/5-temple/bg_mirror_shard_group_a_b	24	24	0	0	23	23
Gameplay	decals/5-temple/bg_mirror_shard_group_a_c	24	24	0	0	23	24
Gameplay	decals/5-temple/bg_mirror_shard_group_b	24	24	3	1	21	23
Gameplay	decals/5-temple/bg_mirror_shard_group_c	24	24	0	1	21	23
Gameplay	decals/5-temple/bg_mirror_shard_group_d	24	24	1	0	23	20
Gameplay	decals/5-temple/bg_mirror_shard_group_e	24	24	0	0	17	24
Gameplay	decals/5-temple/bg_mirror_shard_h	16	16	1	2	15	12
Gameplay	decals/5-temple/bg_mirror_shard_i	16	16	1	2	12	14
Gameplay	decals/5-temple/bg_mirror_shard_j	16	16	3	2	11	12
Gameplay	decals/5-temple/bg_mirror_shard_k	16	16	6	0	5	16
Gameplay	decals/5-temple/bg_statue_a	24	48	6	5	13	35
Gameplay	decals/5-temple/bg_symbols_c_a	16	16	0	2	14	14
Gameplay	decals/5-temple/bg_symbols_c_b	16	16	2	2	14	14
Gameplay	decals/5-temple/bg_symbols_h_a	16	16	1	2	15	12
Gameplay	decals/5-temple/bg_symbols_h_b	16	16	1	2	15	12
Gameplay	decals/5-temple/bg_symbols_h_c	16	16	0	2	16	12
Gameplay	decals/5-temple/bg_symbols_h_d	16	16	0	2	16	12
Gameplay	decals/5-temple/bg_symbols_h_e	16	16	0	2	16	12
Gameplay	decals/5-temple/bg_symbols_h_f	16	16	0	2	16	12
Gameplay	decals/5-temple/bg_symbols_h_g	16	16	0	2	15	12
Gameplay	decals/5-temple/bg_symbols_h_h	16	16	0	2	15	12
Gameplay	decals/5-temple/bg_symbols_v_a	16	16	2	1	12	15
Gameplay	decals/5-temple/bg_symbols_v_b	16	16	2	1	12	15
Gameplay	decals/5-temple/bg_symbols_v_c	16	16	2	0	12	16
Gameplay	decals/5-temple/bg_symbols_v_d	16	16	2	0	12	16
Gameplay	decals/5-temple/bg_symbols_v_e	16	16	2	0	12	16
Gameplay	decals/5-temple/bg_symbols_v_f	16	16	2	0	12	15
Gameplay	decals/5-temple/bg_symbols_v_g	16	16	2	0	12	15
Gameplay	decals/5-temple/bg_tile_a	16	16	0	0	16	16
Gameplay	decals/5-temple/bg_tile_b	16	16	0	0	16	16
Gameplay	decals/5-temple/brick_bot	8	16	0	0	8	16
Gameplay	decals/5-temple/brick_bot_left	16	16	0	0	16	16
Gameplay	decals/5-temple/brick_bot_right	16	16	0	0	16	16
Gameplay	decals/5-temple/brick_center_a	8	8	0	0	8	8
Gameplay	decals/5-temple/brick_center_b	8	8	0	0	8	8
Gameplay	decals/5-temple/brick_center_c	8	8	0	0	8	8
Gameplay	decals/5-temple/brick_top	8	16	0	0	8	16
Gameplay	decals/5-temple/brick_top_left	16	16	0	0	16	16
Gameplay	decals/5-temple/brick_top_right	16	16	0	0	16	16
Gameplay	decals/5-temple/bricks_a	24	16	1	6	23	10
Gameplay	decals/5-temple/bricks_b	40	24	5	9	28	15
Gameplay	decals/5-temple/broken_arch	32	40	7	6	19	34
Gameplay	decals/5-temple/chair_a	24	16	3	1	18	15
Gameplay	decals/5-temple/checkpoint	24	24	0	0	24	24
Gameplay	decals/5-temple/checkpointB	24	24	0	0	24	24
Gameplay	decals/5-temple/chest_a	24	16	3	5	19	11
Gameplay	decals/5-temple/collumn_bot	32	16	6	0	20	16
Gameplay	decals/5-temple/collumn_broken_bot	16	16	1	9	13	7
Gameplay	decals/5-temple/collumn_broken_top	16	16	2	0	13	7
Gameplay	decals/5-temple/collumn_mid_a	16	16	1	0	14	16
Gameplay	decals/5-temple/collumn_mid_b	16	16	0	0	16	16
Gameplay	decals/5-temple/collumn_mid_c	16	16	3	0	10	16
Gameplay	decals/5-temple/collumn_mid_d	16	16	2	0	12	16
Gameplay	decals/5-temple/collumn_top	32	16	6	0	20	16
Gameplay	decals/5-temple/crystal_a	32	64	9	28	13	36
Gameplay	decals/5-temple/crystal_b	32	32	9	11	14	21
Gameplay	decals/5-temple/crystal_c	64	64	8	17	48	47
Gameplay	decals/5-temple/hole_a	40	40	6	9	28	25
Gameplay	decals/5-temple/hole_b	40	40	2	0	36	40
Gameplay	decals/5-temple/huge_bg_eye	64	64	1	2	52	62
Gameplay	decals/5-temple/left	16	8	0	0	16	8
Gameplay	decals/5-temple/right	16	8	0	0	16	8
Gameplay	decals/5-temple/rubble_a	16	16	6	8	10	8
Gameplay	decals/5-temple/rubble_b	16	16	0	10	16	6
Gameplay	decals/5-temple/rubble_c	16	16	0	7	6	9
Gameplay	decals/5-temple/rubble_d	16	16	1	4	13	12
Gameplay	decals/5-temple/rubble_e	16	16	2	6	14	10
Gameplay	decals/5-temple/rubble_f	16	16	2	5	8	11
Gameplay	decals/5-temple/rubble_g	16	16	0	7	14	9
Gameplay	decals/5-temple/rubble_h	16	16	0	8	15	8
Gameplay	decals/5-temple/rubble_i	16	16	0	11	12	5
Gameplay	decals/5-temple/rubble_j	24	24	1	10	22	14
Gameplay	decals/5-temple/rubble_k	24	24	0	5	4	18
Gameplay	decals/5-temple/rubble_l	24	24	17	4	7	20
Gameplay	decals/5-temple/rubble_m	24	24	0	10	12	14
Gameplay	decals/5-temple/rubble_n	24	24	8	4	16	20
Gameplay	decals/5-temple/rubble_o	16	16	1	8	13	8
Gameplay	decals/5-temple/rubble_p	16	16	4	0	12	10
Gameplay	decals/5-temple/rubble_q	16	16	0	0	8	13
Gameplay	decals/5-temple/squid_head_a	48	48	3	4	42	40
Gameplay	decals/5-temple/statue_a	16	48	0	0	16	48
Gameplay	decals/5-temple/statue_a_b	16	48	0	0	16	48
Gameplay	decals/5-temple/statue_a_c	16	48	0	0	16	48
Gameplay	decals/5-temple/statue_b	32	48	7	7	18	41
Gameplay	decals/5-temple/statue_c	80	80	9	10	57	70
Gameplay	decals/5-temple/statue_d	56	48	3	5	50	43
Gameplay	decals/5-temple/statue_e	48	64	8	13	31	42
Gameplay	decals/5-temple/statue_f	128	128	8	6	112	122
Gameplay	decals/5-temple/track00	16	16	0	1	16	14
Gameplay	decals/5-temple/track01	16	16	0	1	16	14
Gameplay	decals/5-temple/track02	16	16	0	1	16	14
Gameplay	decals/5-temple/track03	16	16	0	1	16	14
Gameplay	decals/5-temple/track04	16	16	0	1	16	14
Gameplay	decals/5-temple/track05	16	16	0	1	16	14
Gameplay	decals/5-temple/track06	16	16	0	1	16	14
Gameplay	decals/5-temple/track07	16	16	0	1	16	14
Gameplay	decals/5-temple/vine_a	16	16	0	3	16	13
Gameplay	decals/5-temple/vine_b	32	32	9	0	18	32
Gameplay	decals/5-temple/vine_c	32	32	1	0	20	32
Gameplay	decals/5-temple/vine_d	32	32	4	0	28	27
Gameplay	decals/5-temple/vine_e	32	32	0	0	30	29
Gameplay	decals/5-temple/vine_f	32	32	2	3	30	29
Gameplay	decals/5-temple/vine_g	32	32	0	4	32	26
Gameplay	decals/5-temple/vine_h	32	32	0	10	27	22
Gameplay	decals/5-temple/vine_i	32	32	3	0	29	27
Gameplay	decals/5-temple/vine_j	32	32	0	0	20	19
Gameplay	decals/5-temple/vine_k	32	32	0	3	32	18
Gameplay	decals/5-temple/weird_eye_hole	32	24	3	1	27	22
Gameplay	decals/6-reflection/Elevator	48	64	1	0	33	64
Gameplay	decals/6-reflection/Wood_a	32	24	0	6	32	18
Gameplay	decals/6-reflection/algae_a	16	24	1	7	15	17
Gameplay	decals/6-reflection/algae_b	32	16	4	1	25	15
Gameplay	decals/6-reflection/big_crystal_a	40	64	2	5	35	59
Gameplay	decals/6-reflection/big_crystal_b	40	64	2	3	34	61
Gameplay	decals/6-reflection/big_crystal_vine	72	48	0	1	65	45
Gameplay	decals/6-reflection/big_vine	64	32	0	0	60	31
Gameplay	decals/6-reflection/big_vine_b	32	32	0	2	29	30
Gameplay	decals/6-reflection/bulb_plant	40	32	2	6	34	26
Gameplay	decals/6-reflection/bulb_plant_b	32	32	2	8	27	24
Gameplay	decals/6-reflection/bulb_plant_c	32	32	6	11	25	21
Gameplay	decals/6-reflection/ceiling_slime	24	32	2	0	20	28
Gameplay	decals/6-reflection/checkpoint	24	24	2	0	20	24
Gameplay	decals/6-reflection/collumn_base_bot_a	16	16	0	0	16	16
Gameplay	decals/6-reflection/collumn_base_top_a	16	16	0	0	16	16
Gameplay	decals/6-reflection/collumn_bot_a	16	16	0	0	15	15
Gameplay	decals/6-reflection/collumn_mid_a	16	16	0	0	16	16
Gameplay	decals/6-reflection/collumn_mid_b	16	16	0	0	16	16
Gameplay	decals/6-reflection/collumn_mid_c	16	16	0	0	16	16
Gameplay	decals/6-reflection/collumn_mid_d	16	16	0	0	16	16
Gameplay	decals/6-reflection/collumn_top_a	16	16	0	1	16	15
Gameplay	decals/6-reflection/crystal_a	64	64	13	13	35	47
Gameplay	decals/6-reflection/crystal_b	32	48	9	5	14	36
Gameplay	decals/6-reflection/crystal_c	32	48	7	4	20	32
Gameplay	decals/6-reflection/crystal_collumn_bot	32	16	2	0	26	16
Gameplay	decals/6-reflection/crystal_collumn_mid	32	16	7	0	19	16
Gameplay	decals/6-reflection/crystal_collumn_top	32	16	12	11	12	5
Gameplay	decals/6-reflection/crystal_plant_a	56	56	2	4	47	52
Gameplay	decals/6-reflection/crystal_reflection	80	96	4	4	72	92
Gameplay	decals/6-reflection/crystal_rock_a	64	48	4	12	54	36
Gameplay	decals/6-reflection/crystal_shard_a	16	24	2	2	11	20
Gameplay	decals/6-reflection/crystal_shard_b	16	24	2	5	13	16
Gameplay	decals/6-reflection/crystal_shard_c	24	32	4	4	16	25
Gameplay	decals/6-reflection/crystal_shard_d	16	16	4	3	7	9
Gameplay	decals/6-reflection/crystal_shard_e	24	32	2	2	19	26
Gameplay	decals/6-reflection/dead_fish_a	80	48	4	14	69	34
Gameplay	decals/6-reflection/elavator_cable	32	16	3	0	17	16
Gameplay	decals/6-reflection/flower_a	16	16	0	0	10	16
Gameplay	decals/6-reflection/flower_b	16	16	2	1	11	15
Gameplay	decals/6-reflection/fruits_a	32	32	5	1	22	31
Gameplay	decals/6-reflection/grass_fall_a	32	32	7	0	17	30
Gameplay	decals/6-reflection/long_grass	24	32	0	8	24	24
Gameplay	decals/6-reflection/moss_a	32	32	2	0	29	28
Gameplay	decals/6-reflection/mushroom_a	16	16	3	7	9	9
Gameplay	decals/6-reflection/mushroom_b	16	16	3	5	11	11
Gameplay	decals/6-reflection/mushroom_c	16	16	3	3	9	13
Gameplay	decals/6-reflection/mushroom_d	16	16	3	4	12	12
Gameplay	decals/6-reflection/mushroom_e	32	32	0	17	32	15
Gameplay	decals/6-reflection/rubble_a	16	16	3	8	13	8
Gameplay	decals/6-reflection/rubble_b	32	32	3	20	26	12
Gameplay	decals/6-reflection/rubble_c	24	24	7	13	16	11
Gameplay	decals/6-reflection/rubble_d	16	16	0	9	13	7
Gameplay	decals/6-reflection/rubble_e	16	16	1	12	15	4
Gameplay	decals/6-reflection/rubble_f	16	16	2	9	7	7
Gameplay	decals/6-reflection/rubble_g	16	16	2	6	10	10
Gameplay	decals/6-reflection/rubble_h	16	16	0	10	15	6
Gameplay	decals/6-reflection/rubble_i	16	16	4	1	11	15
Gameplay	decals/6-reflection/rubble_j	16	16	3	2	12	14
Gameplay	decals/6-reflection/rubble_k	16	16	1	9	9	7
Gameplay	decals/6-reflection/secret_eyebat00	48	48	9	14	29	22
Gameplay	decals/6-reflection/secret_eyebat01	48	48	10	14	27	26
Gameplay	decals/6-reflection/secret_eyebat02	48	48	14	10	25	26
Gameplay	decals/6-reflection/secret_eyebat03	48	48	15	11	22	21
Gameplay	decals/6-reflection/secret_eyebat04	48	48	13	12	25	17
Gameplay	decals/6-reflection/secret_eyebat05	48	48	9	13	29	21
Gameplay	decals/6-reflection/secret_ogmo00	32	32	8	17	16	15
Gameplay	decals/6-reflection/secret_ogmo01	32	32	8	17	16	15
Gameplay	decals/6-reflection/secret_ogmo02	32	32	8	16	16	16
Gameplay	decals/6-reflection/secret_ogmo03	32	32	8	16	16	16
Gameplay	decals/6-reflection/secret_ogmo04	32	32	8	16	16	16
Gameplay	decals/6-reflection/secret_ogmo05	32	32	8	16	16	16
Gameplay	decals/6-reflection/secret_ogmo06	32	32	7	18	18	14
Gameplay	decals/6-reflection/secret_ogmo07	32	32	7	18	18	14
Gameplay	decals/6-reflection/secret_ogmo08	32	32	7	18	18	14
Gameplay	decals/6-reflection/secret_ogmo09	32	32	7	18	18	14
Gameplay	decals/6-reflection/secret_skytorn00	32	32	8	13	20	19
Gameplay	decals/6-reflection/secret_skytorn01	32	32	8	13	20	19
Gameplay	decals/6-reflection/secret_skytorn02	32	32	8	13	20	19
Gameplay	decals/6-reflection/secret_skytorn03	32	32	8	13	20	19
Gameplay	decals/6-reflection/secret_skytorn04	32	32	8	13	20	19
Gameplay	decals/6-reflection/secret_skytorn05	32	32	8	13	20	19
Gameplay	decals/6-reflection/secret_skytorn06	32	32	8	13	20	19
Gameplay	decals/6-reflection/secret_skytorn07	32	32	8	13	20	19
Gameplay	decals/6-reflection/secret_skytorn08	32	32	8	13	20	19
Gameplay	decals/6-reflection/secret_skytorn09	32	32	8	13	20	19
Gameplay	decals/6-reflection/secret_towerfall00	48	32	8	10	36	22
Gameplay	decals/6-reflection/secret_towerfall01	48	32	8	10	36	22
Gameplay	decals/6-reflection/secret_towerfall02	48	32	8	10	36	22
Gameplay	decals/6-reflection/secret_towerfall03	48	32	8	10	36	22
Gameplay	decals/6-reflection/secret_towerfall04	48	32	8	10	36	22
Gameplay	decals/6-reflection/secret_towerfall05	48	32	8	10	36	22
Gameplay	decals/6-reflection/secret_towerfall06	48	32	8	9	36	23
Gameplay	decals/6-reflection/secret_towerfall07	48	32	8	9	36	23
Gameplay	decals/6-reflection/secret_towerfall08	48	32	8	9	36	23
Gameplay	decals/6-reflection/secret_towerfall09	48	32	8	9	36	23
Gameplay	decals/6-reflection/secret_towerfall10	48	32	8	10	36	22
Gameplay	decals/6-reflection/secret_towerfall11	48	32	8	10	36	22
Gameplay	decals/6-reflection/secret_towerfall12	48	32	8	10	36	22
Gameplay	decals/6-reflection/secret_towerfall13	48	32	8	10	36	22
Gameplay	decals/6-reflection/secret_towerfall14	48	32	8	10	36	22
Gameplay	decals/6-reflection/secret_towerfall15	48	32	8	10	36	22
Gameplay	decals/6-reflection/secret_towerfall16	48	32	8	9	36	23
Gameplay	decals/6-reflection/secret_towerfall17	48	32	8	9	36	23
Gameplay	decals/6-reflection/secret_towerfall18	48	32	8	9	36	23
Gameplay	decals/6-reflection/secret_towerfall19	48	32	8	9	36	23
Gameplay	decals/6-reflection/secret_towerfall20	48	32	8	10	36	22
Gameplay	decals/6-reflection/secret_towerfall21	48	32	8	10	36	22
Gameplay	decals/6-reflection/secret_towerfall22	48	32	8	10	36	22
Gameplay	decals/6-reflection/secret_towerfall23	48	32	8	10	36	22
Gameplay	decals/6-reflection/secret_towerfall24	48	32	8	10	36	22
Gameplay	decals/6-reflection/secret_towerfall25	48	32	8	10	36	22
Gameplay	decals/6-reflection/secret_towerfall26	48	32	8	9	36	23
Gameplay	decals/6-reflection/secret_towerfall27	48	32	8	9	36	23
Gameplay	decals/6-reflection/secret_towerfall28	48	32	8	9	36	23
Gameplay	decals/6-reflection/secret_towerfall29	48	32	8	9	36	23
Gameplay	decals/6-reflection/secret_towerfall30	48	32	8	10	36	22
Gameplay	decals/6-reflection/secret_towerfall31	48	32	8	10	36	22
Gameplay	decals/6-reflection/secret_towerfall32	48	32	8	10	36	22
Gameplay	decals/6-reflection/secret_towerfall33	48	32	8	10	36	22
Gameplay	decals/6-reflection/secret_towerfall34	48	32	8	10	36	22
Gameplay	decals/6-reflection/secret_towerfall35	48	32	8	10	36	22
Gameplay	decals/6-reflection/secret_towerfall36	48	32	8	9	36	23
Gameplay	decals/6-reflection/secret_towerfall37	48	32	8	9	36	23
Gameplay	decals/6-reflection/secret_towerfall38	48	32	8	9	36	23
Gameplay	decals/6-reflection/secret_towerfall39	48	32	8	9	36	23
Gameplay	decals/6-reflection/secret_towerfall40	48	32	8	10	36	22
Gameplay	decals/6-reflection/secret_towerfall41	48	32	8	10	36	22
Gameplay	decals/6-reflection/secret_towerfall42	48	32	8	10	36	22
Gameplay	decals/6-reflection/secret_towerfall43	48	32	8	10	36	22
Gameplay	decals/6-reflection/secret_towerfall44	48	32	8	10	36	22
Gameplay	decals/6-reflection/secret_towerfall45	48	32	8	10	36	22
Gameplay	decals/6-reflection/secret_towerfall46	48	32	8	9	36	23
Gameplay	decals/6-reflection/secret_towerfall47	48	32	8	9	36	23
Gameplay	decals/6-reflection/secret_towerfall48	48	32	8	9	36	23
Gameplay	decals/6-reflection/secret_towerfall49	48	32	8	9	36	23
Gameplay	decals/6-reflection/secret_yuri00	32	32	8	13	17	19
Gameplay	decals/6-reflection/secret_yuri01	32	32	8	13	17	19
Gameplay	decals/6-reflection/secret_yuri02	32	32	8	13	17	19
Gameplay	decals/6-reflection/secret_yuri03	32	32	8	13	17	19
Gameplay	decals/6-reflection/secret_yuri04	32	32	8	12	17	20
Gameplay	decals/6-reflection/secret_yuri05	32	32	8	12	17	20
Gameplay	decals/6-reflection/secret_yuri06	32	32	8	12	17	20
Gameplay	decals/6-reflection/secret_yuri07	32	32	8	12	17	20
Gameplay	decals/6-reflection/secret_yuri08	32	32	6	12	19	20
Gameplay	decals/6-reflection/secret_yuri09	32	32	6	12	19	20
Gameplay	decals/6-reflection/secret_yuri10	32	32	7	13	18	19
Gameplay	decals/6-reflection/secret_yuri11	32	32	7	13	18	19
Gameplay	decals/6-reflection/short_grass_a	16	16	1	1	15	15
Gameplay	decals/6-reflection/short_grass_b	16	16	0	0	16	16
Gameplay	decals/6-reflection/short_grass_c	16	16	1	1	15	15
Gameplay	decals/6-reflection/short_grass_d	16	16	0	0	16	16
Gameplay	decals/6-reflection/top_vine_a	32	40	5	0	25	35
Gameplay	decals/6-reflection/top_vine_b	24	56	5	0	16	55
Gameplay	decals/7-summit/SummitFlag00	64	64	17	5	32	59
Gameplay	decals/7-summit/SummitFlag01	64	64	17	5	32	59
Gameplay	decals/7-summit/SummitFlag02	64	64	17	5	32	59
Gameplay	decals/7-summit/SummitFlag03	64	64	17	5	32	59
Gameplay	decals/7-summit/SummitFlag04	64	64	17	5	32	59
Gameplay	decals/7-summit/SummitFlag05	64	64	17	5	32	59
Gameplay	decals/7-summit/SummitFlag06	64	64	17	5	32	59
Gameplay	decals/7-summit/SummitFlag07	64	64	17	5	32	59
Gameplay	decals/7-summit/checkpoint	24	24	0	0	24	24
Gameplay	decals/7-summit/cherry_tree	240	128	3	15	227	113
Gameplay	decals/7-summit/cloud_a	32	32	0	1	32	31
Gameplay	decals/7-summit/cloud_b	32	32	0	1	32	31
Gameplay	decals/7-summit/cloud_bb	32	32	0	1	32	31
Gameplay	decals/7-summit/cloud_bc	32	32	0	0	32	32
Gameplay	decals/7-summit/cloud_c	32	32	0	19	31	13
Gameplay	decals/7-summit/cloud_cb	32	32	1	27	27	5
Gameplay	decals/7-summit/cloud_cc	32	32	1	19	29	13
Gameplay	decals/7-summit/cloud_cd	32	32	1	10	31	22
Gameplay	decals/7-summit/cloud_ce	32	32	2	19	28	13
Gameplay	decals/7-summit/cloud_d	32	32	21	0	11	32
Gameplay	decals/7-summit/cloud_db	32	32	25	2	7	29
Gameplay	decals/7-summit/cloud_dc	32	32	18	2	14	29
Gameplay	decals/7-summit/cloud_dd	32	32	7	0	25	30
Gameplay	decals/7-summit/cloud_e	32	32	0	0	32	32
Gameplay	decals/7-summit/cloud_f	128	128	0	0	128	128
Gameplay	decals/8-epilogue/backpack	16	16	4	9	8	7
Gameplay	decals/8-epilogue/house	151	64	0	2	151	62
Gameplay	decals/8-epilogue/housebg	160	90	0	0	160	90
Gameplay	decals/8-epilogue/nest_back	64	64	7	45	53	19
Gameplay	decals/8-epilogue/nest_front	64	64	7	48	53	16
Gameplay	decals/8-epilogue/stove	32	32	5	12	21	20
Gameplay	decals/8-epilogue/table_a	48	16	6	9	37	7
Gameplay	decals/9-core/Chain_heart_top	32	32	7	1	18	31
Gameplay	decals/9-core/Chain_top	32	16	6	0	20	16
Gameplay	decals/9-core/ball_a	48	32	7	3	35	29
Gameplay	decals/9-core/ball_a_ice	48	32	7	3	35	29
Gameplay	decals/9-core/capsule_a	80	32	0	0	80	32
Gameplay	decals/9-core/capsule_b	64	64	6	8	50	56
Gameplay	decals/9-core/capsule_c	64	32	2	3	58	29
Gameplay	decals/9-core/chain_bot	32	16	6	0	20	16
Gameplay	decals/9-core/chain_mid_a	32	16	12	0	8	16
Gameplay	decals/9-core/chain_mid_b	32	16	10	0	12	16
Gameplay	decals/9-core/checkpoint	24	24	0	0	24	24
Gameplay	decals/9-core/column_bot_a	16	16	1	0	15	16
Gameplay	decals/9-core/column_bot_b	16	16	1	0	15	16
Gameplay	decals/9-core/column_mid_a	16	16	0	0	16	16
Gameplay	decals/9-core/column_mid_b	16	16	1	0	15	16
Gameplay	decals/9-core/column_mid_c	16	16	0	0	16	16
Gameplay	decals/9-core/column_mid_d	16	16	2	0	14	16
Gameplay	decals/9-core/column_top	16	16	1	0	15	16
Gameplay	decals/9-core/column_top_b	16	16	1	0	15	16
Gameplay	decals/9-core/fossil_a	48	48	1	5	46	39
Gameplay	decals/9-core/fossil_b	32	32	2	2	27	27
Gameplay	decals/9-core/heart_a	48	32	9	11	32	21
Gameplay	decals/9-core/heart_b	48	32	5	3	39	29
Gameplay	decals/9-core/heart_bevel_a	32	32	0	4	31	27
Gameplay	decals/9-core/heart_bevel_b	32	32	5	4	22	22
Gameplay	decals/9-core/heart_bevel_c	16	16	0	2	16	13
Gameplay	decals/9-core/heart_bevel_d	16	16	0	2	16	13
Gameplay	decals/9-core/heart_sphere_a	96	64	9	0	78	56
Gameplay	decals/9-core/machine_a	64	48	9	15	48	33
Gameplay	decals/9-core/nevoa_shovel	32	48	4	13	25	35
Gameplay	decals/9-core/rock_a	48	32	7	10	33	22
Gameplay	decals/9-core/rock_b	48	32	11	8	28	24
Gameplay	decals/9-core/rock_c	16	16	2	0	14	15
Gameplay	decals/9-core/rock_d	32	32	4	5	27	27
Gameplay	decals/9-core/rock_e	48	32	2	6	41	26
Gameplay	decals/9-core/rock_e_ice	48	32	2	6	41	26
Gameplay	decals/9-core/rope_a	16	32	2	0	10	32
Gameplay	decals/9-core/rubble_a	16	16	6	8	10	8
Gameplay	decals/9-core/rubble_b	16	16	0	10	16	6
Gameplay	decals/9-core/rubble_c	16	16	0	7	6	9
Gameplay	decals/9-core/rubble_d	16	16	1	4	13	12
Gameplay	decals/9-core/rubble_e	16	16	2	6	14	10
Gameplay	decals/9-core/rubble_f	16	16	2	5	8	11
Gameplay	decals/9-core/rubble_g	16	16	0	7	14	9
Gameplay	decals/9-core/rubble_h	16	16	0	8	15	8
Gameplay	decals/9-core/rubble_i	16	16	0	11	12	5
Gameplay	decals/9-core/rubble_j	24	24	1	10	22	14
Gameplay	decals/9-core/rubble_k	24	24	0	5	4	18
Gameplay	decals/9-core/rubble_l	24	24	17	4	7	20
Gameplay	decals/9-core/rubble_m	24	24	0	10	12	14
Gameplay	decals/9-core/rubble_n	24	24	8	4	16	20
Gameplay	decals/9-core/rubble_o	16	16	1	8	13	8
Gameplay	decals/9-core/rubble_p	16	16	4	0	12	10
Gameplay	decals/9-core/rubble_q	16	16	0	0	8	13
Gameplay	decals/9-core/stalagtite	48	48	10	2	26	33
Gameplay	decals/9-core/stalagtite_b	48	32	9	2	31	28
Gameplay	decals/9-core/stalagtite_c	48	32	11	2	30	29
Gameplay	decals/9-core/stalagtite_d	32	32	2	1	24	30
Gameplay	decals/9-core/stump_a	32	16	2	2	26	14
Gameplay	decals/generic/algae_a	16	16	0	0	16	10
Gameplay	decals/generic/algae_b	16	32	2	15	11	12
Gameplay	decals/generic/algae_c	32	16	7	4	18	12
Gameplay	decals/generic/algae_d	32	16	8	5	15	11
Gameplay	decals/generic/algae_e	16	32	0	11	15	21
Gameplay	decals/generic/grass_a	8	8	2	3	5	5
Gameplay	decals/generic/grass_b	8	8	1	0	7	8
Gameplay	decals/generic/grass_c	8	8	2	2	5	6
Gameplay	decals/generic/grass_d	8	8	1	4	7	4
Gameplay	decals/generic/hanginggrass_a	16	16	3	0	12	12
Gameplay	decals/generic/snow_a	16	16	0	9	14	7
Gameplay	decals/generic/snow_b	16	16	5	9	11	7
Gameplay	decals/generic/snow_c	16	16	1	10	14	6
Gameplay	decals/generic/snow_d	16	16	2	5	10	10
Gameplay	decals/generic/snow_e	16	16	2	3	12	10
Gameplay	decals/generic/snow_f	16	16	8	0	8	16
Gameplay	decals/generic/snow_g	16	16	4	8	6	8
Gameplay	decals/generic/snow_h	16	16	0	2	3	13
Gameplay	decals/generic/snow_i	16	8	0	1	13	7
Gameplay	decals/generic/snow_j	16	16	0	1	15	15
Gameplay	decals/generic/snow_k	16	16	0	1	4	13
Gameplay	decals/generic/snow_l	16	16	0	0	16	16
Gameplay	decals/generic/snow_m	16	16	0	1	16	15
Gameplay	decals/generic/snow_n	16	16	0	5	16	11
Gameplay	decals/generic/snow_o	64	64	0	0	64	64
Gameplay	effects/slash/00	24	8	7	3	11	3
Gameplay	effects/slash/01	24	8	4	4	16	1
Gameplay	effects/slash/02	24	8	1	4	22	1
Gameplay	effects/slash/03	24	8	0	4	24	1
Gameplay	mirrormasks/5-temple/bg_mirror_a00	48	40	10	10	28	21
Gameplay	mirrormasks/5-temple/bg_mirror_b00	40	40	10	10	20	22
Gameplay	mirrormasks/5-temple/bg_mirror_c00	40	40	14	10	15	8
Gameplay	mirrormasks/5-temple/bg_mirror_c01	40	40	23	16	6	6
Gameplay	mirrormasks/5-temple/bg_mirror_c02	40	40	13	19	16	13
Gameplay	mirrormasks/5-temple/bg_mirror_c03	40	40	23	27	6	5
Gameplay	mirrormasks/5-temple/bg_mirror_c04	40	40	11	21	6	11
Gameplay	mirrormasks/5-temple/bg_mirror_c05	40	40	11	10	8	11
Gameplay	mirrormasks/5-temple/bg_mirror_shard_a	16	16	2	3	11	12
Gameplay	mirrormasks/5-temple/bg_mirror_shard_b	16	16	3	5	8	7
Gameplay	mirrormasks/5-temple/bg_mirror_shard_c	16	16	3	1	11	13
Gameplay	mirrormasks/5-temple/bg_mirror_shard_d	16	16	3	3	11	11
Gameplay	mirrormasks/5-temple/bg_mirror_shard_e	16	16	4	2	7	7
Gameplay	mirrormasks/5-temple/bg_mirror_shard_f	16	16	6	6	6	7
Gameplay	mirrormasks/5-temple/bg_mirror_shard_g	16	16	4	2	7	12
Gameplay	mirrormasks/5-temple/bg_mirror_shard_group_a00	24	24	0	1	23	22
Gameplay	mirrormasks/5-temple/bg_mirror_shard_group_a01	24	24	0	4	18	18
Gameplay	mirrormasks/5-temple/bg_mirror_shard_group_a02	24	24	3	2	19	19
Gameplay	mirrormasks/5-temple/bg_mirror_shard_group_a03	24	24	2	7	21	16
Gameplay	mirrormasks/5-temple/bg_mirror_shard_group_a04	24	24	3	4	15	9
Gameplay	mirrormasks/5-temple/bg_mirror_shard_group_a05	24	24	6	1	13	16
Gameplay	mirrormasks/5-temple/bg_mirror_shard_group_a_b00	24	24	1	0	22	21
Gameplay	mirrormasks/5-temple/bg_mirror_shard_group_a_b01	24	24	7	2	15	20
Gameplay	mirrormasks/5-temple/bg_mirror_shard_group_a_b02	24	24	0	2	23	17
Gameplay	mirrormasks/5-temple/bg_mirror_shard_group_a_b03	24	24	3	6	17	15
Gameplay	mirrormasks/5-temple/bg_mirror_shard_group_a_b04	24	24	5	0	16	19
Gameplay	mirrormasks/5-temple/bg_mirror_shard_group_a_b05	24	24	0	1	18	21
Gameplay	mirrormasks/5-temple/bg_mirror_shard_group_a_c00	24	24	0	4	21	19
Gameplay	mirrormasks/5-temple/bg_mirror_shard_group_a_c01	24	24	0	5	22	18
Gameplay	mirrormasks/5-temple/bg_mirror_shard_group_a_c02	24	24	3	9	20	14
Gameplay	mirrormasks/5-temple/bg_mirror_shard_group_a_c03	24	24	7	0	16	21
Gameplay	mirrormasks/5-temple/bg_mirror_shard_group_a_c04	24	24	0	1	12	16
Gameplay	mirrormasks/5-temple/bg_mirror_shard_group_b00	24	24	3	1	21	22
Gameplay	mirrormasks/5-temple/bg_mirror_shard_group_b01	24	24	9	6	14	17
Gameplay	mirrormasks/5-temple/bg_mirror_shard_group_b02	24	24	6	3	17	20
Gameplay	mirrormasks/5-temple/bg_mirror_shard_group_b03	24	24	9	4	10	15
Gameplay	mirrormasks/5-temple/bg_mirror_shard_group_c00	24	24	1	1	10	22
Gameplay	mirrormasks/5-temple/bg_mirror_shard_group_c01	24	24	0	6	15	14
Gameplay	mirrormasks/5-temple/bg_mirror_shard_group_c02	24	24	1	5	16	18
Gameplay	mirrormasks/5-temple/bg_mirror_shard_group_c03	24	24	2	15	19	8
Gameplay	mirrormasks/5-temple/bg_mirror_shard_group_d00	24	24	6	0	16	13
Gameplay	mirrormasks/5-temple/bg_mirror_shard_group_d01	24	24	6	4	17	13
Gameplay	mirrormasks/5-temple/bg_mirror_shard_group_d02	24	24	1	2	23	17
Gameplay	mirrormasks/5-temple/bg_mirror_shard_group_d03	24	24	11	0	13	15
Gameplay	mirrormasks/5-temple/bg_mirror_shard_group_e00	24	24	0	5	10	18
Gameplay	mirrormasks/5-temple/bg_mirror_shard_group_e01	24	24	1	3	12	15
Gameplay	mirrormasks/5-temple/bg_mirror_shard_group_e02	24	24	1	0	16	17
Gameplay	mirrormasks/5-temple/bg_mirror_shard_group_e03	24	24	0	2	15	14
Gameplay	mirrormasks/5-temple/bg_mirror_shard_h	16	16	1	3	15	10
Gameplay	mirrormasks/5-temple/bg_mirror_shard_i	16	16	1	3	12	12
Gameplay	mirrormasks/5-temple/bg_mirror_shard_j	16	16	3	3	11	10
Gameplay	mirrormasks/5-temple/bg_mirror_shard_k	16	16	6	1	5	14
Gameplay	mirrormasks/5-temple/statue_d00	56	48	22	14	12	12
Gameplay	mirrormasks/5-temple/statue_d01	56	48	26	18	4	4
Gameplay	mirrormasks/6-reflection/crystal_reflection00	80	96	10	18	41	49
Gameplay	mirrormasks/6-reflection/crystal_reflection01	80	96	18	56	8	12
Gameplay	mirrormasks/6-reflection/crystal_reflection02	80	96	21	42	39	47
Gameplay	mirrormasks/6-reflection/crystal_reflection03	80	96	24	84	6	8
Gameplay	mirrormasks/6-reflection/crystal_reflection04	80	96	16	82	6	13
Gameplay	mirrormasks/6-reflection/crystal_reflection05	80	96	4	74	14	22
Gameplay	mirrormasks/6-reflection/crystal_reflection06	80	96	44	64	15	18
Gameplay	mirrormasks/6-reflection/crystal_reflection07	80	96	28	77	31	19
Gameplay	mirrormasks/6-reflection/crystal_reflection08	80	96	35	82	23	14
Gameplay	mirrormasks/6-reflection/crystal_reflection09	80	96	39	86	19	10
Gameplay	mirrormasks/6-reflection/crystal_reflection10	80	96	63	77	5	5
Gameplay	mirrormasks/6-reflection/crystal_reflection11	80	96	59	68	4	5
Gameplay	mirrormasks/6-reflection/crystal_reflection12	80	96	50	57	13	13
Gameplay	mirrormasks/6-reflection/crystal_reflection13	80	96	50	55	13	8
Gameplay	mirrormasks/6-reflection/crystal_reflection14	80	96	60	54	10	8
Gameplay	mirrormasks/6-reflection/crystal_reflection15	80	96	49	29	11	15
Gameplay	objects/BumpBlock/Fire00	64	64	2	1	58	60
Gameplay	objects/BumpBlock/Fire01	64	64	2	1	60	61
Gameplay	objects/BumpBlock/Fire02	64	64	2	1	60	62
Gameplay	objects/BumpBlock/Fire03	64	64	0	0	64	64
Gameplay	objects/BumpBlock/Fire04	64	64	1	1	62	62
Gameplay	objects/BumpBlock/Fire05	64	64	0	0	64	64
Gameplay	objects/BumpBlock/Fire06	64	64	0	0	64	64
Gameplay	objects/BumpBlock/Fire07	64	64	0	0	64	64
Gameplay	objects/BumpBlock/Fire6	64	64	2	1	58	60
Gameplay	objects/BumpBlock/Ice00	64	64	0	0	64	64
Gameplay	objects/BumpBlock/Ice01	64	64	0	0	64	64
Gameplay	objects/BumpBlock/Ice02	64	64	0	0	64	64
Gameplay	objects/BumpBlock/Ice03	64	64	0	0	64	64
Gameplay	objects/BumpBlock/center00	32	32	11	12	10	8
Gameplay	objects/BumpBlock/center01	32	32	9	11	13	9
Gameplay	objects/BumpBlock/center02	32	32	9	11	13	9
Gameplay	objects/BumpBlock/center03	32	32	9	11	13	9
Gameplay	objects/BumpBlock/center04	32	32	13	14	6	4
Gameplay	objects/BumpBlock/center05	32	32	14	14	4	4
Gameplay	objects/BumpBlock/center06	32	32	13	13	6	6
Gameplay	objects/BumpBlock/center07	32	32	13	13	6	6
Gameplay	objects/BumpBlock/center08	32	32	10	7	11	14
Gameplay	objects/BumpBlock/center09	32	32	9	7	12	14
Gameplay	objects/BumpBlock/center10	32	32	9	7	13	16
Gameplay	objects/BumpBlock/center11	32	32	9	9	13	14
Gameplay	objects/BumpBlock/center12	32	32	10	8	12	15
Gameplay	objects/BumpBlock/center13	32	32	12	11	8	9
Gameplay	objects/BumpBlock/center14	32	32	10	9	12	14
Gameplay	objects/BumpBlock/center15	32	32	7	9	18	14
Gameplay	objects/BumpBlock/center16	32	32	6	13	20	6
Gameplay	objects/BumpBlock/center17	32	32	11	12	10	8
Gameplay	objects/BumpBlock/center18	32	32	11	12	10	9
Gameplay	objects/BumpBlock/center19	32	32	10	10	11	12
Gameplay	objects/BumpBlock/center20	32	32	10	9	11	15
Gameplay	objects/BumpBlock/center21	32	32	9	11	13	11
Gameplay	objects/BumpBlock/center22	32	32	9	12	13	9
Gameplay	objects/BumpBlock/center23	32	32	10	12	11	9
Gameplay	objects/BumpBlock/center24	32	32	12	12	7	9
Gameplay	objects/BumpBlock/center25	32	32	12	12	7	9
Gameplay	objects/BumpBlock/fire_bg	64	64	0	0	64	64
Gameplay	objects/BumpBlock/ice_bg	64	64	0	0	64	64
Gameplay	objects/BumpBlockNew/fire00	64	64	0	0	64	64
Gameplay	objects/BumpBlockNew/fire_center00	12	12	0	0	12	12
Gameplay	objects/BumpBlockNew/fire_center01	12	12	0	0	12	12
Gameplay	objects/BumpBlockNew/fire_center02	12	12	0	0	12	12
Gameplay	objects/BumpBlockNew/fire_center03	12	12	0	0	12	12
Gameplay	objects/BumpBlockNew/fire_center04	12	12	0	0	12	12
Gameplay	objects/BumpBlockNew/fire_center05	12	12	0	0	12	12
Gameplay	objects/BumpBlockNew/fire_center06	12	12	0	0	12	12
Gameplay	objects/BumpBlockNew/fire_rubble00	8	8	0	1	7	7
Gameplay	objects/BumpBlockNew/fire_rubble01	8	8	2	2	4	4
Gameplay	objects/BumpBlockNew/fire_rubble02	8	8	2	2	5	5
Gameplay	objects/BumpBlockNew/fire_rubble03	8	8	2	2	5	5
Gameplay	objects/BumpBlockNew/ice00	64	64	0	0	64	64
Gameplay	objects/BumpBlockNew/ice_center00	12	12	0	0	12	12
Gameplay	objects/BumpBlockNew/ice_center01	12	12	0	0	12	12
Gameplay	objects/BumpBlockNew/ice_center02	12	12	0	0	12	12
Gameplay	objects/BumpBlockNew/ice_center03	12	12	0	0	12	12
Gameplay	objects/BumpBlockNew/ice_center04	12	12	0	0	12	12
Gameplay	objects/BumpBlockNew/ice_center05	12	12	0	0	12	12
Gameplay	objects/BumpBlockNew/ice_center06	12	12	0	0	12	12
Gameplay	objects/BumpBlockNew/ice_center07	12	12	0	0	12	12
Gameplay	objects/BumpBlockNew/ice_center08	12	12	0	0	12	12
Gameplay	objects/BumpBlockNew/ice_center09	12	12	0	0	12	12
Gameplay	objects/BumpBlockNew/ice_center10	12	12	0	0	12	12
Gameplay	objects/BumpBlockNew/ice_center11	12	12	0	0	12	12
Gameplay	objects/BumpBlockNew/ice_rubble00	8	8	0	1	7	7
Gameplay	objects/BumpBlockNew/ice_rubble01	8	8	2	2	4	4
Gameplay	objects/BumpBlockNew/ice_rubble02	8	8	2	2	5	5
Gameplay	objects/BumpBlockNew/ice_rubble03	8	8	2	2	5	5
Gameplay	objects/Bumper/Evil00	64	64	19	20	26	25
Gameplay	objects/Bumper/Evil01	64	64	19	20	26	25
Gameplay	objects/Bumper/Evil02	64	64	19	20	26	25
Gameplay	objects/Bumper/Evil03	64	64	19	20	26	25
Gameplay	objects/Bumper/Evil04	64	64	19	20	26	25
Gameplay	objects/Bumper/Evil05	64	64	19	18	26	27
Gameplay	objects/Bumper/Evil06	64	64	19	17	26	28
Gameplay	objects/Bumper/Evil07	64	64	19	16	26	29
Gameplay	objects/Bumper/Evil08	64	64	19	15	26	30
Gameplay	objects/Bumper/Evil09	64	64	19	14	26	31
Gameplay	objects/Bumper/Evil10	64	64	19	14	26	31
Gameplay	objects/Bumper/Evil11	64	64	19	15	26	30
Gameplay	objects/Bumper/Evil12	64	64	19	14	26	31
Gameplay	objects/Bumper/Evil13	64	64	19	14	26	31
Gameplay	objects/Bumper/Evil14	64	64	19	17	26	28
Gameplay	objects/Bumper/Evil15	64	64	19	16	26	29
Gameplay	objects/Bumper/Evil16	64	64	19	15	26	30
Gameplay	objects/Bumper/Evil17	64	64	19	15	26	30
Gameplay	objects/Bumper/Evil18	64	64	19	19	26	26
Gameplay	objects/Bumper/Evil19	64	64	19	17	26	28
Gameplay	objects/Bumper/Evil20	64	64	19	16	26	29
Gameplay	objects/Bumper/Evil21	64	64	19	15	26	30
Gameplay	objects/Bumper/Evil22	64	64	19	15	26	30
Gameplay	objects/Bumper/Evil23	64	64	19	20	26	25
Gameplay	objects/Bumper/Evil24	64	64	19	20	26	25
Gameplay	objects/Bumper/Evil25	64	64	19	20	26	25
Gameplay	objects/Bumper/Evil26	64	64	19	20	26	25
Gameplay	objects/Bumper/Evil27	64	64	19	20	26	25
Gameplay	objects/Bumper/Evil28	64	64	19	20	26	25
Gameplay	objects/Bumper/Evil29	64	64	19	20	26	25
Gameplay	objects/Bumper/Evil30	64	64	19	20	26	25
Gameplay	objects/Bumper/Evil31	64	64	19	20	26	25
Gameplay	objects/Bumper/Evil32	64	64	8	10	47	43
Gameplay	objects/Bumper/Evil33	64	64	8	4	46	50
Gameplay	objects/Bumper/Evil34	64	64	6	6	51	50
Gameplay	objects/Bumper/Evil35	64	64	5	8	53	50
Gameplay	objects/Bumper/Evil36	64	64	5	8	54	51
Gameplay	objects/Bumper/Evil37	64	64	5	9	54	50
Gameplay	objects/Bumper/Evil38	64	64	19	18	26	28
Gameplay	objects/Bumper/Evil39	64	64	22	20	20	24
Gameplay	objects/Bumper/Evil40	64	64	21	22	22	20
Gameplay	objects/Bumper/Evil41	64	64	19	17	26	30
Gameplay	objects/Bumper/Evil42	64	64	19	19	26	26
Gameplay	objects/Bumper/Idle00	64	64	21	21	22	22
Gameplay	objects/Bumper/Idle01	64	64	21	21	22	22
Gameplay	objects/Bumper/Idle02	64	64	21	21	22	22
Gameplay	objects/Bumper/Idle03	64	64	21	21	22	22
Gameplay	objects/Bumper/Idle04	64	64	21	21	22	22
Gameplay	objects/Bumper/Idle05	64	64	21	21	22	22
Gameplay	objects/Bumper/Idle06	64	64	21	21	22	22
Gameplay	objects/Bumper/Idle07	64	64	20	20	24	24
Gameplay	objects/Bumper/Idle08	64	64	21	21	22	22
Gameplay	objects/Bumper/Idle09	64	64	20	21	24	23
Gameplay	objects/Bumper/Idle10	64	64	21	21	22	22
Gameplay	objects/Bumper/Idle11	64	64	21	21	22	22
Gameplay	objects/Bumper/Idle12	64	64	21	21	22	22
Gameplay	objects/Bumper/Idle13	64	64	21	21	22	22
Gameplay	objects/Bumper/Idle14	64	64	21	21	22	22
Gameplay	objects/Bumper/Idle15	64	64	21	21	22	22
Gameplay	objects/Bumper/Idle16	64	64	21	21	22	22
Gameplay	objects/Bumper/Idle17	64	64	21	21	22	22
Gameplay	objects/Bumper/Idle18	64	64	21	21	22	22
Gameplay	objects/Bumper/Idle19	64	64	21	21	22	22
Gameplay	objects/Bumper/Idle20	64	64	21	21	22	22
Gameplay	objects/Bumper/Idle21	64	64	21	21	22	22
Gameplay	objects/Bumper/Idle22	64	64	21	21	22	22
Gameplay	objects/Bumper/Idle23	64	64	21	21	22	22
Gameplay	objects/Bumper/Idle24	64	64	21	21	22	24
Gameplay	objects/Bumper/Idle25	64	64	21	21	22	22
Gameplay	objects/Bumper/Idle26	64	64	21	21	22	22
Gameplay	objects/Bumper/Idle27	64	64	16	21	27	22
Gameplay	objects/Bumper/Idle28	64	64	17	21	26	22
Gameplay	objects/Bumper/Idle29	64	64	21	21	22	22
Gameplay	objects/Bumper/Idle30	64	64	21	21	22	22
Gameplay	objects/Bumper/Idle31	64	64	21	21	22	22
Gameplay	objects/Bumper/Idle32	64	64	21	21	22	22
Gameplay	objects/Bumper/Idle33	64	64	21	21	22	22
Gameplay	objects/Bumper/Idle34	64	64	12	11	41	41
Gameplay	objects/Bumper/Idle35	64	64	8	4	46	50
Gameplay	objects/Bumper/Idle36	64	64	6	6	51	50
Gameplay	objects/Bumper/Idle37	64	64	5	8	53	50
Gameplay	objects/Bumper/Idle38	64	64	5	8	54	51
Gameplay	objects/Bumper/Idle39	64	64	5	9	54	50
Gameplay	objects/Bumper/Idle40	64	64	21	20	22	24
Gameplay	objects/Bumper/Idle41	64	64	23	22	18	20
Gameplay	objects/Bumper/Idle42	64	64	23	23	18	18
Gameplay	objects/Bumper/Idle43	64	64	21	20	22	24
Gameplay	objects/Bumper/Idle44	64	64	21	21	22	22
Gameplay	objects/Bumper/outline	64	64	20	20	24	24
Gameplay	objects/badelineboost/flash00	24	24	5	6	8	12
Gameplay	objects/badelineboost/flash01	24	24	5	6	11	10
Gameplay	objects/badelineboost/flash02	24	24	5	6	13	13
Gameplay	objects/badelineboost/flash03	24	24	5	6	14	13
Gameplay	objects/badelineboost/flash04	24	24	10	11	9	8
Gameplay	objects/badelineboost/flash05	24	24	15	15	3	3
Gameplay	objects/badelineboost/flash06	24	24	16	16	1	1
Gameplay	objects/badelineboost/idle00	24	24	4	5	16	15
Gameplay	objects/badelineboost/idle01	24	24	4	5	16	15
Gameplay	objects/badelineboost/idle02	24	24	4	5	16	15
Gameplay	objects/badelineboost/idle03	24	24	4	5	16	15
Gameplay	objects/badelineboost/idle04	24	24	4	5	16	15
Gameplay	objects/badelineboost/idle05	24	24	4	5	16	15
Gameplay	objects/badelineboost/idle06	24	24	4	5	16	15
Gameplay	objects/badelineboost/idle07	24	24	4	5	16	15
Gameplay	objects/badelineboost/idle08	24	24	4	5	16	15
Gameplay	objects/badelineboost/idle09	24	24	4	5	16	15
Gameplay	objects/badelineboost/idle10	24	24	4	5	16	15
Gameplay	objects/badelineboost/idle11	24	24	4	5	16	15
Gameplay	objects/badelineboost/idle12	24	24	2	9	20	7
Gameplay	objects/badelineboost/idle13	24	24	3	7	18	11
Gameplay	objects/badelineboost/idle14	24	24	4	5	16	15
Gameplay	objects/badelineboost/idle15	24	24	4	5	16	15
Gameplay	objects/badelineboost/idle16	24	24	4	5	16	15
Gameplay	objects/badelineboost/idle17	24	24	4	5	16	15
Gameplay	objects/badelineboost/idle18	24	24	4	5	16	15
Gameplay	objects/badelineboost/idle19	24	24	4	5	16	15
Gameplay	objects/badelineboost/idle20	24	24	4	5	16	15
Gameplay	objects/badelineboost/idle21	24	24	4	5	16	15
Gameplay	objects/badelineboost/idle22	24	24	4	5	16	15
Gameplay	objects/badelineboost/idle23	24	24	4	5	16	15
Gameplay	objects/badelineboost/idle24	24	24	4	5	16	15
Gameplay	objects/badelineboost/idle25	24	24	4	5	16	15
Gameplay	objects/badelineboost/stretch	24	24	6	6	12	12
Gameplay	objects/booster/booster00	32	32	7	7	18	18
Gameplay	objects/booster/booster01	32	32	7	7	18	18
Gameplay	objects/booster/booster02	32	32	6	8	20	16
Gameplay	objects/booster/booster03	32	32	6	8	20	16
Gameplay	objects/booster/booster04	32	32	7	7	18	18
Gameplay	objects/booster/booster05	32	32	6	4	20	22
Gameplay	objects/booster/booster06	32	32	5	5	22	21
Gameplay	objects/booster/booster07	32	32	4	5	24	21
Gameplay	objects/booster/booster08	32	32	5	4	22	22
Gameplay	objects/booster/booster09	32	32	7	2	18	26
Gameplay	objects/booster/booster10	32	32	5	1	21	28
Gameplay	objects/booster/booster11	32	32	5	4	22	24
Gameplay	objects/booster/booster12	32	32	4	4	23	23
Gameplay	objects/booster/booster13	32	32	4	4	24	24
Gameplay	objects/booster/booster14	32	32	4	4	25	24
Gameplay	objects/booster/booster15	32	32	3	4	25	24
Gameplay	objects/booster/booster16	32	32	3	4	24	23
Gameplay	objects/booster/booster17	32	32	0	0	32	32
Gameplay	objects/booster/booster18	32	32	6	4	20	22
Gameplay	objects/booster/booster19	32	32	5	5	22	21
Gameplay	objects/booster/booster20	32	32	4	5	24	21
Gameplay	objects/booster/booster21	32	32	5	4	22	22
Gameplay	objects/booster/booster22	32	32	6	4	20	22
Gameplay	objects/booster/booster23	32	32	5	5	22	21
Gameplay	objects/booster/booster24	32	32	4	5	24	21
Gameplay	objects/booster/booster25	32	32	5	4	22	22
Gameplay	objects/booster/boosterRed00	32	32	7	7	18	18
Gameplay	objects/booster/boosterRed01	32	32	7	7	18	18
Gameplay	objects/booster/boosterRed02	32	32	6	8	20	16
Gameplay	objects/booster/boosterRed03	32	32	6	8	20	16
Gameplay	objects/booster/boosterRed04	32	32	7	7	18	18
Gameplay	objects/booster/boosterRed05	32	32	6	4	20	22
Gameplay	objects/booster/boosterRed06	32	32	5	5	22	21
Gameplay	objects/booster/boosterRed07	32	32	4	5	24	21
Gameplay	objects/booster/boosterRed08	32	32	5	4	22	22
Gameplay	objects/booster/boosterRed09	32	32	7	2	18	26
Gameplay	objects/booster/boosterRed10	32	32	5	1	21	28
Gameplay	objects/booster/boosterRed11	32	32	5	4	22	24
Gameplay	objects/booster/boosterRed12	32	32	4	4	23	23
Gameplay	objects/booster/boosterRed13	32	32	4	4	24	24
Gameplay	objects/booster/boosterRed14	32	32	4	4	25	24
Gameplay	objects/booster/boosterRed15	32	32	3	4	25	24
Gameplay	objects/booster/boosterRed16	32	32	3	4	24	23
Gameplay	objects/booster/boosterRed17	32	32	0	0	32	32
Gameplay	objects/booster/boosterRed18	32	32	6	4	20	22
Gameplay	objects/booster/boosterRed19	32	32	5	5	22	21
Gameplay	objects/booster/boosterRed20	32	32	4	5	24	21
Gameplay	objects/booster/boosterRed21	32	32	5	4	22	22
Gameplay	objects/booster/boosterRed22	32	32	6	4	20	22
Gameplay	objects/booster/boosterRed23	32	32	5	5	22	21
Gameplay	objects/booster/boosterRed24	32	32	4	5	24	21
Gameplay	objects/booster/boosterRed25	32	32	5	4	22	22
Gameplay	objects/booster/boosterRed26	32	32	9	11	3	10
Gameplay	objects/booster/boosterRed27	32	32	9	8	6	16
Gameplay	objects/booster/boosterRed28	32	32	8	7	14	18
Gameplay	objects/booster/boosterRed29	32	32	7	6	18	20
Gameplay	objects/booster/boosterRed30	32	32	7	7	18	18
Gameplay	objects/booster/boosterRed31	32	32	7	7	18	18
Gameplay	objects/booster/boosterRed32	32	32	7	7	18	18
Gameplay	objects/booster/boosterRed33	32	32	7	7	18	18
Gameplay	objects/booster/boosterRed34	32	32	7	7	18	18
Gameplay	objects/booster/outline	32	32	7	7	18	18
Gameplay	objects/breakerBox/Break00	64	64	5	7	53	51
Gameplay	objects/breakerBox/Break01	64	64	4	5	56	54
Gameplay	objects/breakerBox/Break02	64	64	3	4	57	54
Gameplay	objects/breakerBox/Break03	64	64	3	3	57	55
Gameplay	objects/breakerBox/Break04	64	64	2	2	59	55
Gameplay	objects/breakerBox/Break05	64	64	2	2	59	54
Gameplay	objects/breakerBox/Break06	64	64	3	2	58	50
Gameplay	objects/breakerBox/Break07	64	64	3	2	57	48
Gameplay	objects/breakerBox/Break08	64	64	5	2	55	47
Gameplay	objects/breakerBox/Break09	64	64	6	2	53	46
Gameplay	objects/breakerBox/Break10	64	64	7	2	49	45
Gameplay	objects/breakerBox/Break11	64	64	7	2	49	44
Gameplay	objects/breakerBox/Break12	64	64	8	2	47	44
Gameplay	objects/breakerBox/Break13	64	64	9	3	47	42
Gameplay	objects/breakerBox/Break14	64	64	10	17	46	28
Gameplay	objects/breakerBox/Break15	64	64	11	21	45	23
Gameplay	objects/breakerBox/Break16	64	64	11	21	1	1
Gameplay	objects/breakerBox/Idle00	64	64	15	15	34	34
Gameplay	objects/breakerBox/Open00	64	64	15	16	34	34
Gameplay	objects/breakerBox/Open01	64	64	15	14	34	34
Gameplay	objects/breakerBox/Open02	64	64	15	15	34	34
Gameplay	objects/breakerBox/Open03	64	64	15	15	34	34
Gameplay	objects/breakerBox/Open04	64	64	15	15	34	34
Gameplay	objects/breakerBox/Open05	64	64	15	15	34	34
Gameplay	objects/breakerBox/Open06	64	64	15	15	34	34
Gameplay	objects/breakerBox/Opened00	64	64	15	15	34	34
Gameplay	objects/breakerBox/Opened01	64	64	15	15	34	34
Gameplay	objects/breakerBox/Opened02	64	64	15	15	34	34
Gameplay	objects/breakerBox/Opened03	64	64	15	15	34	34
Gameplay	objects/breakerBox/Opened04	64	64	15	15	34	34
Gameplay	objects/breakerBox/Opened05	64	64	15	15	34	34
Gameplay	objects/breakerBox/Opened06	64	64	15	15	34	34
Gameplay	objects/breakerBox/Opened07	64	64	15	15	34	34
Gameplay	objects/breakerBox/Opened08	64	64	15	15	34	34
Gameplay	objects/breakerBox/Opened09	64	64	15	15	34	34
Gameplay	objects/breakerBox/Opened10	64	64	15	15	34	34
Gameplay	objects/breakerBox/Opened11	64	64	15	15	34	34
Gameplay	objects/breakerBox/Opened12	64	64	15	15	34	34
Gameplay	objects/breakerBox/Opened13	64	64	15	15	34	34
Gameplay	objects/breakerBox/Opened14	64	64	15	15	34	34
Gameplay	objects/breakerBox/Opened15	64	64	15	15	34	34
Gameplay	objects/campfire/dream00	64	64	20	42	26	22
Gameplay	objects/campfire/dream01	64	64	20	42	26	22
Gameplay	objects/campfire/dream02	64	64	20	42	26	22
Gameplay	objects/campfire/dream03	64	64	20	41	26	23
Gameplay	objects/campfire/dream04	64	64	20	41	26	23
Gameplay	objects/campfire/dream05	64	64	20	41	26	23
Gameplay	objects/campfire/dream06	64	64	20	41	26	23
Gameplay	objects/campfire/dream07	64	64	20	40	26	24
Gameplay	objects/campfire/dream08	64	64	20	40	26	24
Gameplay	objects/campfire/fire00	64	64	20	58	26	6
Gameplay	objects/campfire/fire01	64	64	20	48	26	16
Gameplay	objects/campfire/fire02	64	64	20	47	26	17
Gameplay	objects/campfire/fire03	64	64	20	49	26	15
Gameplay	objects/campfire/fire04	64	64	20	48	27	16
Gameplay	objects/campfire/fire05	64	64	20	48	27	16
Gameplay	objects/campfire/fire06	64	64	20	47	26	17
Gameplay	objects/campfire/fire07	64	64	20	42	26	22
Gameplay	objects/campfire/fire08	64	64	20	42	26	22
Gameplay	objects/campfire/fire09	64	64	20	42	26	22
Gameplay	objects/campfire/fire10	64	64	20	41	26	23
Gameplay	objects/campfire/fire11	64	64	20	41	26	23
Gameplay	objects/campfire/fire12	64	64	20	41	26	23
Gameplay	objects/campfire/fire13	64	64	20	41	26	23
Gameplay	objects/campfire/fire14	64	64	20	40	26	24
Gameplay	objects/campfire/fire15	64	64	20	40	26	24
Gameplay	objects/campfire/smoking00	64	64	20	28	26	36
Gameplay	objects/campfire/smoking01	64	64	20	27	26	37
Gameplay	objects/campfire/smoking02	64	64	20	27	26	37
Gameplay	objects/campfire/smoking03	64	64	20	32	26	32
Gameplay	objects/campfire/smoking04	64	64	20	31	26	33
Gameplay	objects/campfire/smoking05	64	64	20	30	26	34
Gameplay	objects/campfire/smoking06	64	64	20	30	26	34
Gameplay	objects/campfire/smoking07	64	64	20	29	26	35
Gameplay	objects/cassetteblock/pressed00	32	32	0	0	32	32
Gameplay	objects/cassetteblock/pressed01	32	32	0	0	32	32
Gameplay	objects/cassetteblock/pressed02	32	32	0	0	32	32
Gameplay	objects/cassetteblock/pressed03	32	32	0	0	32	32
Gameplay	objects/cassetteblock/solid	32	32	0	0	32	32
Gameplay	objects/checkpoint/bg/1	24	24	0	0	24	24
Gameplay	objects/checkpoint/bg/10	24	24	0	0	24	24
Gameplay	objects/checkpoint/bg/2	24	24	0	0	24	24
Gameplay	objects/checkpoint/bg/3	24	24	0	0	24	24
Gameplay	objects/checkpoint/bg/4	24	24	0	0	24	24
Gameplay	objects/checkpoint/bg/5	24	24	0	0	24	24
Gameplay	objects/checkpoint/bg/5b	24	24	0	0	24	24
Gameplay	objects/checkpoint/bg/6	24	24	2	0	20	24
Gameplay	objects/checkpoint/bg/7	24	24	0	0	24	24
Gameplay	objects/checkpoint/bg/9	24	24	0	0	24	24
Gameplay	objects/checkpoint/flash00	24	24	3	16	4	3
Gameplay	objects/checkpoint/flash01	24	24	3	13	8	9
Gameplay	objects/checkpoint/flash02	24	24	3	5	16	17
Gameplay	objects/checkpoint/flash03	24	24	3	1	18	21
Gameplay	objects/checkpoint/flash04	24	24	3	1	18	21
Gameplay	objects/checkpoint/flash05	24	24	5	1	16	21
Gameplay	objects/checkpoint/flash06	24	24	8	1	13	18
Gameplay	objects/checkpoint/flash07	24	24	0	0	24	24
Gameplay	objects/checkpoint/highlight00	24	24	0	0	24	24
Gameplay	objects/checkpoint/highlight01	24	24	11	18	2	1
Gameplay	objects/checkpoint/highlight02	24	24	11	17	2	3
Gameplay	objects/checkpoint/highlight03	24	24	11	17	2	3
Gameplay	objects/checkpoint/highlight04	24	24	11	15	2	7
Gameplay	objects/checkpoint/highlight05	24	24	10	15	4	7
Gameplay	objects/checkpoint/highlight06	24	24	8	15	8	7
Gameplay	objects/checkpoint/highlight07	24	24	3	13	18	9
Gameplay	objects/checkpoint/highlight08	24	24	3	3	18	19
Gameplay	objects/checkpoint/highlight09	24	24	3	1	18	21
Gameplay	objects/citysatellite/computer	48	32	6	0	40	32
Gameplay	objects/citysatellite/computerScreenNoise00	48	32	20	9	9	8
Gameplay	objects/citysatellite/computerScreenNoise01	48	32	20	9	9	8
Gameplay	objects/citysatellite/computerScreenNoise02	48	32	20	9	9	8
Gameplay	objects/citysatellite/computerscreen	48	32	20	9	9	8
Gameplay	objects/citysatellite/computerscreenShine	48	32	20	9	5	3
Gameplay	objects/citysatellite/dish	64	64	9	7	47	57
Gameplay	objects/citysatellite/light	64	64	16	16	8	8
Gameplay	objects/clouds/cloud00	48	20	6	4	35	15
Gameplay	objects/clouds/cloudRemix00	48	20	11	4	24	15
Gameplay	objects/clouds/fragile00	48	20	7	4	35	14
Gameplay	objects/clouds/fragile01	48	20	5	1	40	18
Gameplay	objects/clouds/fragile02	48	20	5	1	40	18
Gameplay	objects/clouds/fragile03	48	20	5	1	41	19
Gameplay	objects/clouds/fragile04	48	20	5	1	41	19
Gameplay	objects/clouds/fragile05	48	20	0	0	48	20
Gameplay	objects/clouds/fragile06	48	20	21	11	8	3
Gameplay	objects/clouds/fragile07	48	20	3	9	44	7
Gameplay	objects/clouds/fragile08	48	20	6	1	35	19
Gameplay	objects/clouds/fragile09	48	20	4	2	39	17
Gameplay	objects/clouds/fragile10	48	20	4	1	40	18
Gameplay	objects/clouds/fragile11	48	20	7	4	37	15
Gameplay	objects/clouds/fragile12	48	20	7	4	35	14
Gameplay	objects/clouds/fragileRemix00	48	20	11	6	24	12
Gameplay	objects/clouds/fragileRemix01	48	20	9	5	25	14
Gameplay	objects/clouds/fragileRemix02	48	20	8	4	27	15
Gameplay	objects/clouds/fragileRemix03	48	20	7	3	28	17
Gameplay	objects/clouds/fragileRemix04	48	20	11	3	22	17
Gameplay	objects/clouds/fragileRemix05	48	20	0	0	48	20
Gameplay	objects/clouds/fragileRemix06	48	20	21	11	8	3
Gameplay	objects/clouds/fragileRemix07	48	20	9	10	30	6
Gameplay	objects/clouds/fragileRemix08	48	20	12	4	26	15
Gameplay	objects/clouds/fragileRemix09	48	20	9	4	30	15
Gameplay	objects/clouds/fragileRemix10	48	20	10	2	30	17
Gameplay	objects/clouds/fragileRemix11	48	20	10	2	29	16
Gameplay	objects/clouds/fragileRemix12	48	20	11	6	24	12
Gameplay	objects/coreFlipSwitch/o1	32	32	8	11	16	20
Gameplay	objects/coreFlipSwitch/o10	32	32	5	3	22	21
Gameplay	objects/coreFlipSwitch/o11	32	32	9	1	14	23
Gameplay	objects/coreFlipSwitch/o12	32	32	8	1	16	23
Gameplay	objects/coreFlipSwitch/o13	32	32	8	1	16	23
Gameplay	objects/coreFlipSwitch/o14	32	32	8	1	16	23
Gameplay	objects/coreFlipSwitch/o15	32	32	8	1	16	23
Gameplay	objects/coreFlipSwitch/o16	32	32	8	11	16	20
Gameplay	objects/coreFlipSwitch/o17	32	32	8	11	16	20
Gameplay	objects/coreFlipSwitch/o2	32	32	8	11	16	20
Gameplay	objects/coreFlipSwitch/o3	32	32	8	11	16	20
Gameplay	objects/coreFlipSwitch/o4	32	32	8	11	16	20
Gameplay	objects/coreFlipSwitch/o5	32	32	5	11	22	18
Gameplay	objects/coreFlipSwitch/o6	32	32	5	11	22	13
Gameplay	objects/coreFlipSwitch/o7	32	32	5	11	22	12
Gameplay	objects/coreFlipSwitch/o8	32	32	5	11	22	12
Gameplay	objects/coreFlipSwitch/o9	32	32	5	8	22	16
Gameplay	objects/coreFlipSwitch/switch00	32	32	8	11	16	20
Gameplay	objects/coreFlipSwitch/switch01	32	32	8	11	16	20
Gameplay	objects/coreFlipSwitch/switch02	32	32	8	11	16	20
Gameplay	objects/coreFlipSwitch/switch03	32	32	8	11	16	20
Gameplay	objects/coreFlipSwitch/switch04	32	32	5	11	22	18
Gameplay	objects/coreFlipSwitch/switch05	32	32	5	11	22	13
Gameplay	objects/coreFlipSwitch/switch06	32	32	5	11	22	12
Gameplay	objects/coreFlipSwitch/switch07	32	32	5	11	22	12
Gameplay	objects/coreFlipSwitch/switch08	32	32	5	8	22	16
Gameplay	objects/coreFlipSwitch/switch09	32	32	5	3	22	21
Gameplay	objects/coreFlipSwitch/switch10	32	32	9	1	14	23
Gameplay	objects/coreFlipSwitch/switch11	32	32	8	1	16	23
Gameplay	objects/coreFlipSwitch/switch12	32	32	8	1	16	23
Gameplay	objects/coreFlipSwitch/switch13	32	32	8	1	16	23
Gameplay	objects/coreFlipSwitch/switch14	32	32	8	1	16	23
Gameplay	objects/coreFlipSwitch/switch15	32	32	8	11	16	20
Gameplay	objects/coreFlipSwitch/switch16	32	32	8	11	16	20
Gameplay	objects/crumbleBlock/cliffside	32	8	0	0	32	8
Gameplay	objects/crumbleBlock/default	32	8	0	0	32	8
Gameplay	objects/crumbleBlock/outline	32	8	0	0	32	6
Gameplay	objects/crushblock/block00	32	32	0	0	32	32
Gameplay	objects/crushblock/block01	32	32	0	0	32	32
Gameplay	objects/crushblock/block02	32	32	0	0	32	32
Gameplay	objects/crushblock/block03	32	32	0	0	32	32
Gameplay	objects/crushblock/giant_block00	64	64	14	14	36	36
Gameplay	objects/crushblock/giant_block01	64	64	14	14	36	36
Gameplay	objects/crushblock/giant_block02	64	64	14	14	36	36
Gameplay	objects/crushblock/giant_block03	64	64	14	14	36	36
Gameplay	objects/crushblock/giant_block04	64	64	14	14	36	36
Gameplay	objects/crushblock/giant_block05	64	64	14	14	36	36
Gameplay	objects/crushblock/giant_block06	64	64	14	14	36	36
Gameplay	objects/crushblock/giant_block07	64	64	14	14	36	36
Gameplay	objects/crushblock/giant_block08	64	64	14	14	36	36
Gameplay	objects/crushblock/giant_block09	64	64	14	14	36	36
Gameplay	objects/crushblock/giant_block10	64	64	14	14	36	36
Gameplay	objects/crushblock/giant_block11	64	64	14	14	36	36
Gameplay	objects/crushblock/giant_block12	64	64	14	14	36	36
Gameplay	objects/crushblock/hit00	32	32	7	7	18	18
Gameplay	objects/crushblock/hit01	32	32	7	7	18	18
Gameplay	objects/crushblock/hit02	32	32	7	7	18	18
Gameplay	objects/crushblock/hit_down00	32	32	7	7	18	18
Gameplay	objects/crushblock/hit_down01	32	32	7	7	18	18
Gameplay	objects/crushblock/hit_left00	32	32	7	7	18	18
Gameplay	objects/crushblock/hit_left01	32	32	7	7	18	18
Gameplay	objects/crushblock/hit_right00	32	32	7	7	18	18
Gameplay	objects/crushblock/hit_right01	32	32	7	7	18	18
Gameplay	objects/crushblock/hit_up00	32	32	7	7	18	18
Gameplay	objects/crushblock/hit_up01	32	32	7	7	18	18
Gameplay	objects/crushblock/hurt00	32	32	7	7	18	18
Gameplay	objects/crushblock/hurt01	32	32	7	7	18	18
Gameplay	objects/crushblock/hurt02	32	32	7	7	18	18
Gameplay	objects/crushblock/hurt03	32	32	7	7	18	18
Gameplay	objects/crushblock/hurt04	32	32	7	7	18	18
Gameplay	objects/crushblock/hurt05	32	32	7	7	18	18
Gameplay	objects/crushblock/hurt06	32	32	7	8	17	16
Gameplay	objects/crushblock/hurt07	32	32	7	7	18	19
Gameplay	objects/crushblock/hurt08	32	32	7	7	18	19
Gameplay	objects/crushblock/hurt09	32	32	7	8	18	18
Gameplay	objects/crushblock/hurt10	32	32	7	9	18	17
Gameplay	objects/crushblock/hurt11	32	32	8	9	16	14
Gameplay	objects/crushblock/hurt12	32	32	8	10	16	15
Gameplay	objects/crushblock/idle_face	32	32	7	7	18	18
Gameplay	objects/crushblock/lit_bottom	32	8	4	1	24	7
Gameplay	objects/crushblock/lit_left	8	32	0	4	7	24
Gameplay	objects/crushblock/lit_right	8	32	1	4	7	24
Gameplay	objects/crushblock/lit_top	32	8	4	0	24	7
Gameplay	objects/divingBoard	47	3	0	0	47	3
Gameplay	objects/divingBoardBase	64	32	1	15	30	17
Gameplay	objects/door/TempleDoor00	24	48	5	0	15	48
Gameplay	objects/door/TempleDoor01	24	48	3	0	18	48
Gameplay	objects/door/TempleDoor02	24	48	3	0	18	48
Gameplay	objects/door/TempleDoor03	24	48	3	0	18	48
Gameplay	objects/door/TempleDoor04	24	48	3	0	18	48
Gameplay	objects/door/TempleDoor05	24	48	5	0	15	48
Gameplay	objects/door/TempleDoor06	24	48	5	0	15	48
Gameplay	objects/door/TempleDoor07	24	48	5	0	15	48
Gameplay	objects/door/TempleDoor08	24	48	5	0	15	48
Gameplay	objects/door/TempleDoor09	24	48	5	0	15	48
Gameplay	objects/door/TempleDoor10	24	48	5	0	15	48
Gameplay	objects/door/TempleDoor11	24	48	5	0	15	48
Gameplay	objects/door/TempleDoor12	24	48	5	0	15	48
Gameplay	objects/door/TempleDoor13	24	48	5	0	15	48
Gameplay	objects/door/TempleDoor14	24	48	5	0	15	48
Gameplay	objects/door/TempleDoorB00	24	48	5	0	15	48
Gameplay	objects/door/TempleDoorB01	24	48	3	0	18	48
Gameplay	objects/door/TempleDoorB02	24	48	3	0	18	48
Gameplay	objects/door/TempleDoorB03	24	48	3	0	18	48
Gameplay	objects/door/TempleDoorB04	24	48	3	0	18	48
Gameplay	objects/door/TempleDoorB05	24	48	5	0	15	48
Gameplay	objects/door/TempleDoorB06	24	48	5	0	15	48
Gameplay	objects/door/TempleDoorB07	24	48	5	0	15	48
Gameplay	objects/door/TempleDoorB08	24	48	5	0	15	48
Gameplay	objects/door/TempleDoorB09	24	48	5	0	15	48
Gameplay	objects/door/TempleDoorB10	24	48	5	0	15	48
Gameplay	objects/door/TempleDoorB11	24	48	5	0	15	48
Gameplay	objects/door/TempleDoorB12	24	48	5	0	15	48
Gameplay	objects/door/TempleDoorB13	24	48	5	0	15	48
Gameplay	objects/door/TempleDoorB14	24	48	5	0	15	48
Gameplay	objects/door/TempleDoorC00	24	48	5	0	15	48
Gameplay	objects/door/TempleDoorC01	24	48	3	0	18	48
Gameplay	objects/door/TempleDoorC02	24	48	3	0	18	48
Gameplay	objects/door/TempleDoorC03	24	48	3	0	18	48
Gameplay	objects/door/TempleDoorC04	24	48	3	0	18	48
Gameplay	objects/door/TempleDoorC05	24	48	5	0	15	48
Gameplay	objects/door/TempleDoorC06	24	48	5	0	15	48
Gameplay	objects/door/TempleDoorC07	24	48	5	0	15	48
Gameplay	objects/door/TempleDoorC08	24	48	5	0	15	48
Gameplay	objects/door/TempleDoorC09	24	48	5	0	15	48
Gameplay	objects/door/TempleDoorC10	24	48	5	0	15	48
Gameplay	objects/door/TempleDoorC11	24	48	5	0	15	48
Gameplay	objects/door/TempleDoorC12	24	48	5	0	15	48
Gameplay	objects/door/TempleDoorC13	24	48	5	0	15	48
Gameplay	objects/door/TempleDoorC14	24	48	5	0	15	48
Gameplay	objects/door/door00	32	24	14	0	4	24
Gameplay	objects/door/door01	32	24	1	0	16	24
Gameplay	objects/door/door02	32	24	2	0	15	24
Gameplay	objects/door/door03	32	24	5	0	12	24
Gameplay	objects/door/door04	32	24	10	0	7	24
Gameplay	objects/door/ghost_door00	64	64	13	14	39	37
Gameplay	objects/door/ghost_door01	64	64	13	14	40	37
Gameplay	objects/door/ghost_door02	64	64	13	13	40	38
Gameplay	objects/door/ghost_door03	64	64	13	13	40	38
Gameplay	objects/door/ghost_door04	64	64	13	12	41	39
Gameplay	objects/door/ghost_door05	64	64	13	12	41	39
Gameplay	objects/door/ghost_door06	64	64	13	12	41	39
Gameplay	objects/door/ghost_door07	64	64	12	12	42	39
Gameplay	objects/door/ghost_door08	64	64	11	14	39	37
Gameplay	objects/door/ghost_door09	64	64	12	13	39	38
Gameplay	objects/door/ghost_door10	64	64	11	12	40	39
Gameplay	objects/door/ghost_door11	64	64	12	11	39	40
Gameplay	objects/door/ghost_door12	64	64	11	11	39	40
Gameplay	objects/door/ghost_door13	64	64	11	11	39	40
Gameplay	objects/door/ghost_door14	64	64	12	11	39	40
Gameplay	objects/door/ghost_door15	64	64	12	10	39	41
Gameplay	objects/door/ghost_door16	64	64	12	10	39	41
Gameplay	objects/door/ghost_door17	64	64	12	10	39	41
Gameplay	objects/door/ghost_door18	64	64	12	10	40	41
Gameplay	objects/door/ghost_door19	64	64	13	14	38	37
Gameplay	objects/door/ghost_door20	64	64	11	12	44	41
Gameplay	objects/door/ghost_door21	64	64	7	8	51	47
Gameplay	objects/door/ghost_door22	64	64	5	6	54	49
Gameplay	objects/door/ghost_door23	64	64	4	6	56	49
Gameplay	objects/door/ghost_door24	64	64	3	6	57	49
Gameplay	objects/door/ghost_door25	64	64	3	6	57	48
Gameplay	objects/door/ghost_door26	64	64	3	6	57	47
Gameplay	objects/door/ghost_door27	64	64	4	11	56	38
Gameplay	objects/door/ghost_door28	64	64	4	11	56	37
Gameplay	objects/door/lockdoor00	96	64	32	16	32	32
Gameplay	objects/door/lockdoor01	96	64	33	16	30	32
Gameplay	objects/door/lockdoor02	96	64	32	16	32	32
Gameplay	objects/door/lockdoor03	96	64	33	16	30	32
Gameplay	objects/door/lockdoor04	96	64	28	16	40	32
Gameplay	objects/door/lockdoor05	96	64	26	16	44	32
Gameplay	objects/door/lockdoor06	96	64	25	16	46	32
Gameplay	objects/door/lockdoor07	96	64	25	16	46	32
Gameplay	objects/door/lockdoor08	96	64	21	15	54	25
Gameplay	objects/door/lockdoor09	96	64	13	15	70	27
Gameplay	objects/door/lockdoor10	96	64	13	16	70	24
Gameplay	objects/door/lockdoor11	96	64	14	10	70	39
Gameplay	objects/door/lockdoor12	96	64	14	4	69	48
Gameplay	objects/door/lockdoor13	96	64	14	4	68	49
Gameplay	objects/door/lockdoor14	96	64	13	7	69	41
Gameplay	objects/door/lockdoor15	96	64	13	6	68	43
Gameplay	objects/door/lockdoor16	96	64	13	6	63	44
Gameplay	objects/door/lockdoor17	96	64	13	6	59	44
Gameplay	objects/door/lockdoor18	96	64	0	0	96	64
Gameplay	objects/door/lockdoorTempleA00	96	64	32	16	32	32
Gameplay	objects/door/lockdoorTempleA01	96	64	32	14	32	36
Gameplay	objects/door/lockdoorTempleA02	96	64	32	15	32	34
Gameplay	objects/door/lockdoorTempleA03	96	64	32	15	32	34
Gameplay	objects/door/lockdoorTempleA04	96	64	25	16	47	32
Gameplay	objects/door/lockdoorTempleA05	96	64	24	16	49	32
Gameplay	objects/door/lockdoorTempleA06	96	64	25	16	47	32
Gameplay	objects/door/lockdoorTempleA07	96	64	25	16	47	32
Gameplay	objects/door/lockdoorTempleA08	96	64	20	15	56	33
Gameplay	objects/door/lockdoorTempleA09	96	64	13	15	70	27
Gameplay	objects/door/lockdoorTempleA10	96	64	13	16	70	24
Gameplay	objects/door/lockdoorTempleA11	96	64	14	10	70	39
Gameplay	objects/door/lockdoorTempleA12	96	64	14	4	69	48
Gameplay	objects/door/lockdoorTempleA13	96	64	14	4	68	49
Gameplay	objects/door/lockdoorTempleA14	96	64	13	7	69	41
Gameplay	objects/door/lockdoorTempleA15	96	64	13	6	68	43
Gameplay	objects/door/lockdoorTempleA16	96	64	13	6	63	44
Gameplay	objects/door/lockdoorTempleA17	96	64	13	6	59	44
Gameplay	objects/door/lockdoorTempleA18	96	64	0	0	96	64
Gameplay	objects/door/lockdoorTempleB00	96	64	32	16	32	32
Gameplay	objects/door/lockdoorTempleB01	96	64	32	15	32	33
Gameplay	objects/door/lockdoorTempleB02	96	64	32	16	32	32
Gameplay	objects/door/lockdoorTempleB03	96	64	32	16	32	32
Gameplay	objects/door/lockdoorTempleB04	96	64	24	16	50	32
Gameplay	objects/door/lockdoorTempleB05	96	64	26	16	47	32
Gameplay	objects/door/lockdoorTempleB06	96	64	25	16	48	32
Gameplay	objects/door/lockdoorTempleB07	96	64	24	16	50	32
Gameplay	objects/door/lockdoorTempleB08	96	64	19	15	58	28
Gameplay	objects/door/lockdoorTempleB09	96	64	13	15	70	27
Gameplay	objects/door/lockdoorTempleB10	96	64	13	16	70	24
Gameplay	objects/door/lockdoorTempleB11	96	64	14	10	70	39
Gameplay	objects/door/lockdoorTempleB12	96	64	14	4	69	48
Gameplay	objects/door/lockdoorTempleB13	96	64	14	4	68	49
Gameplay	objects/door/lockdoorTempleB14	96	64	13	7	69	41
Gameplay	objects/door/lockdoorTempleB15	96	64	13	6	68	43
Gameplay	objects/door/lockdoorTempleB16	96	64	13	6	63	44
Gameplay	objects/door/lockdoorTempleB17	96	64	13	6	59	44
Gameplay	objects/door/lockdoorTempleB18	96	64	0	0	96	64
Gameplay	objects/door/metaldoor00	32	24	14	0	4	24
Gameplay	objects/door/metaldoor01	32	24	1	0	16	24
Gameplay	objects/door/metaldoor02	32	24	2	0	15	24
Gameplay	objects/door/metaldoor03	32	24	5	0	12	24
Gameplay	objects/door/metaldoor04	32	24	10	0	7	24
Gameplay	objects/door/moonDoor00	96	64	0	0	96	64
Gameplay	objects/door/moonDoor01	96	64	43	29	10	7
Gameplay	objects/door/moonDoor02	96	64	39	25	18	14
Gameplay	objects/door/moonDoor03	96	64	32	19	31	26
Gameplay	objects/door/moonDoor04	96	64	22	22	53	18
Gameplay	objects/door/moonDoor05	96	64	28	17	42	31
Gameplay	objects/door/moonDoor06	96	64	31	9	34	43
Gameplay	objects/door/moonDoor07	96	64	31	9	35	46
Gameplay	objects/door/moonDoor08	96	64	31	8	35	47
Gameplay	objects/door/moonDoor09	96	64	31	8	35	45
Gameplay	objects/door/moonDoor10	96	64	31	8	34	44
Gameplay	objects/door/moonDoor11	96	64	31	15	34	34
Gameplay	objects/door/moonDoor12	96	64	31	15	34	34
Gameplay	objects/door/moonDoor13	96	64	31	15	34	34
Gameplay	objects/door/moonDoor14	96	64	31	15	34	34
Gameplay	objects/door/moonDoor15	96	64	31	15	34	34
Gameplay	objects/door/moonDoor16	96	64	31	15	34	34
Gameplay	objects/door/moonDoor17	96	64	31	15	34	34
Gameplay	objects/door/moonDoor18	96	64	31	15	34	34
Gameplay	objects/door/moonDoor19	96	64	31	15	34	34
Gameplay	objects/door/moonDoor20	96	64	31	15	34	34
Gameplay	objects/door/moonDoor21	96	64	31	15	34	34
Gameplay	objects/door/moonDoor22	96	64	31	15	34	34
Gameplay	objects/door/moonDoor23	96	64	31	15	34	34
Gameplay	objects/door/moonDoor24	96	64	31	15	34	34
Gameplay	objects/door/moonDoor25	96	64	31	15	34	34
Gameplay	objects/door/moonDoor26	96	64	32	15	32	34
Gameplay	objects/door/moonDoor27	96	64	28	15	40	34
Gameplay	objects/door/moonDoor28	96	64	26	15	44	34
Gameplay	objects/door/moonDoor29	96	64	25	15	46	34
Gameplay	objects/door/moonDoor30	96	64	25	17	46	30
Gameplay	objects/door/moonDoor31	96	64	27	17	42	30
Gameplay	objects/door/moonDoor32	96	64	36	12	24	39
Gameplay	objects/door/moonDoor33	96	64	28	5	39	53
Gameplay	objects/door/moonDoor34	96	64	27	6	43	53
Gameplay	objects/door/moonDoor35	96	64	26	10	45	41
Gameplay	objects/door/moonDoor36	96	64	26	9	46	43
Gameplay	objects/door/moonDoor37	96	64	25	9	45	43
Gameplay	objects/door/moonDoor38	96	64	26	10	44	35
Gameplay	objects/door/moonDoor39	96	64	26	9	41	35
Gameplay	objects/door/moonDoor40	96	64	26	9	40	31
Gameplay	objects/door/moonDoor41	96	64	26	18	21	21
Gameplay	objects/door/moonDoor42	96	64	42	20	4	16
Gameplay	objects/door/moonDoor43	96	64	0	0	96	64
Gameplay	objects/door/trap00	24	17	0	0	24	2
Gameplay	objects/door/trap01	24	17	0	0	24	16
Gameplay	objects/door/trap02	24	17	0	0	24	12
Gameplay	objects/door/trap03	24	17	0	0	24	11
Gameplay	objects/door/trap04	24	17	0	0	24	12
Gameplay	objects/door/trap05	24	17	0	0	24	16
Gameplay	objects/door/trap06	24	17	0	0	24	12
Gameplay	objects/door/trap07	24	17	0	0	24	16
Gameplay	objects/dreamblock/active	24	24	0	0	24	24
Gameplay	objects/dreamblock/disabled	24	24	0	0	24	24
Gameplay	objects/dreamblock/particles	21	7	3	1	17	5
Gameplay	objects/dreamblock/shards/01	80	40	0	0	16	8
Gameplay	objects/dreamblock/shards/02	80	40	13	0	19	11
Gameplay	objects/dreamblock/shards/03	80	40	37	0	6	6
Gameplay	objects/dreamblock/shards/04	80	40	48	0	21	10
Gameplay	objects/dreamblock/shards/05	80	40	65	0	14	5
Gameplay	objects/dreamblock/shards/06	80	40	0	1	6	15
Gameplay	objects/dreamblock/shards/07	80	40	0	5	16	19
Gameplay	objects/dreamblock/shards/08	80	40	15	3	11	21
Gameplay	objects/dreamblock/shards/09	80	40	22	0	16	21
Gameplay	objects/dreamblock/shards/10	80	40	35	0	18	21
Gameplay	objects/dreamblock/shards/11	80	40	42	9	19	15
Gameplay	objects/dreamblock/shards/12	80	40	60	4	13	18
Gameplay	objects/dreamblock/shards/13	80	40	72	0	8	21
Gameplay	objects/dreamblock/shards/14	80	40	0	19	13	21
Gameplay	objects/dreamblock/shards/15	80	40	10	19	13	19
Gameplay	objects/dreamblock/shards/16	80	40	20	16	9	12
Gameplay	objects/dreamblock/shards/17	80	40	28	15	13	20
Gameplay	objects/dreamblock/shards/18	80	40	7	33	11	7
Gameplay	objects/dreamblock/shards/19	80	40	17	27	19	13
Gameplay	objects/dreamblock/shards/20	80	40	35	20	18	20
Gameplay	objects/dreamblock/shards/21	80	40	46	23	19	17
Gameplay	objects/dreamblock/shards/22	80	40	53	14	24	17
Gameplay	objects/dreamblock/shards/23	80	40	64	30	15	10
Gameplay	objects/dreamblock/shards/24	80	40	70	18	10	22
Gameplay	objects/dreamorb/00	20	20	4	4	12	12
Gameplay	objects/dreamorb/01	20	20	4	4	12	12
Gameplay	objects/dreamorb/02	20	20	4	4	12	12
Gameplay	objects/dreamorb/03	20	20	4	4	12	12
Gameplay	objects/dreamorb/04	20	20	4	4	12	12
Gameplay	objects/dreamorb/05	20	20	4	4	12	12
Gameplay	objects/eyebomb/eye	12	12	0	0	12	12
Gameplay	objects/farewellGate	32	32	0	0	32	32
Gameplay	objects/fireball/fireball00	64	64	25	13	16	28
Gameplay	objects/fireball/fireball01	64	64	25	13	15	28
Gameplay	objects/fireball/fireball02	64	64	25	20	16	21
Gameplay	objects/fireball/fireball03	64	64	24	18	17	23
Gameplay	objects/fireball/fireball04	64	64	25	17	17	23
Gameplay	objects/fireball/fireball05	64	64	25	16	16	23
Gameplay	objects/fireball/fireball06	64	64	25	15	16	24
Gameplay	objects/fireball/fireball07	64	64	25	14	16	25
Gameplay	objects/fireball/fireball08	64	64	23	26	18	16
Gameplay	objects/fireball/fireball09	64	64	23	26	18	16
Gameplay	objects/fireball/fireball10	64	64	23	26	18	16
Gameplay	objects/fireball/fireball11	64	64	23	26	18	16
Gameplay	objects/fireball/fireball12	64	64	23	26	18	16
Gameplay	objects/fireball/fireball13	64	64	23	26	18	16
Gameplay	objects/fireball/fireball14	64	64	23	26	18	16
Gameplay	objects/fireball/fireball15	64	64	23	26	18	16
Gameplay	objects/fireball/fireball16	64	64	23	26	18	16
Gameplay	objects/fireball/fireball17	64	64	23	26	18	16
Gameplay	objects/fireball/fireball18	64	64	22	25	20	18
Gameplay	objects/fireball/fireball19	64	64	20	23	24	24
Gameplay	objects/fireball/fireball20	64	64	19	25	29	19
Gameplay	objects/fireball/fireball21	64	64	16	24	32	21
Gameplay	objects/fireball/fireball22	64	64	14	30	35	14
Gameplay	objects/fireball/fireball23	64	64	13	30	37	15
Gameplay	objects/fireball/fireball24	64	64	0	0	64	64
Gameplay	objects/flyFeather/flash00	32	32	9	8	16	17
Gameplay	objects/flyFeather/flash01	32	32	9	8	16	17
Gameplay	objects/flyFeather/flash02	32	32	9	8	16	17
Gameplay	objects/flyFeather/flash03	32	32	9	8	16	17
Gameplay	objects/flyFeather/flash04	32	32	11	8	10	17
Gameplay	objects/flyFeather/flash05	32	32	11	8	10	17
Gameplay	objects/flyFeather/flash06	32	32	11	8	10	17
Gameplay	objects/flyFeather/flash07	32	32	9	8	13	17
Gameplay	objects/flyFeather/flash08	32	32	7	8	16	17
Gameplay	objects/flyFeather/flash09	32	32	7	8	16	17
Gameplay	objects/flyFeather/flash10	32	32	8	8	14	17
Gameplay	objects/flyFeather/flash11	32	32	8	8	14	17
Gameplay	objects/flyFeather/flash12	32	32	8	8	14	17
Gameplay	objects/flyFeather/flash13	32	32	8	8	14	17
Gameplay	objects/flyFeather/flash14	32	32	8	8	14	17
Gameplay	objects/flyFeather/flash15	32	32	9	8	12	17
Gameplay	objects/flyFeather/flash16	32	32	11	8	12	17
Gameplay	objects/flyFeather/flash17	32	32	10	8	14	17
Gameplay	objects/flyFeather/flash18	32	32	10	8	14	17
Gameplay	objects/flyFeather/flash19	32	32	10	8	14	17
Gameplay	objects/flyFeather/flash20	32	32	10	8	14	17
Gameplay	objects/flyFeather/idle00	32	32	9	8	16	17
Gameplay	objects/flyFeather/idle01	32	32	9	8	16	17
Gameplay	objects/flyFeather/idle02	32	32	9	8	16	17
Gameplay	objects/flyFeather/idle03	32	32	9	8	16	17
Gameplay	objects/flyFeather/idle04	32	32	11	8	10	17
Gameplay	objects/flyFeather/idle05	32	32	11	8	10	17
Gameplay	objects/flyFeather/idle06	32	32	11	8	10	17
Gameplay	objects/flyFeather/idle07	32	32	9	8	13	17
Gameplay	objects/flyFeather/idle08	32	32	7	8	16	17
Gameplay	objects/flyFeather/idle09	32	32	7	8	16	17
Gameplay	objects/flyFeather/idle10	32	32	8	8	14	17
Gameplay	objects/flyFeather/idle11	32	32	8	8	14	17
Gameplay	objects/flyFeather/idle12	32	32	8	8	14	17
Gameplay	objects/flyFeather/idle13	32	32	8	8	14	17
Gameplay	objects/flyFeather/idle14	32	32	8	8	14	17
Gameplay	objects/flyFeather/idle15	32	32	9	8	12	17
Gameplay	objects/flyFeather/idle16	32	32	11	8	12	17
Gameplay	objects/flyFeather/idle17	32	32	10	8	14	17
Gameplay	objects/flyFeather/idle18	32	32	10	8	14	17
Gameplay	objects/flyFeather/idle19	32	32	10	8	14	17
Gameplay	objects/flyFeather/idle20	32	32	10	8	14	17
Gameplay	objects/flyFeather/outline	32	32	9	8	16	17
Gameplay	objects/glider/death00	48	48	9	3	31	30
Gameplay	objects/glider/death01	48	48	6	2	35	31
Gameplay	objects/glider/death02	48	48	6	1	33	33
Gameplay	objects/glider/death03	48	48	6	2	28	32
Gameplay	objects/glider/death04	48	48	20	6	11	33
Gameplay	objects/glider/death05	48	48	22	10	3	24
Gameplay	objects/glider/death06	48	48	23	18	1	9
Gameplay	objects/glider/death07	48	48	0	0	48	48
Gameplay	objects/glider/fall0	48	48	15	3	18	25
Gameplay	objects/glider/fall1	48	48	12	7	24	20
Gameplay	objects/glider/fall2	48	48	12	6	24	22
Gameplay	objects/glider/fallLoop0	48	48	13	6	22	22
Gameplay	objects/glider/fallLoop1	48	48	13	6	22	22
Gameplay	objects/glider/held0	48	48	11	10	28	17
Gameplay	objects/glider/idle0	48	48	11	10	28	17
Gameplay	objects/glider/idle1	48	48	11	9	28	18
Gameplay	objects/glider/idle2	48	48	11	9	28	17
Gameplay	objects/glider/idle3	48	48	11	10	28	16
Gameplay	objects/glider/idle4	48	48	11	10	28	17
Gameplay	objects/glider/idle5	48	48	11	10	28	17
Gameplay	objects/glider/idle6	48	48	11	9	28	18
Gameplay	objects/glider/idle7	48	48	11	9	28	17
Gameplay	objects/glider/idle8	48	48	11	10	28	16
Gameplay	objects/glider/idle9	48	48	11	10	28	17
Gameplay	objects/goldblock	24	24	0	0	24	24
Gameplay	objects/gondola/back	80	80	12	32	56	32
Gameplay	objects/gondola/cliffsideLeft	48	32	0	18	43	14
Gameplay	objects/gondola/cliffsideRight	48	48	0	8	44	26
Gameplay	objects/gondola/front	80	80	3	12	74	68
Gameplay	objects/gondola/lever00	80	80	39	52	5	9
Gameplay	objects/gondola/lever01	80	80	39	53	7	8
Gameplay	objects/gondola/pull00	80	80	3	12	74	68
Gameplay	objects/gondola/pull01	80	80	3	13	74	67
Gameplay	objects/gondola/pull02	80	80	3	16	75	64
Gameplay	objects/gondola/pull03	80	80	3	16	75	64
Gameplay	objects/gondola/pull04	80	80	3	16	75	64
Gameplay	objects/gondola/pull05	80	80	3	16	75	64
Gameplay	objects/gondola/pull06	80	80	3	16	75	64
Gameplay	objects/gondola/top	80	80	29	7	22	7
Gameplay	objects/hanginglamp	8	24	1	0	7	24
Gameplay	objects/heartdoor/edge	8	8	3	0	5	8
Gameplay	objects/heartdoor/icon00	10	10	1	2	8	7
Gameplay	objects/heartdoor/icon01	10	10	1	2	8	7
Gameplay	objects/heartdoor/icon02	10	10	1	2	8	7
Gameplay	objects/heartdoor/icon03	10	10	1	2	8	7
Gameplay	objects/heartdoor/icon04	10	10	1	2	8	7
Gameplay	objects/heartdoor/icon05	10	10	1	2	8	7
Gameplay	objects/heartdoor/icon06	10	10	0	1	10	9
Gameplay	objects/heartdoor/mist	320	320	0	0	320	320
Gameplay	objects/heartdoor/top	8	8	0	0	8	5
Gameplay	objects/journal/idle00	20	20	1	1	18	18
Gameplay	objects/journal/idle01	20	20	1	1	18	18
Gameplay	objects/journal/idle02	20	20	1	1	18	18
Gameplay	objects/journal/idle03	20	20	1	1	18	18
Gameplay	objects/journal/idle04	20	20	1	1	18	18
Gameplay	objects/journal/idle05	20	20	1	1	18	18
Gameplay	objects/journal/idle06	20	20	1	1	18	18
Gameplay	objects/journal/idle07	20	20	1	1	18	18
Gameplay	objects/jumpthru/cliffside	24	16	0	0	24	13
Gameplay	objects/jumpthru/core	24	16	0	0	24	13
Gameplay	objects/jumpthru/dream	24	16	0	0	24	13
Gameplay	objects/jumpthru/moon	24	16	0	0	24	15
Gameplay	objects/jumpthru/reflection	24	16	0	0	24	13
Gameplay	objects/jumpthru/temple	24	16	0	0	24	13
Gameplay	objects/jumpthru/templeB	24	16	0	0	24	13
Gameplay	objects/jumpthru/wood	24	16	0	0	24	12
Gameplay	objects/kevinspc/pc	96	64	0	0	96	64
Gameplay	objects/kevinspc/spectogram	112	18	0	0	112	18
Gameplay	objects/lookout/badeline00	32	32	8	15	14	17
Gameplay	objects/lookout/badeline01	32	32	8	15	14	17
Gameplay	objects/lookout/badeline02	32	32	9	15	13	17
Gameplay	objects/lookout/badeline03	32	32	8	15	15	17
Gameplay	objects/lookout/badeline04	32	32	8	16	15	16
Gameplay	objects/lookout/badeline05	32	32	9	16	13	16
Gameplay	objects/lookout/badeline06	32	32	9	16	13	16
Gameplay	objects/lookout/badeline07	32	32	8	16	15	16
Gameplay	objects/lookout/badeline08	32	32	8	16	15	16
Gameplay	objects/lookout/badeline09	32	32	8	16	15	16
Gameplay	objects/lookout/badeline10	32	32	8	16	15	16
Gameplay	objects/lookout/badeline11	32	32	8	16	15	16
Gameplay	objects/lookout/badeline12	32	32	8	16	15	16
Gameplay	objects/lookout/badeline13	32	32	8	16	15	16
Gameplay	objects/lookout/badeline14	32	32	8	16	15	16
Gameplay	objects/lookout/badeline15	32	32	9	15	14	17
Gameplay	objects/lookout/badeline16	32	32	9	15	14	17
Gameplay	objects/lookout/badeline17	32	32	9	15	13	17
Gameplay	objects/lookout/lookout00	32	32	8	15	14	17
Gameplay	objects/lookout/lookout01	32	32	8	15	14	17
Gameplay	objects/lookout/lookout02	32	32	9	15	13	17
Gameplay	objects/lookout/lookout03	32	32	8	15	15	17
Gameplay	objects/lookout/lookout04	32	32	8	16	15	16
Gameplay	objects/lookout/lookout05	32	32	9	16	13	16
Gameplay	objects/lookout/lookout06	32	32	9	16	13	16
Gameplay	objects/lookout/lookout07	32	32	8	16	15	16
Gameplay	objects/lookout/lookout08	32	32	8	16	15	16
Gameplay	objects/lookout/lookout09	32	32	8	16	15	16
Gameplay	objects/lookout/lookout10	32	32	8	16	15	16
Gameplay	objects/lookout/lookout11	32	32	8	16	15	16
Gameplay	objects/lookout/lookout12	32	32	8	16	15	16
Gameplay	objects/lookout/lookout13	32	32	8	16	15	16
Gameplay	objects/lookout/lookout14	32	32	8	16	15	16
Gameplay	objects/lookout/lookout15	32	32	9	15	14	17
Gameplay	objects/lookout/lookout16	32	32	9	15	14	17
Gameplay	objects/lookout/lookout17	32	32	9	15	13	17
Gameplay	objects/lookout/nobackpack00	32	32	9	15	13	17
Gameplay	objects/lookout/nobackpack01	32	32	9	15	13	17
Gameplay	objects/lookout/nobackpack02	32	32	9	15	13	17
Gameplay	objects/lookout/nobackpack03	32	32	8	15	15	17
Gameplay	objects/lookout/nobackpack04	32	32	8	16	15	16
Gameplay	objects/lookout/nobackpack05	32	32	9	16	13	16
Gameplay	objects/lookout/nobackpack06	32	32	9	16	13	16
Gameplay	objects/lookout/nobackpack07	32	32	8	16	15	16
Gameplay	objects/lookout/nobackpack08	32	32	8	16	15	16
Gameplay	objects/lookout/nobackpack09	32	32	8	16	15	16
Gameplay	objects/lookout/nobackpack10	32	32	8	16	15	16
Gameplay	objects/lookout/nobackpack11	32	32	8	16	15	16
Gameplay	objects/lookout/nobackpack12	32	32	8	16	15	16
Gameplay	objects/lookout/nobackpack13	32	32	8	16	15	16
Gameplay	objects/lookout/nobackpack14	32	32	8	16	15	16
Gameplay	objects/lookout/nobackpack15	32	32	9	15	13	17
Gameplay	objects/lookout/nobackpack16	32	32	9	15	13	17
Gameplay	objects/lookout/nobackpack17	32	32	9	15	13	17
Gameplay	objects/mirror/frame	64	39	1	2	62	37
Gameplay	objects/mirror/glassbg	54	29	0	0	54	29
Gameplay	objects/mirror/glassbreak00	54	29	0	0	54	29
Gameplay	objects/mirror/glassbreak01	54	29	0	0	54	29
Gameplay	objects/mirror/glassbreak02	54	29	0	0	54	29
Gameplay	objects/mirror/glassbreak03	54	29	0	0	54	29
Gameplay	objects/mirror/glassbreak04	54	29	0	0	54	29
Gameplay	objects/mirror/glassbreak05	54	29	0	0	54	29
Gameplay	objects/mirror/glassbreak06	54	29	0	0	54	29
Gameplay	objects/mirror/glassbreak07	54	29	0	0	54	29
Gameplay	objects/mirror/glassbreak08	54	29	0	0	54	29
Gameplay	objects/mirror/glassbreak09	54	29	0	0	54	29
Gameplay	objects/mirror/glassfg	54	73	0	0	54	73
Gameplay	objects/mirror/mirrormask00	54	29	2	0	50	29
Gameplay	objects/mirror/mirrormask01	54	29	8	2	43	25
Gameplay	objects/mirror/mirrormask02	54	29	2	2	48	27
Gameplay	objects/mirror/mirrormask03	54	29	4	4	48	25
Gameplay	objects/mirror/mirrormask04	54	29	19	0	27	28
Gameplay	objects/mirror/mirrormask05	54	29	16	6	36	20
Gameplay	objects/mirror/resortframe	32	39	0	2	32	37
Gameplay	objects/mirror/resortframe_copper	32	39	0	1	32	38
Gameplay	objects/moveBlock/arrow00	10	10	0	0	10	10
Gameplay	objects/moveBlock/arrow01	10	10	0	0	10	10
Gameplay	objects/moveBlock/arrow02	10	10	0	0	10	10
Gameplay	objects/moveBlock/arrow03	10	10	0	0	10	10
Gameplay	objects/moveBlock/arrow04	10	10	0	0	10	10
Gameplay	objects/moveBlock/arrow05	10	10	0	0	10	10
Gameplay	objects/moveBlock/arrow06	10	10	0	0	10	10
Gameplay	objects/moveBlock/arrow07	10	10	0	0	10	10
Gameplay	objects/moveBlock/base	24	24	0	0	24	24
Gameplay	objects/moveBlock/base_h	24	24	0	0	24	24
Gameplay	objects/moveBlock/base_v	24	24	0	0	24	24
Gameplay	objects/moveBlock/button	24	8	1	1	22	6
Gameplay	objects/moveBlock/debris00	8	8	0	0	8	8
Gameplay	objects/moveBlock/debris01	8	8	0	0	8	8
Gameplay	objects/moveBlock/debris02	8	8	0	0	8	8
Gameplay	objects/moveBlock/glow	8	8	0	0	8	8
Gameplay	objects/moveBlock/x	10	10	0	0	10	10
Gameplay	objects/mrbonesdoor	8	32	1	0	6	32
Gameplay	objects/pico8Console	48	32	4	17	40	15
Gameplay	objects/puffer/alert00	64	64	24	27	15	11
Gameplay	objects/puffer/alert01	64	64	20	24	21	16
Gameplay	objects/puffer/alerted00	64	64	20	24	21	16
Gameplay	objects/puffer/alerted01	64	64	20	24	21	16
Gameplay	objects/puffer/alerted02	64	64	21	24	20	16
Gameplay	objects/puffer/alerted03	64	64	22	24	19	16
Gameplay	objects/puffer/alerted04	64	64	21	24	20	16
Gameplay	objects/puffer/alerted05	64	64	20	24	21	16
Gameplay	objects/puffer/explode00	64	64	21	23	20	18
Gameplay	objects/puffer/explode01	64	64	21	23	20	18
Gameplay	objects/puffer/explode02	64	64	18	19	28	26
Gameplay	objects/puffer/explode03	64	64	17	17	30	29
Gameplay	objects/puffer/explode04	64	64	23	23	20	18
Gameplay	objects/puffer/explode05	64	64	24	22	18	18
Gameplay	objects/puffer/explode06	64	64	24	21	18	18
Gameplay	objects/puffer/explode07	64	64	24	22	17	16
Gameplay	objects/puffer/explode08	64	64	25	21	16	15
Gameplay	objects/puffer/explode09	64	64	25	20	15	15
Gameplay	objects/puffer/hidden00	64	64	30	30	5	5
Gameplay	objects/puffer/hidden01	64	64	30	30	5	5
Gameplay	objects/puffer/hidden02	64	64	30	30	5	5
Gameplay	objects/puffer/hidden03	64	64	30	30	5	5
Gameplay	objects/puffer/idle00	64	64	23	27	16	11
Gameplay	objects/puffer/idle01	64	64	24	27	15	11
Gameplay	objects/puffer/idle02	64	64	24	27	15	11
Gameplay	objects/puffer/idle03	64	64	25	27	14	11
Gameplay	objects/puffer/idle04	64	64	25	27	14	11
Gameplay	objects/puffer/idle05	64	64	24	27	15	11
Gameplay	objects/puffer/idle06	64	64	24	27	15	11
Gameplay	objects/puffer/idle07	64	64	23	27	16	11
Gameplay	objects/puffer/idle08	64	64	23	27	16	11
Gameplay	objects/puffer/idle09	64	64	23	27	16	11
Gameplay	objects/puffer/idle10	64	64	23	27	16	11
Gameplay	objects/puffer/idle11	64	64	23	27	16	11
Gameplay	objects/puffer/recover00	64	64	30	30	5	5
Gameplay	objects/puffer/recover01	64	64	30	30	5	5
Gameplay	objects/puffer/recover02	64	64	30	30	5	5
Gameplay	objects/puffer/recover03	64	64	30	30	5	5
Gameplay	objects/puffer/recover04	64	64	26	29	13	7
Gameplay	objects/puffer/recover05	64	64	24	28	15	9
Gameplay	objects/refill/flash00	16	16	0	0	16	16
Gameplay	objects/refill/flash01	16	16	7	9	4	3
Gameplay	objects/refill/flash02	16	16	6	6	6	6
Gameplay	objects/refill/flash03	16	16	4	4	8	8
Gameplay	objects/refill/flash04	16	16	4	4	6	6
Gameplay	objects/refill/flash05	16	16	5	4	4	3
Gameplay	objects/refill/idle00	16	16	3	3	10	10
Gameplay	objects/refill/idle01	16	16	3	3	10	10
Gameplay	objects/refill/idle02	16	16	3	3	10	10
Gameplay	objects/refill/idle03	16	16	3	3	10	10
Gameplay	objects/refill/idle04	16	16	3	3	10	10
Gameplay	objects/refill/outline	16	16	3	3	10	10
Gameplay	objects/refillTwo/flash00	16	16	5	10	4	4
Gameplay	objects/refillTwo/flash01	16	16	5	6	6	7
Gameplay	objects/refillTwo/flash02	16	16	5	5	6	7
Gameplay	objects/refillTwo/flash03	16	16	5	3	6	7
Gameplay	objects/refillTwo/flash04	16	16	7	3	4	4
Gameplay	objects/refillTwo/flash05	16	16	0	0	16	16
Gameplay	objects/refillTwo/idle00	16	16	4	2	8	12
Gameplay	objects/refillTwo/idle01	16	16	4	2	8	12
Gameplay	objects/refillTwo/idle02	16	16	4	2	8	12
Gameplay	objects/refillTwo/idle03	16	16	4	2	8	12
Gameplay	objects/refillTwo/idle04	16	16	4	2	8	12
Gameplay	objects/refillTwo/idle05	16	16	4	2	8	12
Gameplay	objects/refillTwo/idle06	16	16	4	2	8	12
Gameplay	objects/refillTwo/idle07	16	16	4	2	8	12
Gameplay	objects/refillTwo/idle08	16	16	4	2	8	12
Gameplay	objects/refillTwo/idle09	16	16	4	2	8	12
Gameplay	objects/refillTwo/idle10	16	16	4	2	8	12
Gameplay	objects/refillTwo/idle11	16	16	4	2	8	12
Gameplay	objects/refillTwo/idle12	16	16	4	2	8	12
Gameplay	objects/refillTwo/outline	16	16	4	2	8	12
Gameplay	objects/reflectionHeart/gem	16	16	2	1	12	14
Gameplay	objects/reflectionHeart/hint00	32	32	5	5	22	22
Gameplay	objects/reflectionHeart/hint01	32	32	5	5	22	22
Gameplay	objects/reflectionHeart/hint02	32	32	5	5	22	22
Gameplay	objects/reflectionHeart/hint03	42	42	7	10	29	32
Gameplay	objects/reflectionHeart/statue	32	49	0	13	32	36
Gameplay	objects/reflectionHeart/torch00	64	80	26	68	14	7
Gameplay	objects/reflectionHeart/torch01	64	80	26	43	14	32
Gameplay	objects/reflectionHeart/torch02	64	80	26	41	14	34
Gameplay	objects/reflectionHeart/torch03	64	80	26	41	14	34
Gameplay	objects/reflectionHeart/torch04	64	80	26	47	16	28
Gameplay	objects/reflectionHeart/torch05	64	80	26	45	14	30
Gameplay	objects/reflectionHeart/torch06	64	80	26	41	15	34
Gameplay	objects/resortLantern/holder	16	24	0	3	10	4
Gameplay	objects/resortLantern/lantern00	16	24	2	7	11	15
Gameplay	objects/resortLantern/lantern01	16	24	2	7	11	15
Gameplay	objects/resortLantern/lantern02	16	24	2	7	11	15
Gameplay	objects/resortclutter/cabinet00	48	48	16	16	16	16
Gameplay	objects/resortclutter/cabinet01	48	48	16	16	16	16
Gameplay	objects/resortclutter/cabinet02	48	48	11	15	27	17
Gameplay	objects/resortclutter/cabinet03	48	48	11	16	26	16
Gameplay	objects/resortclutter/cabinet04	48	48	11	16	26	16
Gameplay	objects/resortclutter/cabinet05	48	48	11	16	26	16
Gameplay	objects/resortclutter/cabinet06	48	48	11	16	26	16
Gameplay	objects/resortclutter/cabinet07	48	48	11	16	26	16
Gameplay	objects/resortclutter/cabinet08	48	48	11	16	26	16
Gameplay	objects/resortclutter/cabinet09	48	48	11	16	26	16
Gameplay	objects/resortclutter/cabinet10	48	48	11	16	26	16
Gameplay	objects/resortclutter/cabinet11	48	48	11	16	26	16
Gameplay	objects/resortclutter/cabinet12	48	48	13	16	22	16
Gameplay	objects/resortclutter/cabinet13	48	48	14	16	20	16
Gameplay	objects/resortclutter/cabinet14	48	48	16	16	16	16
Gameplay	objects/resortclutter/cabinet15	48	48	16	16	16	16
Gameplay	objects/resortclutter/clutter_button00	96	48	28	30	40	18
Gameplay	objects/resortclutter/clutter_button01	96	48	28	30	40	18
Gameplay	objects/resortclutter/clutter_button02	96	48	28	30	40	18
Gameplay	objects/resortclutter/clutter_button03	96	48	28	31	40	17
Gameplay	objects/resortclutter/clutter_button04	96	48	28	32	40	16
Gameplay	objects/resortclutter/clutter_button05	96	48	28	31	40	17
Gameplay	objects/resortclutter/clutter_button06	96	48	28	30	40	18
Gameplay	objects/resortclutter/clutter_button07	96	48	28	30	40	18
Gameplay	objects/resortclutter/clutter_button08	96	48	27	16	44	32
Gameplay	objects/resortclutter/clutter_button09	96	48	17	1	66	47
Gameplay	objects/resortclutter/clutter_button10	96	48	15	7	70	41
Gameplay	objects/resortclutter/clutter_button11	96	48	14	2	72	46
Gameplay	objects/resortclutter/clutter_button12	96	48	15	5	70	43
Gameplay	objects/resortclutter/clutter_button13	96	48	16	5	68	43
Gameplay	objects/resortclutter/clutter_button14	96	48	17	5	68	43
Gameplay	objects/resortclutter/clutter_button15	96	48	18	5	67	43
Gameplay	objects/resortclutter/clutter_button16	96	48	23	5	62	43
Gameplay	objects/resortclutter/clutter_button17	96	48	24	13	61	35
Gameplay	objects/resortclutter/clutter_button18	96	48	28	30	40	18
Gameplay	objects/resortclutter/clutter_button19	96	48	28	30	40	18
Gameplay	objects/resortclutter/clutter_button20	96	48	28	30	40	18
Gameplay	objects/resortclutter/clutter_button21	96	48	28	30	40	18
Gameplay	objects/resortclutter/clutter_button22	96	48	28	30	40	18
Gameplay	objects/resortclutter/clutter_button23	96	48	28	30	40	18
Gameplay	objects/resortclutter/clutter_button24	96	48	28	30	40	18
Gameplay	objects/resortclutter/clutter_button25	96	48	28	30	40	18
Gameplay	objects/resortclutter/clutter_button26	96	48	28	30	40	18
Gameplay	objects/resortclutter/clutter_button27	96	48	28	30	40	18
Gameplay	objects/resortclutter/cobwebs16_00	16	8	2	0	12	7
Gameplay	objects/resortclutter/cobwebs16_01	16	8	6	0	6	4
Gameplay	objects/resortclutter/cobwebs16_02	16	8	0	0	6	8
Gameplay	objects/resortclutter/cobwebs8_00	8	8	1	0	6	7
Gameplay	objects/resortclutter/cobwebs8_01	8	8	3	0	3	4
Gameplay	objects/resortclutter/cobwebs8_02	8	8	0	0	3	8
Gameplay	objects/resortclutter/green_00	8	8	0	0	8	8
Gameplay	objects/resortclutter/green_01	8	8	0	0	8	8
Gameplay	objects/resortclutter/green_02	8	8	0	0	8	8
Gameplay	objects/resortclutter/green_03	8	8	0	0	8	8
Gameplay	objects/resortclutter/green_04	8	8	0	0	8	8
Gameplay	objects/resortclutter/green_05	8	8	0	0	8	8
Gameplay	objects/resortclutter/green_06	16	16	0	0	16	16
Gameplay	objects/resortclutter/green_07	16	16	0	0	16	16
Gameplay	objects/resortclutter/green_08	16	16	0	0	16	16
Gameplay	objects/resortclutter/green_09	16	16	0	0	16	16
Gameplay	objects/resortclutter/green_10	16	16	0	0	16	16
Gameplay	objects/resortclutter/green_11	16	16	0	0	16	16
Gameplay	objects/resortclutter/green_12	16	24	0	0	16	24
Gameplay	objects/resortclutter/green_13	24	16	0	0	24	16
Gameplay	objects/resortclutter/green_14	24	24	0	0	24	24
Gameplay	objects/resortclutter/icon_green	16	16	4	4	9	10
Gameplay	objects/resortclutter/icon_lightning	16	16	2	1	12	14
Gameplay	objects/resortclutter/icon_red	16	16	2	2	12	13
Gameplay	objects/resortclutter/icon_yellow	16	16	1	5	14	10
Gameplay	objects/resortclutter/red_00	8	8	0	0	8	8
Gameplay	objects/resortclutter/red_01	8	8	0	0	8	8
Gameplay	objects/resortclutter/red_02	8	8	0	0	8	8
Gameplay	objects/resortclutter/red_03	8	8	0	0	8	8
Gameplay	objects/resortclutter/red_04	8	8	0	0	8	8
Gameplay	objects/resortclutter/red_05	8	8	0	0	8	8
Gameplay	objects/resortclutter/red_06	16	16	0	0	16	16
Gameplay	objects/resortclutter/red_07	16	16	0	0	16	16
Gameplay	objects/resortclutter/red_08	16	16	0	0	16	16
Gameplay	objects/resortclutter/red_09	16	16	0	0	16	16
Gameplay	objects/resortclutter/red_10	16	16	0	0	16	16
Gameplay	objects/resortclutter/red_11	16	16	0	0	16	16
Gameplay	objects/resortclutter/red_12	16	24	0	0	16	24
Gameplay	objects/resortclutter/red_13	24	16	0	0	24	16
Gameplay	objects/resortclutter/red_14	24	24	0	0	24	24
Gameplay	objects/resortclutter/yellow_00	8	8	0	0	8	8
Gameplay	objects/resortclutter/yellow_01	8	8	0	0	8	8
Gameplay	objects/resortclutter/yellow_02	8	8	0	0	8	8
Gameplay	objects/resortclutter/yellow_03	8	8	0	0	8	8
Gameplay	objects/resortclutter/yellow_04	8	8	0	0	8	8
Gameplay	objects/resortclutter/yellow_05	8	8	0	0	8	8
Gameplay	objects/resortclutter/yellow_06	16	16	0	0	16	16
Gameplay	objects/resortclutter/yellow_07	16	16	0	0	16	16
Gameplay	objects/resortclutter/yellow_08	16	16	0	0	16	16
Gameplay	objects/resortclutter/yellow_09	16	16	0	0	16	16
Gameplay	objects/resortclutter/yellow_10	16	16	0	0	16	16
Gameplay	objects/resortclutter/yellow_11	16	16	0	0	16	16
Gameplay	objects/resortclutter/yellow_12	16	24	0	0	16	24
Gameplay	objects/resortclutter/yellow_13	24	16	0	0	24	16
Gameplay	objects/resortclutter/yellow_14	24	24	0	0	24	24
Gameplay	objects/ridgeGate	32	32	0	0	32	32
Gameplay	objects/snowberry	24	16	0	9	22	7
Gameplay	objects/spring/00	16	16	2	13	12	3
Gameplay	objects/spring/01	16	16	2	7	12	9
Gameplay	objects/spring/02	16	16	2	5	12	11
Gameplay	objects/spring/03	16	16	2	7	12	9
Gameplay	objects/spring/04	16	16	2	9	12	7
Gameplay	objects/spring/05	16	16	2	12	12	4
Gameplay	objects/spring/white	16	16	2	13	12	3
Gameplay	objects/starjumpBlock/corner00	8	8	0	0	8	8
Gameplay	objects/starjumpBlock/corner01	8	8	0	0	8	8
Gameplay	objects/starjumpBlock/corner02	8	8	0	0	8	8
Gameplay	objects/starjumpBlock/corner03	8	8	0	0	8	8
Gameplay	objects/starjumpBlock/edgeH00	8	8	0	0	8	1
Gameplay	objects/starjumpBlock/edgeH01	8	8	0	0	8	5
Gameplay	objects/starjumpBlock/edgeH02	8	8	0	0	8	5
Gameplay	objects/starjumpBlock/edgeH03	8	8	0	0	8	6
Gameplay	objects/starjumpBlock/edgeV00	8	8	7	0	1	8
Gameplay	objects/starjumpBlock/edgeV01	8	8	3	0	5	8
Gameplay	objects/starjumpBlock/edgeV02	8	8	3	0	5	8
Gameplay	objects/starjumpBlock/edgeV03	8	8	2	0	6	8
Gameplay	objects/starjumpBlock/leftrailing00	8	8	0	2	8	6
Gameplay	objects/starjumpBlock/leftrailing01	8	8	0	1	8	7
Gameplay	objects/starjumpBlock/leftrailing02	8	8	0	0	8	8
Gameplay	objects/starjumpBlock/leftrailing03	8	8	0	1	8	7
Gameplay	objects/starjumpBlock/leftrailing04	8	8	0	2	8	6
Gameplay	objects/starjumpBlock/leftrailing05	8	8	0	3	8	5
Gameplay	objects/starjumpBlock/leftrailing06	8	8	0	4	8	4
Gameplay	objects/starjumpBlock/railing00	8	8	0	1	8	7
Gameplay	objects/starjumpBlock/railing01	8	8	0	0	8	8
Gameplay	objects/starjumpBlock/railing02	8	8	0	0	8	8
Gameplay	objects/starjumpBlock/railing03	8	8	0	1	8	7
Gameplay	objects/starjumpBlock/railing04	8	8	0	2	8	6
Gameplay	objects/starjumpBlock/railing05	8	8	0	3	8	5
Gameplay	objects/starjumpBlock/railing06	8	8	0	3	8	5
Gameplay	objects/starjumpBlock/rightrailing00	8	8	0	1	8	7
Gameplay	objects/starjumpBlock/rightrailing01	8	8	0	0	8	8
Gameplay	objects/starjumpBlock/rightrailing02	8	8	0	1	8	7
Gameplay	objects/starjumpBlock/rightrailing03	8	8	0	2	8	6
Gameplay	objects/starjumpBlock/rightrailing04	8	8	0	3	8	5
Gameplay	objects/starjumpBlock/rightrailing05	8	8	0	4	8	4
Gameplay	objects/starjumpBlock/rightrailing06	8	8	0	3	8	5
Gameplay	objects/swapblock/block	24	24	0	0	24	24
Gameplay	objects/swapblock/blockRed	24	24	0	0	24	24
Gameplay	objects/swapblock/midBlock00	8	8	0	0	8	8
Gameplay	objects/swapblock/midBlock01	8	8	0	0	8	8
Gameplay	objects/swapblock/midBlock02	8	8	0	0	8	8
Gameplay	objects/swapblock/midBlock03	8	8	0	0	8	8
Gameplay	objects/swapblock/midBlockRed00	8	8	0	0	8	8
Gameplay	objects/swapblock/midBlockRed01	8	8	0	0	8	8
Gameplay	objects/swapblock/midBlockRed02	8	8	0	0	8	8
Gameplay	objects/swapblock/midBlockRed03	8	8	0	0	8	8
Gameplay	objects/swapblock/moon/block	24	24	0	0	24	24
Gameplay	objects/swapblock/moon/blockRed	24	24	0	0	24	24
Gameplay	objects/swapblock/moon/midBlock00	8	8	0	0	8	8
Gameplay	objects/swapblock/moon/midBlock01	8	8	0	0	8	8
Gameplay	objects/swapblock/moon/midBlock02	8	8	0	0	8	8
Gameplay	objects/swapblock/moon/midBlock03	8	8	0	0	8	8
Gameplay	objects/swapblock/moon/midBlockRed00	8	8	0	0	8	8
Gameplay	objects/swapblock/moon/midBlockRed01	8	8	0	0	8	8
Gameplay	objects/swapblock/moon/midBlockRed02	8	8	0	0	8	8
Gameplay	objects/swapblock/moon/midBlockRed03	8	8	0	0	8	8
Gameplay	objects/swapblock/moon/moveEnd	8	8	1	1	6	6
Gameplay	objects/swapblock/moon/pathH	16	16	0	0	16	16
Gameplay	objects/swapblock/moon/pathLights00	8	8	1	1	6	6
Gameplay	objects/swapblock/moon/pathLights01	8	8	1	1	6	6
Gameplay	objects/swapblock/moon/pathLights02	8	8	1	1	6	6
Gameplay	objects/swapblock/moon/pathLights03	8	8	1	1	6	6
Gameplay	objects/swapblock/moon/pathLights04	8	8	1	1	6	6
Gameplay	objects/swapblock/moon/pathV	16	16	0	0	16	16
Gameplay	objects/swapblock/moon/target	24	24	2	3	20	18
Gameplay	objects/swapblock/moveEnd	8	8	1	1	6	6
Gameplay	objects/swapblock/pathH	16	16	0	0	16	16
Gameplay	objects/swapblock/pathLights00	8	8	1	1	6	6
Gameplay	objects/swapblock/pathLights01	8	8	1	1	6	6
Gameplay	objects/swapblock/pathLights02	8	8	1	1	6	6
Gameplay	objects/swapblock/pathLights03	8	8	1	1	6	6
Gameplay	objects/swapblock/pathLights04	8	8	1	1	6	6
Gameplay	objects/swapblock/pathV	16	16	0	0	16	16
Gameplay	objects/swapblock/target	24	24	2	2	20	20
Gameplay	objects/switchgate/block	24	24	0	0	24	24
Gameplay	objects/switchgate/border	12	12	1	0	10	12
Gameplay	objects/switchgate/icon00	12	12	3	2	6	8
Gameplay	objects/switchgate/icon01	12	12	4	2	5	8
Gameplay	objects/switchgate/icon02	12	12	5	2	3	8
Gameplay	objects/switchgate/icon03	12	12	5	2	2	8
Gameplay	objects/switchgate/icon04	12	12	4	2	3	8
Gameplay	objects/switchgate/icon05	12	12	3	2	5	8
Gameplay	objects/switchgate/mirror	24	24	0	0	24	24
Gameplay	objects/switchgate/stars	24	24	0	0	24	24
Gameplay	objects/switchgate/temple	24	24	0	0	24	24
Gameplay	objects/temple/breakBlock00	48	48	0	0	48	48
Gameplay	objects/temple/breakBlock01	48	48	0	0	48	48
Gameplay	objects/temple/breakBlock02	48	48	0	0	48	48
Gameplay	objects/temple/breakBlock03	48	48	0	0	48	48
Gameplay	objects/temple/breakBlock04	48	48	1	1	46	46
Gameplay	objects/temple/breakBlock05	48	48	2	1	44	45
Gameplay	objects/temple/breakBlock06	48	48	2	1	44	44
Gameplay	objects/temple/breakBlock07	48	48	3	2	41	43
Gameplay	objects/temple/breakBlock08	48	48	5	2	38	39
Gameplay	objects/temple/breakBlock09	48	48	0	0	48	48
Gameplay	objects/temple/dashButton00	48	48	14	15	12	18
Gameplay	objects/temple/dashButton01	48	48	14	15	12	18
Gameplay	objects/temple/dashButton02	48	48	14	15	12	18
Gameplay	objects/temple/dashButton03	48	48	14	15	12	18
Gameplay	objects/temple/dashButton04	48	48	14	15	12	18
Gameplay	objects/temple/dashButton05	48	48	14	15	12	18
Gameplay	objects/temple/dashButton06	48	48	14	15	12	18
Gameplay	objects/temple/dashButton07	48	48	14	15	12	18
Gameplay	objects/temple/dashButton08	48	48	14	15	12	18
Gameplay	objects/temple/dashButton09	48	48	14	15	12	18
Gameplay	objects/temple/dashButton10	48	48	14	15	12	18
Gameplay	objects/temple/dashButton11	48	48	14	15	12	18
Gameplay	objects/temple/dashButton12	48	48	14	15	12	18
Gameplay	objects/temple/dashButton13	48	48	14	15	12	18
Gameplay	objects/temple/dashButton14	48	48	14	15	12	18
Gameplay	objects/temple/dashButton15	48	48	14	15	12	18
Gameplay	objects/temple/dashButton16	48	48	14	15	12	18
Gameplay	objects/temple/dashButton17	48	48	14	15	12	18
Gameplay	objects/temple/dashButton18	48	48	14	15	12	18
Gameplay	objects/temple/dashButton19	48	48	14	15	12	18
Gameplay	objects/temple/dashButton20	48	48	14	15	12	18
Gameplay	objects/temple/dashButton21	48	48	11	11	15	26
Gameplay	objects/temple/dashButton22	48	48	14	15	12	18
Gameplay	objects/temple/dashButton23	48	48	10	10	16	24
Gameplay	objects/temple/dashButton24	48	48	14	15	12	18
Gameplay	objects/temple/dashButton25	48	48	11	14	15	20
Gameplay	objects/temple/dashButton26	48	48	14	15	12	18
Gameplay	objects/temple/dashButton27	48	48	14	15	12	18
Gameplay	objects/temple/dashButtonMirror00	48	48	14	15	12	18
Gameplay	objects/temple/dashButtonMirror01	48	48	14	15	12	18
Gameplay	objects/temple/dashButtonMirror02	48	48	14	15	12	18
Gameplay	objects/temple/dashButtonMirror03	48	48	14	15	12	18
Gameplay	objects/temple/dashButtonMirror04	48	48	14	15	12	18
Gameplay	objects/temple/dashButtonMirror05	48	48	14	15	12	18
Gameplay	objects/temple/dashButtonMirror06	48	48	14	15	12	18
Gameplay	objects/temple/dashButtonMirror07	48	48	14	15	12	18
Gameplay	objects/temple/dashButtonMirror08	48	48	14	15	12	18
Gameplay	objects/temple/dashButtonMirror09	48	48	14	15	12	18
Gameplay	objects/temple/dashButtonMirror10	48	48	14	15	12	18
Gameplay	objects/temple/dashButtonMirror11	48	48	14	15	12	18
Gameplay	objects/temple/dashButtonMirror12	48	48	14	15	12	18
Gameplay	objects/temple/dashButtonMirror13	48	48	14	15	12	18
Gameplay	objects/temple/dashButtonMirror14	48	48	14	15	12	18
Gameplay	objects/temple/dashButtonMirror15	48	48	14	15	12	18
Gameplay	objects/temple/dashButtonMirror16	48	48	14	15	12	18
Gameplay	objects/temple/dashButtonMirror17	48	48	14	15	12	18
Gameplay	objects/temple/dashButtonMirror18	48	48	14	15	12	18
Gameplay	objects/temple/dashButtonMirror19	48	48	14	15	12	18
Gameplay	objects/temple/dashButtonMirror20	48	48	14	15	12	18
Gameplay	objects/temple/dashButtonMirror21	48	48	11	11	15	26
Gameplay	objects/temple/dashButtonMirror22	48	48	14	15	12	18
Gameplay	objects/temple/dashButtonMirror23	48	48	10	10	16	24
Gameplay	objects/temple/dashButtonMirror24	48	48	14	15	12	18
Gameplay	objects/temple/dashButtonMirror25	48	48	11	14	15	20
Gameplay	objects/temple/dashButtonMirror26	48	48	14	15	12	18
Gameplay	objects/temple/dashButtonMirror27	48	48	14	15	12	18
Gameplay	objects/temple/litTorch00	32	32	11	11	9	11
Gameplay	objects/temple/litTorch01	32	32	7	8	14	14
Gameplay	objects/temple/litTorch02	32	32	7	7	15	15
Gameplay	objects/temple/litTorch03	32	32	11	10	9	12
Gameplay	objects/temple/litTorch04	32	32	11	10	9	12
Gameplay	objects/temple/litTorch05	32	32	11	10	9	12
Gameplay	objects/temple/litTorch06	32	32	11	9	9	13
Gameplay	objects/temple/litTorch07	32	32	11	10	9	12
Gameplay	objects/temple/litTorch08	32	32	11	10	9	12
Gameplay	objects/temple/portal/portal	240	240	0	0	240	240
Gameplay	objects/temple/portal/portalcurtain00	160	96	5	10	150	75
Gameplay	objects/temple/portal/portalcurtain01	160	96	5	9	150	76
Gameplay	objects/temple/portal/portalcurtain02	160	96	5	25	150	60
Gameplay	objects/temple/portal/portalcurtain03	160	96	3	47	154	38
Gameplay	objects/temple/portal/portalcurtain04	160	96	1	70	158	22
Gameplay	objects/temple/portal/portalcurtain05	160	96	1	72	158	20
Gameplay	objects/temple/portal/portalcurtain06	160	96	1	75	158	16
Gameplay	objects/temple/portal/portalcurtain07	160	96	1	77	158	13
Gameplay	objects/temple/portal/portalframe	136	80	2	0	132	78
Gameplay	objects/temple/portal/portaltorch00	64	80	26	68	14	7
Gameplay	objects/temple/portal/portaltorch01	64	80	26	43	14	32
Gameplay	objects/temple/portal/portaltorch02	64	80	26	41	14	34
Gameplay	objects/temple/portal/portaltorch03	64	80	26	41	14	34
Gameplay	objects/temple/portal/portaltorch04	64	80	26	47	16	28
Gameplay	objects/temple/portal/portaltorch05	64	80	26	45	14	30
Gameplay	objects/temple/portal/portaltorch06	64	80	26	41	15	34
Gameplay	objects/temple/portal/portaltorch07	64	80	26	41	15	34
Gameplay	objects/temple/portal/reflection00	136	80	6	7	27	26
Gameplay	objects/temple/portal/reflection01	136	80	25	7	53	20
Gameplay	objects/temple/portal/reflection02	136	80	80	7	27	20
Gameplay	objects/temple/portal/reflection03	136	80	85	7	45	36
Gameplay	objects/temple/portal/reflection04	136	80	58	8	23	26
Gameplay	objects/temple/portal/reflection05	136	80	6	22	49	41
Gameplay	objects/temple/portal/reflection06	136	80	42	21	23	52
Gameplay	objects/temple/portal/reflection07	136	80	66	20	18	27
Gameplay	objects/temple/portal/reflection08	136	80	83	29	47	33
Gameplay	objects/temple/portal/reflection09	136	80	65	42	6	9
Gameplay	objects/temple/portal/reflection10	136	80	6	42	20	32
Gameplay	objects/temple/portal/reflection11	136	80	23	54	24	20
Gameplay	objects/temple/portal/reflection12	136	80	41	53	12	21
Gameplay	objects/temple/portal/reflection13	136	80	54	42	43	32
Gameplay	objects/temple/portal/reflection14	136	80	88	62	11	12
Gameplay	objects/temple/portal/reflection15	136	80	94	53	36	21
Gameplay	objects/temple/portal/surface	136	80	6	7	124	67
Gameplay	objects/temple/torch00	32	32	11	11	9	11
Gameplay	objects/temple/torch01	32	32	7	8	14	14
Gameplay	objects/temple/torch02	32	32	7	7	15	15
Gameplay	objects/temple/torch03	32	32	11	10	9	12
Gameplay	objects/temple/torch04	32	32	11	10	9	12
Gameplay	objects/temple/torch05	32	32	11	10	9	12
Gameplay	objects/temple/torch06	32	32	11	9	9	13
Gameplay	objects/temple/torch07	32	32	11	10	9	12
Gameplay	objects/temple/torch08	32	32	11	10	9	12
Gameplay	objects/touchswitch/container	20	20	3	3	14	14
Gameplay	objects/touchswitch/icon00	20	20	7	7	6	7
Gameplay	objects/touchswitch/icon01	20	20	8	7	5	7
Gameplay	objects/touchswitch/icon02	20	20	9	7	3	7
Gameplay	objects/touchswitch/icon03	20	20	9	7	2	7
Gameplay	objects/touchswitch/icon04	20	20	8	7	3	7
Gameplay	objects/touchswitch/icon05	20	20	7	7	5	7
Gameplay	objects/wallBooster/fireBottom00	8	8	0	0	5	8
Gameplay	objects/wallBooster/fireBottom01	8	8	0	0	5	8
Gameplay	objects/wallBooster/fireBottom02	8	8	0	0	5	8
Gameplay	objects/wallBooster/fireBottom03	8	8	0	0	5	8
Gameplay	objects/wallBooster/fireBottom04	8	8	0	0	5	8
Gameplay	objects/wallBooster/fireBottom05	8	8	0	0	5	8
Gameplay	objects/wallBooster/fireBottom06	8	8	0	0	5	8
Gameplay	objects/wallBooster/fireBottom07	8	8	0	0	5	8
Gameplay	objects/wallBooster/fireMid00	8	8	0	0	5	8
Gameplay	objects/wallBooster/fireMid01	8	8	0	0	5	8
Gameplay	objects/wallBooster/fireMid02	8	8	0	0	5	8
Gameplay	objects/wallBooster/fireMid03	8	8	0	0	5	8
Gameplay	objects/wallBooster/fireMid04	8	8	0	0	5	8
Gameplay	objects/wallBooster/fireMid05	8	8	0	0	5	8
Gameplay	objects/wallBooster/fireMid06	8	8	0	0	5	8
Gameplay	objects/wallBooster/fireMid07	8	8	0	0	5	8
Gameplay	objects/wallBooster/fireTop00	8	8	0	0	5	8
Gameplay	objects/wallBooster/fireTop01	8	8	0	0	5	8
Gameplay	objects/wallBooster/fireTop02	8	8	0	0	5	8
Gameplay	objects/wallBooster/fireTop03	8	8	0	0	5	8
Gameplay	objects/wallBooster/fireTop04	8	8	0	0	5	8
Gameplay	objects/wallBooster/fireTop05	8	8	0	0	5	8
Gameplay	objects/wallBooster/fireTop06	8	8	0	0	5	8
Gameplay	objects/wallBooster/fireTop07	8	8	0	0	5	8
Gameplay	objects/wallBooster/iceBottom00	8	8	0	0	4	8
Gameplay	objects/wallBooster/iceBottom01	8	8	0	0	4	8
Gameplay	objects/wallBooster/iceBottom02	8	8	0	0	4	8
Gameplay	objects/wallBooster/iceBottom03	8	8	0	0	4	8
Gameplay	objects/wallBooster/iceBottom04	8	8	0	0	4	8
Gameplay	objects/wallBooster/iceMid00	8	8	0	0	4	8
Gameplay	objects/wallBooster/iceMid01	8	8	0	0	4	8
Gameplay	objects/wallBooster/iceMid02	8	8	0	0	4	8
Gameplay	objects/wallBooster/iceMid03	8	8	0	0	4	8
Gameplay	objects/wallBooster/iceMid04	8	8	0	0	4	8
Gameplay	objects/wallBooster/iceTop00	8	8	0	0	4	8
Gameplay	objects/wallBooster/iceTop01	8	8	0	0	4	8
Gameplay	objects/wallBooster/iceTop02	8	8	0	0	4	8
Gameplay	objects/wallBooster/iceTop03	8	8	0	0	4	8
Gameplay	objects/wallBooster/iceTop04	8	8	0	0	4	8
Gameplay	objects/wavedashtutorial/building_back	120	79	5	2	105	77
Gameplay	objects/wavedashtutorial/building_front_left	120	79	5	2	101	77
Gameplay	objects/wavedashtutorial/building_front_right	120	79	37	20	77	59
Gameplay	objects/wavedashtutorial/neon_00	120	79	58	31	42	32
Gameplay	objects/wavedashtutorial/neon_01	120	79	58	31	42	32
Gameplay	objects/wavedashtutorial/neon_02	120	79	58	31	42	32
Gameplay	objects/wavedashtutorial/neon_03	120	79	58	31	42	32
Gameplay	objects/wavedashtutorial/neon_04	120	79	58	31	42	32
Gameplay	objects/wavedashtutorial/neon_05	120	79	58	31	42	32
Gameplay	objects/wavedashtutorial/neon_06	120	79	58	31	42	32
Gameplay	objects/wavedashtutorial/neon_07	120	79	58	31	42	32
Gameplay	objects/wavedashtutorial/neon_08	120	79	58	31	42	32
Gameplay	objects/wavedashtutorial/neon_09	120	79	58	31	42	32
Gameplay	objects/wavedashtutorial/neon_10	120	79	58	31	42	32
Gameplay	objects/wavedashtutorial/neon_11	120	79	58	31	42	32
Gameplay	objects/wavedashtutorial/neon_12	120	79	58	31	42	32
Gameplay	objects/wavedashtutorial/neon_13	120	79	58	31	42	32
Gameplay	objects/wavedashtutorial/neon_14	120	79	58	31	42	32
Gameplay	objects/wavedashtutorial/noise00	32	18	0	0	32	18
Gameplay	objects/wavedashtutorial/noise01	32	18	0	0	32	18
Gameplay	objects/wavedashtutorial/noise02	32	18	0	0	32	18
Gameplay	objects/whiteblock	48	24	0	0	48	24
Gameplay	objects/woodPlatform/cliffside	32	8	0	0	32	8
Gameplay	objects/woodPlatform/default	32	8	0	0	32	8
Gameplay	objects/zipmover/block	24	24	0	0	24	24
Gameplay	objects/zipmover/block2	24	24	0	0	24	24
Gameplay	objects/zipmover/cog	12	12	1	1	10	10
Gameplay	objects/zipmover/innercog00	12	12	2	2	8	8
Gameplay	objects/zipmover/innercog01	12	12	1	1	10	10
Gameplay	objects/zipmover/innercog02	12	12	1	1	10	10
Gameplay	objects/zipmover/innercog03	12	12	1	1	10	10
Gameplay	objects/zipmover/innercog04	12	12	1	1	10	10
Gameplay	objects/zipmover/innercog05	12	12	1	1	10	10
Gameplay	objects/zipmover/innercog06	12	12	1	1	10	10
Gameplay	objects/zipmover/innercog07	12	12	1	1	10	10
Gameplay	objects/zipmover/innercog08	12	12	1	1	10	10
Gameplay	objects/zipmover/innercog09	12	12	1	1	10	10
Gameplay	objects/zipmover/innercog10	12	12	1	1	10	10
Gameplay	objects/zipmover/innercog11	12	12	1	1	10	10
Gameplay	objects/zipmover/light00	8	12	0	0	8	12
Gameplay	objects/zipmover/light01	8	12	0	0	8	12
Gameplay	objects/zipmover/light02	8	12	0	0	8	12
Gameplay	objects/zipmover/light03	8	12	0	0	8	12
Gameplay	objects/zipmover/moon/block	24	24	0	0	24	24
Gameplay	objects/zipmover/moon/cog	12	12	1	1	10	10
Gameplay	objects/zipmover/moon/innercog00	12	12	1	1	10	10
Gameplay	objects/zipmover/moon/innercog01	12	12	2	2	8	8
Gameplay	objects/zipmover/moon/innercog02	12	12	2	2	8	8
Gameplay	objects/zipmover/moon/innercog03	12	12	2	1	8	10
Gameplay	objects/zipmover/moon/innercog04	12	12	1	1	10	10
Gameplay	objects/zipmover/moon/innercog05	12	12	1	1	10	10
Gameplay	objects/zipmover/moon/innercog06	12	12	1	1	10	10
Gameplay	objects/zipmover/moon/light00	12	16	1	8	10	6
Gameplay	objects/zipmover/moon/light01	12	16	0	7	12	8
Gameplay	objects/zipmover/moon/light02	12	16	1	5	10	11
Gameplay	objects/zipmover/moon/light03	12	16	0	5	12	11
Gameplay	particles/blob	8	8	0	0	8	8
Gameplay	particles/bubble	4	4	0	0	4	4
Gameplay	particles/circle	4	4	0	0	4	4
Gameplay	particles/cloud	8	8	2	1	3	6
Gameplay	particles/confetti	8	8	2	4	4	1
Gameplay	particles/feather	5	3	0	0	5	3
Gameplay	particles/fire	8	8	0	0	8	8
Gameplay	particles/petal	8	8	2	1	4	5
Gameplay	particles/rect	4	2	0	0	4	2
Gameplay	particles/shard	8	8	1	2	6	3
Gameplay	particles/shatter	8	5	0	2	8	1
Gameplay	particles/smoke0	8	8	0	1	7	6
Gameplay	particles/smoke1	8	8	0	1	8	6
Gameplay	particles/smoke2	8	8	1	1	6	6
Gameplay	particles/smoke3	8	8	2	1	5	7
Gameplay	particles/snow	8	8	2	3	4	2
Gameplay	particles/starfield/00	16	16	7	7	1	1
Gameplay	particles/starfield/01	16	16	6	6	3	3
Gameplay	particles/starfield/02	16	16	5	5	5	5
Gameplay	particles/starfield/03	16	16	3	4	9	8
Gameplay	particles/stars/00	16	16	1	1	13	13
Gameplay	particles/stars/01	16	16	1	1	13	13
Gameplay	particles/stars/02	16	16	5	4	5	5
Gameplay	particles/stars/03	16	16	4	4	8	8
Gameplay	particles/stars/04	16	16	4	5	7	7
Gameplay	particles/triangle	5	3	0	0	5	3
Gameplay	particles/triggerspike	3	1	0	0	3	1
Gameplay	particles/zappysmoke00	8	8	1	1	6	6
Gameplay	particles/zappysmoke01	8	8	0	1	8	6
Gameplay	particles/zappysmoke02	8	8	1	1	6	6
Gameplay	particles/zappysmoke03	8	8	1	1	6	6
Gameplay	pico8/atlas	128	88	0	0	128	88
Gameplay	pico8/consolebg	320	180	0	0	320	180
Gameplay	pico8/font	120	12	0	0	119	11
Gameplay	pico8/logo	40	10	0	0	35	9
Gameplay	scenery/bridge	104	60	0	5	104	55
Gameplay	scenery/bridge_fixed	208	60	0	5	208	55
Gameplay	scenery/car/barrier	8	16	1	2	5	14
Gameplay	scenery/car/body	64	18	10	0	47	16
Gameplay	scenery/car/pavement	32	8	0	0	32	4
Gameplay	scenery/car/wheels	64	18	12	12	37	6
Gameplay	scenery/cliffside/flag00	28	13	0	0	28	13
Gameplay	scenery/cliffside/flag01	20	27	0	0	20	27
Gameplay	scenery/cliffside/flag02	32	9	0	0	32	9
Gameplay	scenery/cliffside/flag03	48	12	0	0	47	12
Gameplay	scenery/cliffside/flag04	24	24	0	0	24	24
Gameplay	scenery/cliffside/flag05	32	24	0	0	32	24
Gameplay	scenery/cliffside/flag06	48	13	0	0	48	13
Gameplay	scenery/cliffside/flag07	16	33	0	0	16	33
Gameplay	scenery/cliffside/flag08	33	21	0	0	33	21
Gameplay	scenery/cliffside/flag09	48	13	0	0	47	13
Gameplay	scenery/cliffside/flag10	48	17	0	0	43	17
Gameplay	scenery/debris	64	8	1	0	63	8
Gameplay	scenery/eyes/bg_eye0	64	64	3	7	58	45
Gameplay	scenery/eyes/bg_eye1	64	64	18	14	29	26
Gameplay	scenery/eyes/bg_eye2	64	64	16	3	30	57
Gameplay	scenery/eyes/pupul	8	8	1	1	7	6
Gameplay	scenery/fallplateau	120	16	0	0	120	16
Gameplay	scenery/fgdebris/rock_a00	48	48	2	23	20	23
Gameplay	scenery/fgdebris/rock_a01	48	48	25	30	7	9
Gameplay	scenery/fgdebris/rock_a02	48	48	22	6	19	23
Gameplay	scenery/fgdebris/rock_b00	48	48	7	7	27	39
Gameplay	scenery/fgdebris/rock_b01	48	48	36	25	7	11
Gameplay	scenery/flutterbird/flap00	10	10	3	1	6	7
Gameplay	scenery/flutterbird/flap01	10	10	3	4	6	6
Gameplay	scenery/flutterbird/idle00	10	10	2	5	6	5
Gameplay	scenery/grate	16	8	1	0	14	5
Gameplay	scenery/house	151	62	0	0	151	62
Gameplay	scenery/iceSurface00	8	8	0	0	8	6
Gameplay	scenery/iceSurface01	8	8	0	0	8	6
Gameplay	scenery/lamp	32	80	1	3	30	77
Gameplay	scenery/launch/cloud00	128	64	3	6	122	39
Gameplay	scenery/launch/cloud01	128	64	10	15	112	26
Gameplay	scenery/launch/slice00	32	128	7	2	19	124
Gameplay	scenery/launch/slice01	32	128	14	12	6	111
Gameplay	scenery/launch/slice02	32	128	11	11	8	105
Gameplay	scenery/memorial/floatytext00	20	7	0	0	20	7
Gameplay	scenery/memorial/floatytext01	20	7	0	0	20	7
Gameplay	scenery/memorial/floatytext02	20	7	0	0	20	7
Gameplay	scenery/memorial/memorial	48	64	0	4	48	60
Gameplay	scenery/moon_creatures/tiny00	10	10	1	2	8	6
Gameplay	scenery/moon_creatures/tiny01	10	10	1	2	8	6
Gameplay	scenery/moon_creatures/tiny02	10	10	1	1	8	8
Gameplay	scenery/moon_creatures/tiny03	10	10	2	1	6	8
Gameplay	scenery/moon_creatures/tiny04	10	10	2	1	6	8
Gameplay	scenery/moon_creatures/tiny05	10	10	1	1	8	8
Gameplay	scenery/payphone	45	64	0	11	40	53
Gameplay	scenery/powersource_numbers/1	24	24	0	0	24	24
Gameplay	scenery/powersource_numbers/1_glow	24	24	0	0	24	24
Gameplay	scenery/sign	35	21	0	0	35	21
Gameplay	scenery/summitcheckpoints/base00	13	24	1	1	11	21
Gameplay	scenery/summitcheckpoints/base01	13	24	1	1	11	21
Gameplay	scenery/summitcheckpoints/base02	13	24	1	1	11	21
Gameplay	scenery/summitcheckpoints/number00	3	6	0	0	3	6
Gameplay	scenery/summitcheckpoints/number01	3	6	0	0	3	6
Gameplay	scenery/summitcheckpoints/number02	3	6	0	0	3	6
Gameplay	scenery/summitcheckpoints/number03	3	6	0	0	3	6
Gameplay	scenery/summitcheckpoints/number04	3	6	0	0	3	6
Gameplay	scenery/summitcheckpoints/number05	3	6	0	0	3	6
Gameplay	scenery/summitcheckpoints/number06	3	6	0	0	3	6
Gameplay	scenery/summitcheckpoints/number07	3	6	0	0	3	6
Gameplay	scenery/summitcheckpoints/number08	3	6	0	0	3	6
Gameplay	scenery/summitcheckpoints/number09	3	6	0	0	3	6
Gameplay	scenery/summitcheckpoints/numberbg00	3	6	0	1	3	5
Gameplay	scenery/summitcheckpoints/numberbg01	3	6	0	1	3	5
Gameplay	scenery/summitcheckpoints/numberbg02	3	6	0	1	3	5
Gameplay	scenery/summitcheckpoints/numberbg03	3	6	0	1	3	5
Gameplay	scenery/summitcheckpoints/numberbg04	3	6	0	1	3	5
Gameplay	scenery/summitcheckpoints/numberbg05	3	6	0	1	3	5
Gameplay	scenery/summitcheckpoints/numberbg06	3	6	0	1	3	5
Gameplay	scenery/summitcheckpoints/numberbg07	3	6	0	1	3	5
Gameplay	scenery/summitcheckpoints/numberbg08	3	6	0	1	3	5
Gameplay	scenery/summitcheckpoints/numberbg09	3	6	0	1	3	5
Gameplay	scenery/summitclouds/cloud00	128	64	2	11	124	40
Gameplay	scenery/summitclouds/cloud01	128	64	1	23	125	33
Gameplay	scenery/summitclouds/cloud03	128	64	0	8	128	51
Gameplay	scenery/temple/eye/bg_burst00	32	32	11	8	10	15
Gameplay	scenery/temple/eye/bg_burst01	32	32	1	11	29	9
Gameplay	scenery/temple/eye/bg_burst02	32	32	2	2	29	27
Gameplay	scenery/temple/eye/bg_burst03	32	32	6	3	22	26
Gameplay	scenery/temple/eye/bg_burst04	32	32	2	3	29	24
Gameplay	scenery/temple/eye/bg_burst05	32	32	4	3	24	24
Gameplay	scenery/temple/eye/bg_burst06	32	32	3	4	27	22
Gameplay	scenery/temple/eye/bg_burst07	32	32	4	8	22	18
Gameplay	scenery/temple/eye/bg_burst08	32	32	0	0	32	32
Gameplay	scenery/temple/eye/bg_eye	16	16	2	1	12	13
Gameplay	scenery/temple/eye/bg_lid00	16	16	0	0	16	16
Gameplay	scenery/temple/eye/bg_lid01	16	16	2	2	12	12
Gameplay	scenery/temple/eye/bg_lid02	16	16	2	2	12	12
Gameplay	scenery/temple/eye/bg_lid03	16	16	2	2	12	12
Gameplay	scenery/temple/eye/bg_pupil	16	16	5	5	6	6
Gameplay	scenery/temple/eye/fg_burst00	32	32	11	8	10	15
Gameplay	scenery/temple/eye/fg_burst01	32	32	1	11	29	9
Gameplay	scenery/temple/eye/fg_burst02	32	32	2	2	29	27
Gameplay	scenery/temple/eye/fg_burst03	32	32	6	3	22	26
Gameplay	scenery/temple/eye/fg_burst04	32	32	2	3	29	24
Gameplay	scenery/temple/eye/fg_burst05	32	32	4	3	24	24
Gameplay	scenery/temple/eye/fg_burst06	32	32	3	4	27	22
Gameplay	scenery/temple/eye/fg_burst07	32	32	4	8	22	18
Gameplay	scenery/temple/eye/fg_burst08	32	32	0	0	32	32
Gameplay	scenery/temple/eye/fg_eye	16	16	2	1	12	13
Gameplay	scenery/temple/eye/fg_lid00	16	16	0	0	16	16
Gameplay	scenery/temple/eye/fg_lid01	16	16	2	2	12	12
Gameplay	scenery/temple/eye/fg_lid02	16	16	2	2	12	12
Gameplay	scenery/temple/eye/fg_lid03	16	16	2	2	12	12
Gameplay	scenery/temple/eye/fg_pupil	16	16	5	5	6	6
Gameplay	scenery/templemirror	24	24	0	0	24	24
Gameplay	scenery/tentacles/arms00	128	32	0	0	128	32
Gameplay	scenery/tentacles/arms01	128	32	0	0	128	32
Gameplay	scenery/tentacles/arms02	128	32	0	0	128	32
Gameplay	scenery/tentacles/filler00	200	32	0	0	200	32
Gameplay	scenery/tentacles/filler01	200	32	0	0	200	32
Gameplay	scenery/tentacles/filler02	200	32	0	0	200	32
Gameplay	scenery/tvSlices	40	24	2	0	38	24
Gameplay	tilesets/bgBrick	48	120	0	0	48	120
Gameplay	tilesets/bgBrickRuined	48	120	0	0	48	120
Gameplay	tilesets/bgCliffside	48	120	0	0	48	120
Gameplay	tilesets/bgCore	48	120	0	0	48	120
Gameplay	tilesets/bgDirt	48	120	0	0	48	120
Gameplay	tilesets/bgLostLevels	48	120	0	0	48	120
Gameplay	tilesets/bgPool	48	32	0	0	48	32
Gameplay	tilesets/bgReflection	48	120	0	0	48	120
Gameplay	tilesets/bgResortStone	48	16	0	0	48	16
Gameplay	tilesets/bgSnow	48	120	0	0	48	120
Gameplay	tilesets/bgSummit	48	120	0	0	48	120
Gameplay	tilesets/bgTempleA	48	120	0	0	48	120
Gameplay	tilesets/bgTempleB	48	120	0	0	48	120
Gameplay	tilesets/bgWood	48	120	0	0	48	120
Gameplay	tilesets/cement	48	120	0	0	48	120
Gameplay	tilesets/cliffside	48	120	0	0	48	120
Gameplay	tilesets/cliffsideAlt	48	120	0	0	48	120
Gameplay	tilesets/core	48	120	0	0	48	120
Gameplay	tilesets/deadgrass	48	120	0	0	48	120
Gameplay	tilesets/dirt	48	120	0	0	48	120
Gameplay	tilesets/girder	48	120	0	0	48	120
Gameplay	tilesets/grass	48	120	0	0	48	120
Gameplay	tilesets/lostlevels	48	120	0	0	48	120
Gameplay	tilesets/poolEdges	48	120	0	0	48	120
Gameplay	tilesets/reflection	48	120	0	0	48	120
Gameplay	tilesets/reflectionAlt	48	120	0	0	48	120
Gameplay	tilesets/rock	48	120	0	0	48	120
Gameplay	tilesets/scenery	256	256	0	0	240	96
Gameplay	tilesets/scifi	48	120	0	0	48	120
Gameplay	tilesets/snow	48	120	0	0	48	120
Gameplay	tilesets/starJump	48	120	0	0	48	120
Gameplay	tilesets/stone	48	120	0	0	48	120
Gameplay	tilesets/summit	48	120	0	0	48	120
Gameplay	tilesets/summitNoSnow	48	120	0	0	48	120
Gameplay	tilesets/template	48	120	0	0	48	120
Gameplay	tilesets/templeA	48	152	0	0	48	152
Gameplay	tilesets/templeB	48	120	0	0	48	120
Gameplay	tilesets/tower	48	120	0	0	48	120
Gameplay	tilesets/wood	48	120	0	0	48	120
Gameplay	tilesets/woodStoneEdges	48	120	0	0	48	120
Gameplay	util/bloomgradient	256	256	4	4	249	249
Gameplay	util/dasharrow/dasharrow00	24	24	5	7	14	10
Gameplay	util/dasharrow/dasharrow01	24	24	6	6	11	11
Gameplay	util/dasharrow/dasharrow02	24	24	7	5	10	14
Gameplay	util/dasharrow/dasharrow03	24	24	7	6	11	11
Gameplay	util/dasharrow/dasharrow04	24	24	5	7	14	10
Gameplay	util/dasharrow/dasharrow05	24	24	7	7	11	11
Gameplay	util/dasharrow/dasharrow06	24	24	7	5	10	14
Gameplay	util/dasharrow/dasharrow07	24	24	6	7	11	11
Gameplay	util/displacementBlock	256	256	0	0	256	256
Gameplay	util/displacementCircle	290	290	7	7	277	277
Gameplay	util/displacementCircleHollow	290	290	7	7	277	277
Gameplay	util/glove	16	16	3	5	9	9
Gameplay	util/gradient	80	1	0	0	79	1
Gameplay	util/lightbeam	80	1	0	0	80	1
Gameplay	util/noise	128	128	0	0	128	128
Gameplay	util/particle	1	1	0	0	1	1
Gameplay	util/pixel	3	3	0	0	3	3
Gui	adjustarrowleft	160	128	10	27	118	74
Gui	adjustarrowright	160	128	33	27	118	74
Gui	areas/Summit	180	180	6	6	164	171
Gui	areas/Summit_back	180	180	6	6	164	171
Gui	areas/city	180	180	22	20	137	145
Gui	areas/city_back	180	180	22	20	137	145
Gui	areas/cliffside	180	180	19	13	143	150
Gui	areas/cliffside_back	180	180	19	13	143	150
Gui	areas/core	180	180	6	9	160	154
Gui	areas/core_back	180	180	6	9	160	154
Gui	areas/farewell	159	159	8	9	141	140
Gui	areas/farewell_back	159	159	8	9	141	140
Gui	areas/hover	234	306	23	0	190	305
Gui	areas/intro	180	180	18	21	144	140
Gui	areas/intro_back	180	180	18	21	144	140
Gui	areas/lock	200	200	19	40	180	122
Gui	areas/new	50	50	0	0	50	50
Gui	areas/oldsite	180	180	16	13	149	160
Gui	areas/oldsite_back	180	180	16	13	149	160
Gui	areas/reflection	180	180	20	11	138	156
Gui	areas/reflection_back	180	180	20	11	138	156
Gui	areas/resort	180	180	19	14	141	152
Gui	areas/resort_back	180	180	19	14	141	152
Gui	areas/temple	144	173	7	18	131	153
Gui	areas/temple_back	144	173	7	18	131	153
Gui	areaselect/accent	916	173	26	27	54	119
Gui	areaselect/card	855	900	2	0	853	900
Gui	areaselect/card_golden	855	900	2	0	853	900
Gui	areaselect/cardtop	855	105	8	0	847	105
Gui	areaselect/cardtop_golden	855	105	5	0	850	105
Gui	areaselect/checkpoint	150	150	33	33	83	85
Gui	areaselect/startpoint	150	150	36	36	78	78
Gui	areaselect/tab	173	244	0	0	173	244
Gui	areaselect/title	916	173	0	0	916	173
Gui	assistmode	380	380	28	66	334	221
Gui	assistmodestamp	157	131	0	0	157	131
Gui	checkpoint	128	128	10	3	106	122
Gui	collectables/cassette	318	318	27	59	269	169
Gui	collectables/dashes	96	96	19	15	64	71
Gui	collectables/goldberry	96	96	15	1	66	94
Gui	collectables/heartgem/0/spin00	240	240	27	37	184	174
Gui	collectables/heartgem/0/spin01	240	240	34	36	172	175
Gui	collectables/heartgem/0/spin02	240	240	40	35	155	175
Gui	collectables/heartgem/0/spin03	240	240	51	35	127	175
Gui	collectables/heartgem/0/spin04	240	240	56	34	119	176
Gui	collectables/heartgem/0/spin05	240	240	65	32	103	190
Gui	collectables/heartgem/0/spin06	240	240	73	31	103	190
Gui	collectables/heartgem/0/spin07	240	240	63	34	119	176
Gui	collectables/heartgem/0/spin08	240	240	63	35	127	175
Gui	collectables/heartgem/0/spin09	240	240	46	34	155	175
Gui	collectables/heartgem/0/spin10	240	240	34	36	172	174
Gui	collectables/heartgem/1/spin00	240	240	27	37	184	174
Gui	collectables/heartgem/1/spin01	240	240	34	36	172	175
Gui	collectables/heartgem/1/spin02	240	240	40	35	155	175
Gui	collectables/heartgem/1/spin03	240	240	51	35	127	175
Gui	collectables/heartgem/1/spin04	240	240	56	34	119	176
Gui	collectables/heartgem/1/spin05	240	240	65	32	103	190
Gui	collectables/heartgem/1/spin06	240	240	73	31	103	190
Gui	collectables/heartgem/1/spin07	240	240	63	34	119	176
Gui	collectables/heartgem/1/spin08	240	240	63	35	127	175
Gui	collectables/heartgem/1/spin09	240	240	46	34	155	175
Gui	collectables/heartgem/1/spin10	240	240	34	36	172	174
Gui	collectables/heartgem/2/spin00	240	240	27	37	184	174
Gui	collectables/heartgem/2/spin01	240	240	34	36	172	175
Gui	collectables/heartgem/2/spin02	240	240	40	35	155	175
Gui	collectables/heartgem/2/spin03	240	240	51	35	127	175
Gui	collectables/heartgem/2/spin04	240	240	56	34	119	176
Gui	collectables/heartgem/2/spin05	240	240	65	32	103	190
Gui	collectables/heartgem/2/spin06	240	240	73	31	103	190
Gui	collectables/heartgem/2/spin07	240	240	63	34	119	176
Gui	collectables/heartgem/2/spin08	240	240	63	35	127	175
Gui	collectables/heartgem/2/spin09	240	240	46	34	155	175
Gui	collectables/heartgem/2/spin10	240	240	34	36	172	174
Gui	collectables/heartgem/3/FakeHeart0000	240	240	27	37	184	174
Gui	collectables/heartgem/3/FakeHeart0001	240	240	34	36	172	175
Gui	collectables/heartgem/3/FakeHeart0002	240	240	40	35	155	175
Gui	collectables/heartgem/3/FakeHeart0003	240	240	51	35	127	175
Gui	collectables/heartgem/3/FakeHeart0004	240	240	56	34	119	176
Gui	collectables/heartgem/3/FakeHeart0005	240	240	65	32	103	190
Gui	collectables/heartgem/3/FakeHeart0006	240	240	73	31	103	190
Gui	collectables/heartgem/3/FakeHeart0007	240	240	63	34	119	176
Gui	collectables/heartgem/3/FakeHeart0008	240	240	63	35	127	175
Gui	collectables/heartgem/3/FakeHeart0009	240	240	46	34	155	175
Gui	collectables/heartgem/3/FakeHeart0010	240	240	34	36	172	174
Gui	collectables/heartgem/3/FakeHeart0011	240	240	27	37	184	174
Gui	collectables/heartgem/3/FakeHeart0012	240	240	3	13	236	207
Gui	collectables/heartgem/3/FakeHeart0013	240	240	6	10	232	210
Gui	collectables/heartgem/3/FakeHeart0014	240	240	27	37	184	174
Gui	collectables/heartgem/3/FakeHeart0015	240	240	27	37	182	174
Gui	collectables/heartgem/3/FakeHeart0016	240	240	27	37	184	169
Gui	collectables/heartgem/3/FakeHeart0017	240	240	29	41	183	170
Gui	collectables/heartgem/3/FakeHeart0018	240	240	27	37	182	174
Gui	collectables/heartgem/3/FakeHeart0019	240	240	27	37	184	169
Gui	collectables/heartgem/3/FakeHeart0020	240	240	29	41	183	170
Gui	collectables/heartgem/3/FakeHeart0021	240	240	40	47	173	156
Gui	collectables/heartgem/3/FakeHeart0022	240	240	16	20	210	211
Gui	collectables/heartgem/3/FakeHeart0023	240	240	16	17	212	216
Gui	collectables/heartgem/3/FakeHeart0024	240	240	15	16	214	218
Gui	collectables/heartgem/3/FakeHeart0025	240	240	16	20	210	211
Gui	collectables/heartgem/3/FakeHeart0026	240	240	0	0	240	240
Gui	collectables/heartgem/3/FakeHeart0027	240	240	16	20	210	211
Gui	collectables/heartgem/3/FakeHeart0028	240	240	0	0	240	240
Gui	collectables/heartgem/3/FakeHeart0029	240	240	16	20	210	211
Gui	collectables/heartgem/3/FakeHeart0030	240	240	0	0	240	240
Gui	collectables/heartgem/3/FakeHeart0031	240	240	16	20	210	211
Gui	collectables/heartgem/3/FakeHeart0032	240	240	0	0	240	240
Gui	collectables/skullBlue	66	72	7	8	53	56
Gui	collectables/skullGold	66	72	2	3	64	66
Gui	collectables/skullRed	66	72	6	8	56	61
Gui	collectables/strawberry	96	96	14	4	62	85
Gui	controls/directions/-1x-1	72	72	10	11	50	54
Gui	controls/directions/-1x0	72	72	6	6	61	62
Gui	controls/directions/-1x1	72	72	10	10	50	55
Gui	controls/directions/0x-1	72	72	7	3	58	65
Gui	controls/directions/0x1	72	72	7	4	58	65
Gui	controls/directions/1x-1	72	72	10	11	50	54
Gui	controls/directions/1x0	72	72	6	6	61	62
Gui	controls/directions/1x1	72	72	10	10	50	55
Gui	controls/fallback/dpaddown	80	80	8	8	63	63
Gui	controls/fallback/dpadleft	80	80	8	8	63	63
Gui	controls/fallback/dpadright	80	80	8	8	63	63
Gui	controls/fallback/dpadup	80	80	8	8	63	63
Gui	controls/fallback/leftstick	80	80	13	2	54	72
Gui	controls/fallback/leftthumbstickdown	80	80	13	17	54	57
Gui	controls/fallback/leftthumbstickleft	80	80	0	17	67	57
Gui	controls/fallback/leftthumbstickright	80	80	13	17	67	57
Gui	controls/fallback/leftthumbstickup	80	80	13	2	54	72
Gui	controls/fallback/rightstick	80	80	13	2	54	72
Gui	controls/fallback/rightthumbstickdown	80	80	13	17	54	57
Gui	controls/fallback/rightthumbstickleft	80	80	0	17	67	57
Gui	controls/fallback/rightthumbstickright	80	80	13	17	67	57
Gui	controls/fallback/rightthumbstickup	80	80	13	2	54	72
Gui	controls/keyboard/0	80	80	8	8	64	64
Gui	controls/keyboard/1	80	80	8	8	64	64
Gui	controls/keyboard/2	80	80	8	8	64	64
Gui	controls/keyboard/3	80	80	8	8	64	64
Gui	controls/keyboard/4	80	80	8	8	64	64
Gui	controls/keyboard/5	80	80	8	8	64	64
Gui	controls/keyboard/6	80	80	8	8	64	64
Gui	controls/keyboard/7	80	80	8	8	64	64
Gui	controls/keyboard/8	80	80	8	8	64	64
Gui	controls/keyboard/9	80	80	8	8	64	64
Gui	controls/keyboard/B	80	80	8	8	64	64
Gui	controls/keyboard/Back	120	80	6	9	109	61
Gui	controls/keyboard/CapsLock	120	80	6	9	109	61
Gui	controls/keyboard/D	80	80	8	8	64	64
Gui	controls/keyboard/D0	80	80	8	8	64	64
Gui	controls/keyboard/D1	80	80	8	8	64	64
Gui	controls/keyboard/D2	80	80	8	8	64	64
Gui	controls/keyboard/D3	80	80	8	8	64	64
Gui	controls/keyboard/D4	80	80	8	8	64	64
Gui	controls/keyboard/D5	80	80	8	8	64	64
Gui	controls/keyboard/D6	80	80	8	8	64	64
Gui	controls/keyboard/D7	80	80	8	8	64	64
Gui	controls/keyboard/D8	80	80	8	8	64	64
Gui	controls/keyboard/D9	80	80	8	8	64	64
Gui	controls/keyboard/Delete	80	80	8	8	64	64
Gui	controls/keyboard/Down	80	80	8	8	64	64
Gui	controls/keyboard/E	80	80	8	8	64	64
Gui	controls/keyboard/End	80	80	8	8	64	64
Gui	controls/keyboard/Escape	80	80	8	8	64	64
Gui	controls/keyboard/F	80	80	8	8	64	64
Gui	controls/keyboard/F1	80	80	8	8	64	64
Gui	controls/keyboard/F10	80	80	8	8	64	64
Gui	controls/keyboard/F11	80	80	8	8	64	64
Gui	controls/keyboard/F12	80	80	8	8	64	64
Gui	controls/keyboard/F13	80	80	8	8	64	64
Gui	controls/keyboard/F14	80	80	8	8	64	64
Gui	controls/keyboard/F15	80	80	8	8	64	64
Gui	controls/keyboard/F16	80	80	8	8	64	64
Gui	controls/keyboard/F17	80	80	8	8	64	64
Gui	controls/keyboard/F18	80	80	8	8	64	64
Gui	controls/keyboard/F19	80	80	8	8	64	64
Gui	controls/keyboard/F2	80	80	8	8	64	64
Gui	controls/keyboard/F20	80	80	8	8	64	64
Gui	controls/keyboard/F21	80	80	8	8	64	64
Gui	controls/keyboard/F22	80	80	8	8	64	64
Gui	controls/keyboard/F23	80	80	8	8	64	64
Gui	controls/keyboard/F24	80	80	8	8	64	64
Gui	controls/keyboard/F3	80	80	8	8	64	64
Gui	controls/keyboard/F4	80	80	8	8	64	64
Gui	controls/keyboard/F5	80	80	8	8	64	64
Gui	controls/keyboard/F6	80	80	8	8	64	64
Gui	controls/keyboard/F7	80	80	8	8	64	64
Gui	controls/keyboard/F8	80	80	8	8	64	64
Gui	controls/keyboard/F9	80	80	8	8	64	64
Gui	controls/keyboard/G	80	80	8	8	64	64
Gui	controls/keyboard/H	80	80	8	8	64	64
Gui	controls/keyboard/Home	120	80	6	9	109	61
Gui	controls/keyboard/I	80	80	8	8	64	64
Gui	controls/keyboard/Insert	120	80	6	9	109	61
Gui	controls/keyboard/J	80	80	8	8	64	64
Gui	controls/keyboard/K	80	80	8	8	64	64
Gui	controls/keyboard/L	80	80	8	8	64	64
Gui	controls/keyboard/Left	80	80	8	8	64	64
Gui	controls/keyboard/LeftAlt	120	80	6	9	109	61
Gui	controls/keyboard/LeftControl	120	80	6	9	109	61
Gui	controls/keyboard/LeftShift	120	80	6	9	109	61
Gui	controls/keyboard/LeftWindows	120	80	6	9	109	61
Gui	controls/keyboard/M	80	80	8	8	64	64
Gui	controls/keyboard/N	80	80	8	8	64	64
Gui	controls/keyboard/NumLock	120	80	6	9	109	61
Gui	controls/keyboard/NumPad0	120	80	6	9	109	61
Gui	controls/keyboard/NumPad1	120	80	6	9	109	61
Gui	controls/keyboard/NumPad2	120	80	6	9	109	61
Gui	controls/keyboard/NumPad3	120	80	6	9	109	61
Gui	controls/keyboard/NumPad4	120	80	6	9	109	61
Gui	controls/keyboard/NumPad5	120	80	6	9	109	61
Gui	controls/keyboard/NumPad6	120	80	6	9	109	61
Gui	controls/keyboard/NumPad7	120	80	6	9	109	61
Gui	controls/keyboard/NumPad8	120	80	6	9	109	61
Gui	controls/keyboard/NumPad9	120	80	6	9	109	61
Gui	controls/keyboard/O	80	80	8	8	64	64
Gui	controls/keyboard/OemBackslash	80	80	8	8	64	64
Gui	controls/keyboard/OemCloseBrackets	80	80	8	8	64	64
Gui	controls/keyboard/OemComma	80	80	8	8	64	64
Gui	controls/keyboard/OemMinus	80	80	8	8	64	64
Gui	controls/keyboard/OemOpenBrackets	80	80	8	8	64	64
Gui	controls/keyboard/OemPeriod	80	80	8	8	64	64
Gui	controls/keyboard/OemPlus	80	80	8	8	64	64
Gui	controls/keyboard/OemQuestion	80	80	8	8	64	64
Gui	controls/keyboard/OemQuotes	80	80	8	8	64	64
Gui	controls/keyboard/OemSemicolon	80	80	8	8	64	64
Gui	controls/keyboard/OemTilde	80	80	8	8	64	64
Gui	controls/keyboard/P	80	80	8	8	64	64
Gui	controls/keyboard/PageDown	120	80	6	9	109	61
Gui	controls/keyboard/PageUp	120	80	6	9	109	61
Gui	controls/keyboard/Print	120	80	6	9	109	61
Gui	controls/keyboard/PrintScreen	120	80	6	9	109	61
Gui	controls/keyboard/Q	80	80	8	8	64	64
Gui	controls/keyboard/R	80	80	8	8	64	64
Gui	controls/keyboard/Right	80	80	8	8	64	64
Gui	controls/keyboard/RightAlt	120	80	6	9	109	61
Gui	controls/keyboard/RightControl	120	80	6	9	109	61
Gui	controls/keyboard/RightShift	120	80	6	9	109	61
Gui	controls/keyboard/RightWindows	120	80	6	9	109	61
Gui	controls/keyboard/S	80	80	8	8	64	64
Gui	controls/keyboard/Scroll	120	80	6	9	109	61
Gui	controls/keyboard/Select	120	80	6	9	109	61
Gui	controls/keyboard/T	80	80	8	8	64	64
Gui	controls/keyboard/U	80	80	8	8	64	64
Gui	controls/keyboard/Up	80	80	8	8	64	64
Gui	controls/keyboard/W	80	80	8	8	64	64
Gui	controls/keyboard/Y	80	80	8	8	64	64
Gui	controls/keyboard/a	80	80	8	8	64	64
Gui	controls/keyboard/base	80	80	8	8	64	64
Gui	controls/keyboard/base2	120	80	6	9	109	61
Gui	controls/keyboard/c	80	80	8	8	64	64
Gui	controls/keyboard/enter	120	80	6	9	109	61
Gui	controls/keyboard/space	120	80	6	9	109	61
Gui	controls/keyboard/tab	120	80	6	9	109	61
Gui	controls/keyboard/v	80	80	8	8	64	64
Gui	controls/keyboard/x	80	80	8	8	64	64
Gui	controls/keyboard/z	80	80	8	8	64	64
Gui	controls/ns/a	64	64	6	7	51	50
Gui	controls/ns/b	64	64	6	7	51	50
Gui	controls/ns/back	64	64	6	7	51	50
Gui	controls/ns/dpaddown	80	80	7	7	66	66
Gui	controls/ns/dpadleft	80	80	7	7	66	66
Gui	controls/ns/dpadright	80	80	7	7	66	66
Gui	controls/ns/dpadup	80	80	7	7	66	66
Gui	controls/ns/leftshoulder	65	65	7	10	52	46
Gui	controls/ns/leftstick	80	80	10	3	60	74
Gui	controls/ns/leftthumbstickdown	80	80	12	5	56	72
Gui	controls/ns/leftthumbstickleft	80	80	3	12	73	56
Gui	controls/ns/leftthumbstickright	80	80	4	12	73	56
Gui	controls/ns/leftthumbstickup	80	80	12	3	56	74
Gui	controls/ns/lefttrigger	65	65	7	7	52	52
Gui	controls/ns/rightshoulder	65	65	8	10	52	45
Gui	controls/ns/rightstick	80	80	10	3	60	74
Gui	controls/ns/rightthumbstickdown	80	80	12	5	56	72
Gui	controls/ns/rightthumbstickleft	80	80	3	12	73	56
Gui	controls/ns/rightthumbstickright	80	80	4	12	73	56
Gui	controls/ns/rightthumbstickup	80	80	12	3	56	74
Gui	controls/ns/righttrigger	65	65	7	7	52	52
Gui	controls/ns/start	64	64	6	7	51	50
Gui	controls/ns/x	64	64	6	7	51	50
Gui	controls/ns/y	64	64	6	7	51	50
Gui	controls/ns_leftjoycon/-1x-1	80	80	10	12	62	62
Gui	controls/ns_leftjoycon/-1x0	80	80	3	12	73	56
Gui	controls/ns_leftjoycon/-1x1	80	80	10	8	62	60
Gui	controls/ns_leftjoycon/0x-1	80	80	12	3	56	74
Gui	controls/ns_leftjoycon/0x1	80	80	12	5	56	72
Gui	controls/ns_leftjoycon/1x-1	80	80	8	10	60	63
Gui	controls/ns_leftjoycon/1x0	80	80	4	12	73	56
Gui	controls/ns_leftjoycon/1x1	80	80	8	9	62	59
Gui	controls/ns_leftjoycon/a	64	64	6	7	51	50
Gui	controls/ns_leftjoycon/b	64	64	6	7	51	50
Gui	controls/ns_leftjoycon/leftshoulder	65	65	6	12	52	42
Gui	controls/ns_leftjoycon/lefttrigger	65	65	6	12	52	42
Gui	controls/ns_leftjoycon/rightshoulder	65	65	8	12	52	43
Gui	controls/ns_leftjoycon/righttrigger	65	65	8	12	52	43
Gui	controls/ns_leftjoycon/start	64	64	6	7	51	50
Gui	controls/ns_leftjoycon/x	64	64	6	7	51	50
Gui	controls/ns_leftjoycon/y	64	64	6	7	51	50
Gui	controls/ns_rightjoycon/-1x-1	80	80	10	12	62	62
Gui	controls/ns_rightjoycon/-1x0	80	80	3	12	73	56
Gui	controls/ns_rightjoycon/-1x1	80	80	10	8	62	60
Gui	controls/ns_rightjoycon/0x-1	80	80	12	3	56	74
Gui	controls/ns_rightjoycon/0x1	80	80	12	5	56	72
Gui	controls/ns_rightjoycon/1x-1	80	80	8	10	60	63
Gui	controls/ns_rightjoycon/1x0	80	80	4	12	73	56
Gui	controls/ns_rightjoycon/1x1	80	80	8	9	62	59
Gui	controls/ns_rightjoycon/a	64	64	6	7	51	50
Gui	controls/ns_rightjoycon/b	64	64	6	7	51	50
Gui	controls/ns_rightjoycon/leftshoulder	65	65	6	12	52	42
Gui	controls/ns_rightjoycon/lefttrigger	65	65	6	12	52	42
Gui	controls/ns_rightjoycon/rightshoulder	65	65	8	12	52	43
Gui	controls/ns_rightjoycon/righttrigger	65	65	8	12	52	43
Gui	controls/ns_rightjoycon/start	64	64	6	7	51	50
Gui	controls/ns_rightjoycon/x	64	64	6	7	51	50
Gui	controls/ns_rightjoycon/y	64	64	6	7	51	50
Gui	controls/press	12	12	2	4	8	5
Gui	controls/ps4/a	80	80	9	9	61	61
Gui	controls/ps4/b	80	80	9	9	61	61
Gui	controls/ps4/back	80	80	11	4	58	73
Gui	controls/ps4/bigbutton	140	80	14	10	111	59
Gui	controls/ps4/dpaddown	80	80	9	8	63	63
Gui	controls/ps4/dpadleft	80	80	9	8	63	63
Gui	controls/ps4/dpadright	80	80	9	8	63	63
Gui	controls/ps4/dpadup	80	80	8	8	63	63
Gui	controls/ps4/leftShoulder	80	80	4	17	72	45
Gui	controls/ps4/leftTrigger	80	80	6	12	70	63
Gui	controls/ps4/rightshoulder	80	80	4	17	72	45
Gui	controls/ps4/righttrigger	80	80	6	12	70	63
Gui	controls/ps4/start	80	80	9	5	63	72
Gui	controls/ps4/x	80	80	9	9	61	61
Gui	controls/ps4/y	80	80	9	9	61	61
Gui	controls/stadia/a	80	80	8	8	64	64
Gui	controls/stadia/b	80	80	8	8	64	64
Gui	controls/stadia/back	80	80	4	20	72	40
Gui	controls/stadia/leftshoulder	80	80	4	14	72	52
Gui	controls/stadia/lefttrigger	80	80	4	4	72	72
Gui	controls/stadia/rightshoulder	80	80	4	14	72	52
Gui	controls/stadia/righttrigger	80	80	4	4	72	72
Gui	controls/stadia/start	80	80	4	20	72	40
Gui	controls/stadia/x	80	80	8	8	64	64
Gui	controls/stadia/y	80	80	8	8	64	64
Gui	controls/xb1/a	80	80	9	9	61	61
Gui	controls/xb1/b	80	80	9	9	61	61
Gui	controls/xb1/back	80	80	15	15	50	50
Gui	controls/xb1/leftshoulder	80	80	4	19	72	43
Gui	controls/xb1/lefttrigger	80	80	20	4	40	71
Gui	controls/xb1/rightshoulder	80	80	4	19	72	43
Gui	controls/xb1/righttrigger	80	80	20	4	40	71
Gui	controls/xb1/start	80	80	15	15	50	50
Gui	controls/xb1/x	80	80	9	9	61	61
Gui	controls/xb1/y	80	80	9	9	61	61
Gui	creditsGradient	1920	3	673	0	1247	3
Gui	cs_assistmode	141	109	12	15	125	86
Gui	cs_variantmode	141	109	26	9	86	89
Gui	dot	64	64	25	25	14	14
Gui	dot_outline	64	64	22	22	20	20
Gui	dotarrow	64	64	18	14	27	36
Gui	dotarrow_outline	64	64	15	11	33	42
Gui	dotdotdot	64	64	2	38	60	14
Gui	downarrow	32	32	1	0	29	19
Gui	feather/border	207	123	4	5	181	98
Gui	feather/box	300	300	0	0	300	300
Gui	feather/feather0	256	256	10	89	235	78
Gui	feather/feather1	256	256	13	86	232	69
Gui	feather/feather2	256	256	10	92	235	60
Gui	feather/feather3	256	256	12	86	233	68
Gui	feather/feather_half0	256	256	10	111	133	54
Gui	feather/feather_half1	256	256	95	89	150	78
Gui	feather/particle	256	256	0	73	256	99
Gui	feather/slice	512	128	43	56	431	17
Gui	hover/highlight	128	128	20	8	88	112
Gui	hover/idle	128	128	36	47	56	73
Gui	hover/resort	320	320	20	12	281	297
Gui	hover/resort_japanese	320	320	20	12	281	297
Gui	hyperjump/tutorial00	240	140	61	24	112	113
Gui	hyperjump/tutorial01	240	140	61	9	137	107
Gui	logo	1920	1080	394	81	1116	898
Gui	lookout/cursor	128	128	40	40	48	48
Gui	lookout/summit	128	128	17	25	97	72
Gui	matthewseiji	355	45	2	1	350	42
Gui	menu/credits	164	164	5	8	155	148
Gui	menu/exit	164	164	20	15	123	134
Gui	menu/journal	128	128	17	11	92	114
Gui	menu/options	164	164	7	7	149	149
Gui	menu/pico8	164	164	21	18	128	128
Gui	menu/play	318	318	37	36	250	279
Gui	menu/remix	120	120	6	24	110	70
Gui	menu/rmx2	120	120	1	20	115	79
Gui	menu/start	256	223	0	0	256	223
Gui	menu/xb1profile	164	164	8	8	147	147
Gui	mountainSnow	32	32	3	3	25	25
Gui	pico8	568	160	0	0	568	160
Gui	poempage	855	580	9	12	836	559
Gui	poemside	64	64	20	20	23	23
Gui	postcard	859	583	4	0	855	580
Gui	renogare192_0	2048	2048	0	0	2047	1280
Gui	renogare64_0	2048	2048	0	0	2046	168
Gui	save/nonanimated	192	192	23	11	152	175
Gui	save/saveIcon00000	192	192	0	0	192	192
Gui	save/saveIcon00001	192	192	43	42	119	134
Gui	save/saveIcon00002	192	192	32	23	135	153
Gui	save/saveIcon00003	192	192	29	20	142	157
Gui	save/saveIcon00004	192	192	14	18	164	166
Gui	save/saveIcon00005	192	192	6	16	169	162
Gui	save/saveIcon00006	192	192	7	13	168	166
Gui	save/saveIcon00007	192	192	10	14	165	161
Gui	save/saveIcon00008	192	192	32	23	132	151
Gui	save/saveIcon00009	192	192	32	23	132	151
Gui	save/saveIcon00010	192	192	32	23	132	151
Gui	save/saveIcon00011	192	192	32	23	132	151
Gui	save/saveIcon00012	192	192	15	41	166	115
Gui	save/saveIcon00013	192	192	6	62	183	61
Gui	save/saveIcon00014	192	192	24	56	134	71
Gui	save/saveIcon00015	192	192	64	55	93	75
Gui	save/saveIcon00016	192	192	67	54	91	73
Gui	save/saveIcon00017	192	192	65	50	90	77
Gui	save/saveIcon00018	192	192	63	46	80	31
Gui	save/saveIcon00019	192	192	63	46	10	11
Gui	save/saveIcon00020	192	192	0	0	192	192
Gui	strawberryCountBG	288	38	0	0	288	38
Gui	textboxbutton	40	40	6	16	28	12
Gui	tinyarrow	30	64	8	14	18	36
Gui	title	1468	311	5	14	1457	282
Gui	towerarrow	128	128	41	16	49	96
Gui	x	48	48	7	7	34	34
Journal	beat	64	64	2	0	61	57
Journal	cassette	64	64	0	8	64	48
Journal	cassette_outline	64	64	4	13	56	38
Journal	clear	64	64	4	5	57	57
Journal	cover	1800	1010	0	0	1690	1010
Journal	dot	64	64	23	23	18	18
Journal	edge	27	1010	0	0	27	1010
Journal	fullclear	64	64	2	3	58	57
Journal	heartgem0	56	56	0	0	56	56
Journal	heartgem1	56	56	0	0	56	56
Journal	heartgem2	56	56	0	0	56	56
Journal	heartgem_outline	56	56	2	4	50	49
Journal	page	1800	1010	0	0	1692	1010
Journal	pageArrow	80	80	21	14	43	52
Journal	poemArrow	80	80	20	20	49	38
Journal	poemSlider	80	80	21	0	39	79
Journal	skullBlue	66	72	7	8	53	56
Journal	skullGold	66	72	2	3	64	66
Journal	skullRed	66	72	6	8	56	61
Journal	strawberry	56	56	7	0	40	55
Journal	time	50	50	3	0	44	50
Memo	memo	624	920	9	9	603	901
Memo	title_english	624	920	36	37	260	77
Memo	title_japanese	624	920	36	36	260	77
MirrorTemple	00	1068	650	0	0	1068	650
MirrorTemple	01	1068	650	0	0	1068	388
MirrorTemple	02	1068	700	365	0	701	700
MirrorTemple	03	1068	650	551	192	348	308
MirrorTemple	04	1068	650	454	27	146	489
MirrorTemple	05a	1068	650	626	100	66	59
MirrorTemple	05b	1068	650	892	227	71	56
MirrorTemple	05c	1068	650	829	27	55	50
MirrorTemple	06a	1068	700	510	0	123	549
MirrorTemple	06b	1068	700	633	0	305	175
MirrorTemple	06c	1068	700	938	0	130	698
MirrorTemple	07a	1068	700	0	15	214	685
MirrorTemple	07b	1068	700	528	326	421	374
MirrorTemple	08	1068	650	0	241	844	374
MirrorTemple	09a	2136	1300	0	749	1946	551
MirrorTemple	09b	2136	1300	300	319	657	430
MirrorTemple	10	1068	650	726	28	342	622
Misc	darkswamp	500	280	0	0	500	280
Misc	fmod	500	170	25	25	450	120
Misc	fna	400	154	35	28	347	126
Misc	mist	600	600	0	0	600	600
Misc	monogame	560	121	1	1	558	119
Misc	northernlights	256	128	0	0	256	128
Misc	purplesunset	500	280	0	0	500	280
Misc	vignette	320	180	0	0	320	180
Misc	whiteCube	32	32	0	0	32	32
Misc	xna	400	153	0	0	400	153
Mountain	buildings_0	2048	2048	0	0	2048	2048
Mountain	buildings_1	2048	2048	0	0	2048	2048
Mountain	buildings_2	2048	2048	0	0	2048	2048
Mountain	fog	2048	512	0	0	2048	512
Mountain	marker/Fall0000	300	300	40	10	223	284
Mountain	marker/Fall0001	300	300	40	10	223	284
Mountain	marker/runBackpack00000	300	300	40	10	223	284
Mountain	marker/runBackpack00001	300	300	40	10	223	284
Mountain	marker/runBackpack00002	300	300	40	10	223	284
Mountain	marker/runBackpack00003	300	300	40	10	223	284
Mountain	marker/runBackpack00004	300	300	40	10	223	284
Mountain	marker/runBackpack00005	300	300	40	10	223	284
Mountain	marker/runBackpack00006	300	300	40	10	223	284
Mountain	marker/runBackpack00007	300	300	40	10	223	284
Mountain	marker/runBackpack00008	300	300	40	10	223	284
Mountain	marker/runBackpack00009	300	300	40	10	223	284
Mountain	marker/runNoBackpack0000	300	300	40	10	223	284
Mountain	marker/runNoBackpack0001	300	300	40	10	223	284
Mountain	marker/runNoBackpack0002	300	300	40	10	223	284
Mountain	marker/runNoBackpack0003	300	300	40	10	223	284
Mountain	marker/runNoBackpack0004	300	300	40	10	223	284
Mountain	marker/runNoBackpack0005	300	300	40	10	223	284
Mountain	marker/runNoBackpack0006	300	300	40	10	223	284
Mountain	marker/runNoBackpack0007	300	300	40	10	223	284
Mountain	marker/runNoBackpack0008	300	300	40	10	223	284
Mountain	marker/runNoBackpack0009	300	300	40	10	223	284
Mountain	moon	1024	1024	0	0	1024	1024
Mountain	mountain_0	2048	2048	0	0	2048	2048
Mountain	mountain_1	2048	2048	0	0	2048	2048
Mountain	mountain_2	2048	2048	0	0	2048	2048
Mountain	skybox_0	4096	820	0	0	4096	820
Mountain	skybox_1	4096	820	0	0	4096	820
Mountain	skybox_2	4096	820	0	0	4096	820
Mountain	space	2048	623	0	0	2048	623
Mountain	spacestars	1024	256	1	0	1010	256
Mountain	starstream	1024	256	0	6	1024	244
OldSite	00	1068	650	0	0	1068	650
OldSite	01	1068	650	210	244	247	358
OldSite	02	1068	650	93	361	557	195
OldSite	03	1068	650	0	150	1068	500
OldSite	04	1068	650	0	405	1068	245
OldSite	05	1068	650	404	169	325	339
OldSite	06	2136	1300	921	1064	403	227
OldSite	07	1068	650	0	422	1068	228
OldSite	08	2185	1900	1270	300	915	1600
OldSite	09	1068	650	0	65	320	585
OldSite	10	1093	950	495	204	571	746
Opening	gameby	1920	1080	530	339	861	401
Opening	presentedby	1920	1080	617	383	686	315
Overworld	loading/00	200	200	5	5	189	189
Overworld	loading/01	200	200	5	5	189	189
Overworld	loading/02	200	200	5	5	189	189
Overworld	loading/03	200	200	5	5	189	189
Overworld	loading/04	200	200	5	5	189	189
Overworld	loading/05	200	200	5	5	189	189
Overworld	loading/06	200	200	5	5	189	189
Overworld	loading/07	200	200	5	5	189	189
Overworld	loading/08	200	200	5	5	189	189
Overworld	loading/09	200	200	5	5	189	189
Overworld	overlay	1920	1080	0	0	1920	1080
Overworld	snow	256	256	59	68	134	126
Overworld	star	256	256	60	64	122	131
Overworld	vignette	1920	1080	0	0	1920	1080
Portraits	credits/a	800	889	0	0	800	889
Portraits	credits/b	800	889	0	0	800	889
Portraits	credits/c	800	889	0	0	800	889
Portraits	credits/d	800	889	0	0	800	889
Portraits	exph/normal00	160	160	0	0	160	160
Portraits	final1	1920	1080	0	0	1920	1080
Portraits	final2	1920	1080	0	0	1920	1080
Portraits	final3	1920	1080	0	0	1920	1080
Portraits	final4	1920	1080	0	0	1920	1080
Portraits	final5	1920	1080	0	0	1920	1080
Portraits	finalbg	1920	1080	0	0	1920	1080
Portraits	ghost/angry00	160	160	0	0	160	160
Portraits	ghost/angry01	160	160	0	0	160	160
Portraits	ghost/angry02	160	160	0	0	160	160
Portraits	ghost/angry03	160	160	0	0	160	160
Portraits	ghost/angry04	160	160	0	0	160	160
Portraits	ghost/angry05	160	160	0	0	160	160
Portraits	ghost/angry06	160	160	0	0	160	160
Portraits	ghost/angryAlt00	160	160	0	0	160	160
Portraits	ghost/angryAlt01	160	160	0	0	160	160
Portraits	ghost/angryAlt02	160	160	0	0	160	160
Portraits	ghost/angryAlt03	160	160	0	0	160	160
Portraits	ghost/angryAlt04	160	160	0	0	160	160
Portraits	ghost/angryAlt05	160	160	0	0	160	160
Portraits	ghost/angryAlt06	160	160	0	0	160	160
Portraits	ghost/concerned00	160	160	0	0	160	160
Portraits	ghost/concerned01	160	160	0	0	160	160
Portraits	ghost/concerned02	160	160	0	0	160	160
Portraits	ghost/concerned03	160	160	0	0	160	160
Portraits	ghost/concerned04	160	160	0	0	160	160
Portraits	ghost/concerned05	160	160	0	0	160	160
Portraits	ghost/concerned06	160	160	0	0	160	160
Portraits	ghost/freakA00	160	160	0	0	160	160
Portraits	ghost/freakA01	160	160	0	0	160	160
Portraits	ghost/freakA02	160	160	0	0	160	160
Portraits	ghost/freakA03	160	160	0	0	160	160
Portraits	ghost/freakA04	160	160	0	0	160	160
Portraits	ghost/freakA05	160	160	0	0	160	160
Portraits	ghost/freakA06	160	160	0	0	160	160
Portraits	ghost/freakA07	160	160	0	0	160	160
Portraits	ghost/freakA08	160	160	0	0	160	160
Portraits	ghost/freakA09	160	160	0	0	160	160
Portraits	ghost/freakA10	160	160	0	0	160	160
Portraits	ghost/freakB00	640	640	236	179	260	378
Portraits	ghost/freakB01	640	640	236	179	260	378
Portraits	ghost/freakB02	640	640	236	179	260	378
Portraits	ghost/freakB03	640	640	236	179	260	378
Portraits	ghost/freakB04	640	640	236	179	260	378
Portraits	ghost/freakB05	640	640	236	179	260	378
Portraits	ghost/freakB06	640	640	236	179	260	378
Portraits	ghost/freakB07	640	640	236	178	263	375
Portraits	ghost/freakB08	640	640	236	185	260	378
Portraits	ghost/freakB09	640	640	236	190	257	381
Portraits	ghost/freakB10	640	640	236	186	263	366
Portraits	ghost/freakB11	640	640	240	240	160	160
Portraits	ghost/freakB12	640	640	213	167	282	302
Portraits	ghost/freakB13	640	640	236	203	289	322
Portraits	ghost/freakB14	640	640	236	192	255	332
Portraits	ghost/freakB15	640	640	236	187	262	371
Portraits	ghost/freakB16	640	640	215	87	391	432
Portraits	ghost/freakB17	640	640	233	143	386	331
Portraits	ghost/freakB18	640	640	233	184	326	300
Portraits	ghost/freakC00	640	640	215	89	389	427
Portraits	ghost/freakC01	640	640	215	89	389	427
Portraits	ghost/freakC02	640	640	215	89	389	427
Portraits	ghost/freakC03	640	640	215	89	389	427
Portraits	ghost/freakC04	640	640	215	89	389	427
Portraits	ghost/freakC05	640	640	215	89	389	427
Portraits	ghost/freakC06	640	640	215	89	389	427
Portraits	ghost/freakC07	640	640	215	89	389	427
Portraits	ghost/freakC08	640	640	215	89	389	427
Portraits	ghost/freakC09	640	640	215	89	389	427
Portraits	ghost/freakC10	640	640	215	87	391	432
Portraits	ghost/freakC11	640	640	233	203	306	304
Portraits	ghost/freakC12	640	640	238	183	277	341
Portraits	ghost/freakC13	640	640	215	153	373	327
Portraits	ghost/freakC14	640	640	215	117	389	362
Portraits	ghost/freakC15	640	640	215	61	415	385
Portraits	ghost/freakC16	640	640	215	101	424	344
Portraits	ghost/freakC17	640	640	215	89	389	426
Portraits	ghost/normal00	160	160	0	0	160	160
Portraits	ghost/normal01	160	160	0	0	160	160
Portraits	ghost/normal02	160	160	0	0	160	160
Portraits	ghost/normal03	160	160	0	0	160	160
Portraits	ghost/normal04	160	160	0	0	160	160
Portraits	ghost/normal05	160	160	0	0	160	160
Portraits	ghost/normal06	160	160	0	0	160	160
Portraits	ghost/sad00	160	160	0	0	160	160
Portraits	ghost/sad01	160	160	0	0	160	160
Portraits	ghost/sad02	160	160	0	0	160	160
Portraits	ghost/sad03	160	160	0	0	160	160
Portraits	ghost/sad04	160	160	0	0	160	160
Portraits	ghost/scoff00	160	160	0	0	160	160
Portraits	ghost/scoff01	160	160	0	0	160	160
Portraits	ghost/scoff02	160	160	0	0	160	160
Portraits	ghost/scoff03	160	160	0	0	160	160
Portraits	ghost/scoff04	160	160	0	0	160	160
Portraits	ghost/scoff05	160	160	0	0	160	160
Portraits	ghost/scoff06	160	160	0	0	160	160
Portraits	ghost/scoff07	160	160	0	0	160	160
Portraits	ghost/scoff08	160	160	0	0	160	160
Portraits	ghost/scoff09	160	160	0	0	160	160
Portraits	ghost/scoff10	160	160	0	0	160	160
Portraits	ghost/scoff11	160	160	0	0	160	160
Portraits	ghost/scoff12	160	160	0	0	160	160
Portraits	ghost/scoff13	160	160	0	0	160	160
Portraits	ghost/serious00	640	640	240	240	160	161
Portraits	ghost/serious01	640	640	240	240	170	185
Portraits	ghost/serious02	640	640	240	240	184	173
Portraits	ghost/serious03	640	640	240	240	188	207
Portraits	ghost/serious04	640	640	240	240	188	222
Portraits	ghost/serious05	640	640	240	240	188	269
Portraits	ghost/serious06	640	640	240	240	188	276
Portraits	ghost/serious07	640	640	240	240	188	278
Portraits	ghost/serious08	640	640	240	240	188	278
Portraits	ghost/serious09	640	640	240	240	188	278
Portraits	ghost/serious10	640	640	240	240	188	278
Portraits	ghost/serious11	640	640	240	240	214	270
Portraits	ghost/serious12	640	640	240	240	218	264
Portraits	ghost/serious13	640	640	240	240	219	264
Portraits	ghost/serious14	640	640	240	240	219	264
Portraits	ghost/serious15	640	640	240	240	219	264
Portraits	ghost/serious16	640	640	240	240	219	264
Portraits	ghost/serious17	640	640	240	240	214	270
Portraits	ghost/serious18	640	640	240	240	188	278
Portraits	ghost/serious19	640	640	240	240	169	279
Portraits	ghost/serious20	640	640	240	240	160	279
Portraits	ghost/serious21	640	640	240	240	160	279
Portraits	ghost/serious22	640	640	240	240	160	279
Portraits	ghost/serious23	640	640	240	240	160	279
Portraits	ghost/serious24	640	640	240	240	160	279
Portraits	ghost/serious25	640	640	240	240	160	279
Portraits	ghost/serious26	640	640	240	240	160	279
Portraits	ghost/serious27	640	640	240	240	160	279
Portraits	ghost/serious28	640	640	240	240	219	264
Portraits	ghost/serious29	640	640	240	240	219	264
Portraits	ghost/sigh00	160	160	0	0	160	160
Portraits	ghost/sigh01	160	160	0	0	160	160
Portraits	ghost/sigh02	160	160	0	0	160	160
Portraits	ghost/sigh03	160	160	0	0	160	160
Portraits	ghost/sigh04	160	160	0	0	160	160
Portraits	ghost/sigh05	160	160	0	0	160	160
Portraits	ghost/sigh06	160	160	0	0	160	160
Portraits	ghost/sigh07	160	160	0	0	160	160
Portraits	ghost/sigh08	160	160	0	0	160	160
Portraits	ghost/sigh09	160	160	0	0	160	160
Portraits	ghost/sigh10	160	160	0	0	160	160
Portraits	ghost/sigh11	160	160	0	0	160	160
Portraits	ghost/sigh12	160	160	0	0	160	160
Portraits	ghost/sigh13	160	160	0	0	160	160
Portraits	ghost/upset00	160	160	0	0	160	160
Portraits	ghost/upset01	160	160	0	0	160	160
Portraits	ghost/upset02	160	160	0	0	160	160
Portraits	ghost/upset03	160	160	0	0	160	160
Portraits	ghost/upset04	160	160	0	0	160	160
Portraits	ghost/upset05	160	160	0	0	160	160
Portraits	ghost/upset06	160	160	0	0	160	160
Portraits	ghost/worried00	160	160	0	0	160	160
Portraits	ghost/worried01	160	160	0	0	160	160
Portraits	ghost/worried02	160	160	0	0	160	160
Portraits	ghost/worried03	160	160	0	0	160	160
Portraits	ghost/worried04	160	160	0	0	160	160
Portraits	ghost/worried05	160	160	0	0	160	160
Portraits	ghost/worried06	160	160	0	0	160	160
Portraits	ghost/worriedAlt00	160	160	0	0	160	160
Portraits	ghost/worriedAlt01	160	160	0	0	160	160
Portraits	ghost/worriedAlt02	160	160	0	0	160	160
Portraits	ghost/worriedAlt03	160	160	0	0	160	160
Portraits	ghost/worriedAlt04	160	160	0	0	160	160
Portraits	ghost/worriedAlt05	160	160	0	0	160	160
Portraits	ghost/worriedAlt06	160	160	0	0	160	160
Portraits	ghost/yell00	160	160	0	0	160	160
Portraits	ghost/yell01	160	160	0	0	160	160
Portraits	ghost/yell02	160	160	0	0	160	160
Portraits	ghost/yell03	160	160	0	0	160	160
Portraits	ghost/yell04	160	160	0	0	160	160
Portraits	ghost/yell05	160	160	0	0	160	160
Portraits	ghost/yell06	160	160	0	0	160	160
Portraits	granny/creepA00	160	160	0	0	160	160
Portraits	granny/creepA04	160	160	0	0	160	160
Portraits	granny/creepA05	160	160	0	0	160	160
Portraits	granny/creepA06	160	160	0	0	160	160
Portraits	granny/creepA07	160	160	0	0	160	160
Portraits	granny/creepA08	160	160	0	0	160	160
Portraits	granny/creepB00	160	160	0	0	160	160
Portraits	granny/creepB04	160	160	0	0	160	160
Portraits	granny/creepB05	160	160	0	0	160	160
Portraits	granny/creepB06	160	160	0	0	160	160
Portraits	granny/creepB07	160	160	0	0	160	160
Portraits	granny/creepB08	160	160	0	0	160	160
Portraits	granny/laugh00	160	160	0	0	160	160
Portraits	granny/laugh01	160	160	0	0	160	160
Portraits	granny/laugh02	160	160	0	0	160	160
Portraits	granny/laugh03	160	160	0	0	160	160
Portraits	granny/mock00	160	160	0	0	160	160
Portraits	granny/mock01	160	160	0	0	160	160
Portraits	granny/mock02	160	160	0	0	160	160
Portraits	granny/mock03	160	160	0	0	160	160
Portraits	granny/mock04	160	160	0	0	160	160
Portraits	granny/mock05	160	160	0	0	160	160
Portraits	granny/normal00	160	160	0	0	160	160
Portraits	granny/normal01	160	160	0	0	160	160
Portraits	granny/normal02	160	160	0	0	160	160
Portraits	granny/normal03	160	160	0	0	160	160
Portraits	granny/normal04	160	160	0	0	160	160
Portraits	granny/normal05	160	160	0	0	160	160
Portraits	granny/normal06	160	160	0	0	160	160
Portraits	granny/normal07	160	160	0	0	160	160
Portraits	granny/normal08	160	160	0	0	160	160
Portraits	granny/normal09	160	160	0	0	160	160
Portraits	granny/normal10	160	160	0	0	160	160
Portraits	granny/normal11	160	160	0	0	160	160
Portraits	granny/normal12	160	160	0	0	160	160
Portraits	granny/normal13	160	160	0	0	160	160
Portraits	granny/normal14	160	160	0	0	160	160
Portraits	hug-light1	1920	1080	720	304	842	651
Portraits	hug-light2a	1920	1080	723	310	844	640
Portraits	hug-light2b	1920	1080	764	332	752	560
Portraits	hug-light2c	1920	1080	723	310	836	628
Portraits	hug1	1920	1080	530	130	953	781
Portraits	hug2	1920	1080	529	168	1020	784
Portraits	madeline/angry00	160	160	0	0	160	160
Portraits	madeline/angry01	160	160	0	0	160	160
Portraits	madeline/angry02	160	160	0	0	160	160
Portraits	madeline/angry03	160	160	0	0	160	160
Portraits	madeline/angry04	160	160	0	0	160	160
Portraits	madeline/angry05	160	160	0	0	160	160
Portraits	madeline/angry06	160	160	0	0	160	160
Portraits	madeline/deadpan00	160	160	0	0	160	160
Portraits	madeline/deadpan01	160	160	0	0	160	160
Portraits	madeline/deadpan02	160	160	0	0	160	160
Portraits	madeline/deadpan03	160	160	0	0	160	160
Portraits	madeline/deadpan04	160	160	0	0	160	160
Portraits	madeline/deadpan05	160	160	0	0	160	160
Portraits	madeline/deadpan06	160	160	0	0	160	160
Portraits	madeline/deadpan07	160	160	0	0	160	160
Portraits	madeline/deadpan08	160	160	0	0	160	160
Portraits	madeline/determined00	160	160	0	0	160	160
Portraits	madeline/determined01	160	160	0	0	160	160
Portraits	madeline/determined02	160	160	0	0	160	160
Portraits	madeline/determined03	160	160	0	0	160	160
Portraits	madeline/determined04	160	160	0	0	160	160
Portraits	madeline/determined05	160	160	0	0	160	160
Portraits	madeline/determined06	160	160	0	0	160	160
Portraits	madeline/determined07	160	160	0	0	160	160
Portraits	madeline/determined08	160	160	0	0	160	160
Portraits	madeline/determined09	160	160	0	0	160	160
Portraits	madeline/determined10	160	160	0	0	160	160
Portraits	madeline/distracted00	160	160	0	0	160	160
Portraits	madeline/distracted01	160	160	0	0	160	160
Portraits	madeline/distracted02	160	160	0	0	160	160
Portraits	madeline/distracted03	160	160	0	0	160	160
Portraits	madeline/distracted04	160	160	0	0	160	160
Portraits	madeline/distracted05	160	160	0	0	160	160
Portraits	madeline/distracted06	160	160	0	0	160	160
Portraits	madeline/distracted07	160	160	0	0	160	160
Portraits	madeline/distracted08	160	160	0	0	160	160
Portraits	madeline/distracted09	160	160	0	0	160	160
Portraits	madeline/normal00	160	160	0	0	160	160
Portraits	madeline/normal01	160	160	0	0	160	160
Portraits	madeline/normal02	160	160	0	0	160	160
Portraits	madeline/normal03	160	160	0	0	160	160
Portraits	madeline/normal04	160	160	0	0	160	160
Portraits	madeline/normal05	160	160	0	0	160	160
Portraits	madeline/normal06	160	160	0	0	160	160
Portraits	madeline/panic00	160	160	0	0	160	160
Portraits	madeline/panic01	160	160	0	0	160	160
Portraits	madeline/panic02	160	160	0	0	160	160
Portraits	madeline/panic03	160	160	0	0	160	160
Portraits	madeline/panic04	160	160	0	0	160	160
Portraits	madeline/peaceful00	160	160	0	0	160	160
Portraits	madeline/peaceful01	160	160	0	0	160	160
Portraits	madeline/peaceful02	160	160	0	0	160	160
Portraits	madeline/peaceful03	160	160	0	0	160	160
Portraits	madeline/sad00	160	160	0	0	160	160
Portraits	madeline/sad01	160	160	0	0	160	160
Portraits	madeline/sad02	160	160	0	0	160	160
Portraits	madeline/sad03	160	160	0	0	160	160
Portraits	madeline/sad04	160	160	0	0	160	160
Portraits	madeline/sad05	160	160	0	0	160	160
Portraits	madeline/sad06	160	160	0	0	160	160
Portraits	madeline/sadder00	160	160	0	0	160	160
Portraits	madeline/sadder01	160	160	0	0	160	160
Portraits	madeline/sadder02	160	160	0	0	160	160
Portraits	madeline/sadder03	160	160	0	0	160	160
Portraits	madeline/sadder04	160	160	0	0	160	160
Portraits	madeline/sadder05	160	160	0	0	160	160
Portraits	madeline/sadder06	160	160	0	0	160	160
Portraits	madeline/surprised00	160	160	0	0	160	160
Portraits	madeline/surprised01	160	160	0	0	160	160
Portraits	madeline/surprised02	160	160	0	0	160	160
Portraits	madeline/surprised03	160	160	0	0	160	160
Portraits	madeline/surprised04	160	160	0	0	160	160
Portraits	madeline/surprised05	160	160	0	0	160	160
Portraits	madeline/surprised06	160	160	0	0	160	160
Portraits	madeline/together00	160	160	0	0	160	160
Portraits	madeline/together01	160	160	0	0	160	160
Portraits	madeline/together02	160	160	0	0	160	160
Portraits	madeline/together03	160	160	0	0	160	160
Portraits	madeline/together04	160	160	0	0	160	160
Portraits	madeline/together05	160	160	0	0	160	160
Portraits	madeline/together06	160	160	0	0	160	160
Portraits	madeline/togetherZoom00	160	160	0	0	160	160
Portraits	madeline/togetherZoom01	160	160	0	0	160	160
Portraits	madeline/togetherZoom02	160	160	0	0	160	160
Portraits	madeline/togetherZoom03	160	160	0	0	160	160
Portraits	madeline/togetherZoom04	160	160	0	0	160	160
Portraits	madeline/togetherZoom05	160	160	0	0	160	160
Portraits	madeline/togetherZoom06	160	160	0	0	160	160
Portraits	madeline/togetherZoom07	160	160	0	0	160	160
Portraits	madeline/togetherZoom08	160	160	0	0	160	160
Portraits	madeline/togetherZoom09	160	160	0	0	160	160
Portraits	madeline/togetherZoom10	160	160	0	0	160	160
Portraits	madeline/togetherZoom11	160	160	0	0	160	160
Portraits	madeline/togetherZoom12	160	160	0	0	160	160
Portraits	madeline/togetherZoom13	160	160	0	0	160	160
Portraits	madeline/togetherZoom14	160	160	0	0	160	160
Portraits	madeline/togetherZoom15	160	160	0	0	160	160
Portraits	madeline/togetherZoom16	160	160	0	0	160	160
Portraits	madeline/upset00	160	160	0	0	160	160
Portraits	madeline/upset01	160	160	0	0	160	160
Portraits	madeline/upset02	160	160	0	0	160	160
Portraits	madeline/upset03	160	160	0	0	160	160
Portraits	madeline/upset04	160	160	0	0	160	160
Portraits	madeline/upset05	160	160	0	0	160	160
Portraits	madeline/upset06	160	160	0	0	160	160
Portraits	madelinemirror/angry00	160	160	0	0	160	160
Portraits	madelinemirror/angry01	160	160	0	0	160	160
Portraits	madelinemirror/angry02	160	160	0	0	160	160
Portraits	madelinemirror/angry03	160	160	0	0	160	160
Portraits	madelinemirror/angry04	160	160	0	0	160	160
Portraits	madelinemirror/angry05	160	160	0	0	160	160
Portraits	madelinemirror/angry06	160	160	0	0	160	160
Portraits	madelinemirror/angry07	160	160	0	0	160	160
Portraits	madelinemirror/angry08	160	160	0	0	160	160
Portraits	madelinemirror/angry09	160	160	0	0	160	160
Portraits	madelinemirror/angry10	160	160	0	0	160	160
Portraits	madelinemirror/deadpan00	160	160	0	0	160	160
Portraits	madelinemirror/deadpan01	160	160	0	0	160	160
Portraits	madelinemirror/deadpan02	160	160	0	0	160	160
Portraits	madelinemirror/deadpan03	160	160	0	0	160	160
Portraits	madelinemirror/deadpan04	160	160	0	0	160	160
Portraits	madelinemirror/deadpan05	160	160	0	0	160	160
Portraits	madelinemirror/deadpan06	160	160	0	0	160	160
Portraits	madelinemirror/deadpan07	160	160	0	0	160	160
Portraits	madelinemirror/deadpan08	160	160	0	0	160	160
Portraits	madelinemirror/deadpan09	160	160	0	0	160	160
Portraits	madelinemirror/deadpan10	160	160	0	0	160	160
Portraits	madelinemirror/deadpan11	160	160	0	0	160	160
Portraits	madelinemirror/deadpan12	160	160	0	0	160	160
Portraits	madelinemirror/determined00	160	160	0	0	160	160
Portraits	madelinemirror/determined01	160	160	0	0	160	160
Portraits	madelinemirror/determined02	160	160	0	0	160	160
Portraits	madelinemirror/determined03	160	160	0	0	160	160
Portraits	madelinemirror/determined04	160	160	0	0	160	160
Portraits	madelinemirror/determined05	160	160	0	0	160	160
Portraits	madelinemirror/determined06	160	160	0	0	160	160
Portraits	madelinemirror/determined07	160	160	0	0	160	160
Portraits	madelinemirror/determined08	160	160	0	0	160	160
Portraits	madelinemirror/determined09	160	160	0	0	160	160
Portraits	madelinemirror/determined10	160	160	0	0	160	160
Portraits	madelinemirror/determined11	160	160	0	0	160	160
Portraits	madelinemirror/determined12	160	160	0	0	160	160
Portraits	madelinemirror/determined13	160	160	0	0	160	160
Portraits	madelinemirror/determined14	160	160	0	0	160	160
Portraits	madelinemirror/distracted00	160	160	0	0	160	160
Portraits	madelinemirror/distracted01	160	160	0	0	160	160
Portraits	madelinemirror/distracted02	160	160	0	0	160	160
Portraits	madelinemirror/distracted03	160	160	0	0	160	160
Portraits	madelinemirror/distracted04	160	160	0	0	160	160
Portraits	madelinemirror/distracted05	160	160	0	0	160	160
Portraits	madelinemirror/distracted06	160	160	0	0	160	160
Portraits	madelinemirror/distracted07	160	160	0	0	160	160
Portraits	madelinemirror/distracted08	160	160	0	0	160	160
Portraits	madelinemirror/distracted09	160	160	0	0	160	160
Portraits	madelinemirror/distracted10	160	160	0	0	160	160
Portraits	madelinemirror/distracted11	160	160	0	0	160	160
Portraits	madelinemirror/distracted12	160	160	0	0	160	160
Portraits	madelinemirror/distracted13	160	160	0	0	160	160
Portraits	madelinemirror/normal00	160	160	0	0	160	160
Portraits	madelinemirror/normal01	160	160	0	0	160	160
Portraits	madelinemirror/normal02	160	160	0	0	160	160
Portraits	madelinemirror/normal03	160	160	0	0	160	160
Portraits	madelinemirror/normal04	160	160	0	0	160	160
Portraits	madelinemirror/normal05	160	160	0	0	160	160
Portraits	madelinemirror/normal06	160	160	0	0	160	160
Portraits	madelinemirror/normal07	160	160	0	0	160	160
Portraits	madelinemirror/normal08	160	160	0	0	160	160
Portraits	madelinemirror/normal09	160	160	0	0	160	160
Portraits	madelinemirror/normal10	160	160	0	0	160	160
Portraits	madelinemirror/panic00	160	160	0	0	160	160
Portraits	madelinemirror/panic01	160	160	0	0	160	160
Portraits	madelinemirror/panic02	160	160	0	0	160	160
Portraits	madelinemirror/panic03	160	160	0	0	160	160
Portraits	madelinemirror/panic04	160	160	0	0	160	160
Portraits	madelinemirror/panic05	160	160	0	0	160	160
Portraits	madelinemirror/panic06	160	160	0	0	160	160
Portraits	madelinemirror/panic07	160	160	0	0	160	160
Portraits	madelinemirror/panic08	160	160	0	0	160	160
Portraits	madelinemirror/sad00	160	160	0	0	160	160
Portraits	madelinemirror/sad01	160	160	0	0	160	160
Portraits	madelinemirror/sad02	160	160	0	0	160	160
Portraits	madelinemirror/sad03	160	160	0	0	160	160
Portraits	madelinemirror/sad04	160	160	0	0	160	160
Portraits	madelinemirror/sad05	160	160	0	0	160	160
Portraits	madelinemirror/sad06	160	160	0	0	160	160
Portraits	madelinemirror/sad07	160	160	0	0	160	160
Portraits	madelinemirror/sad08	160	160	0	0	160	160
Portraits	madelinemirror/sad09	160	160	0	0	160	160
Portraits	madelinemirror/sad10	160	160	0	0	160	160
Portraits	madelinemirror/surprised00	160	160	0	0	160	160
Portraits	madelinemirror/surprised01	160	160	0	0	160	160
Portraits	madelinemirror/surprised02	160	160	0	0	160	160
Portraits	madelinemirror/surprised03	160	160	0	0	160	160
Portraits	madelinemirror/surprised04	160	160	0	0	160	160
Portraits	madelinemirror/surprised05	160	160	0	0	160	160
Portraits	madelinemirror/surprised06	160	160	0	0	160	160
Portraits	madelinemirror/surprised07	160	160	0	0	160	160
Portraits	madelinemirror/surprised08	160	160	0	0	160	160
Portraits	madelinemirror/surprised09	160	160	0	0	160	160
Portraits	madelinemirror/surprised10	160	160	0	0	160	160
Portraits	madelinemirror/upset00	160	160	0	0	160	160
Portraits	madelinemirror/upset01	160	160	0	0	160	160
Portraits	madelinemirror/upset02	160	160	0	0	160	160
Portraits	madelinemirror/upset03	160	160	0	0	160	160
Portraits	madelinemirror/upset04	160	160	0	0	160	160
Portraits	madelinemirror/upset05	160	160	0	0	160	160
Portraits	madelinemirror/upset06	160	160	0	0	160	160
Portraits	madelinemirror/upset07	160	160	0	0	160	160
Portraits	madelinemirror/upset08	160	160	0	0	160	160
Portraits	madelinemirror/upset09	160	160	0	0	160	160
Portraits	madelinemirror/upset10	160	160	0	0	160	160
Portraits	madelineph/angry00	160	160	0	0	160	160
Portraits	madelineph/angry01	160	160	0	0	160	160
Portraits	madelineph/angry02	160	160	0	0	160	160
Portraits	madelineph/angry03	160	160	0	0	160	160
Portraits	madelineph/angry04	160	160	0	0	160	160
Portraits	madelineph/angry05	160	160	0	0	160	160
Portraits	madelineph/angry06	160	160	0	0	160	160
Portraits	madelineph/distracted00	160	160	0	0	160	160
Portraits	madelineph/distracted01	160	160	0	0	160	160
Portraits	madelineph/distracted02	160	160	0	0	160	160
Portraits	madelineph/distracted03	160	160	0	0	160	160
Portraits	madelineph/distracted04	160	160	0	0	160	160
Portraits	madelineph/distracted05	160	160	0	0	160	160
Portraits	madelineph/distracted06	160	160	0	0	160	160
Portraits	madelineph/distracted07	160	160	0	0	160	160
Portraits	madelineph/distracted08	160	160	0	0	160	160
Portraits	madelineph/distracted09	160	160	0	0	160	160
Portraits	madelineph/normal00	160	160	0	0	160	160
Portraits	madelineph/normal01	160	160	0	0	160	160
Portraits	madelineph/normal02	160	160	0	0	160	160
Portraits	madelineph/normal03	160	160	0	0	160	160
Portraits	madelineph/normal04	160	160	0	0	160	160
Portraits	madelineph/normal05	160	160	0	0	160	160
Portraits	madelineph/normal06	160	160	0	0	160	160
Portraits	madelineph/sad00	160	160	0	0	160	160
Portraits	madelineph/sad01	160	160	0	0	160	160
Portraits	madelineph/sad02	160	160	0	0	160	160
Portraits	madelineph/sad03	160	160	0	0	160	160
Portraits	madelineph/sad04	160	160	0	0	160	160
Portraits	madelineph/sad05	160	160	0	0	160	160
Portraits	madelineph/sad06	160	160	0	0	160	160
Portraits	madelineph/surprised00	160	160	0	0	160	160
Portraits	madelineph/surprised01	160	160	0	0	160	160
Portraits	madelineph/surprised02	160	160	0	0	160	160
Portraits	madelineph/surprised03	160	160	0	0	160	160
Portraits	madelineph/surprised04	160	160	0	0	160	160
Portraits	madelineph/surprised05	160	160	0	0	160	160
Portraits	madelineph/surprised06	160	160	0	0	160	160
Portraits	madelineph/upset00	160	160	0	0	160	160
Portraits	madelineph/upset01	160	160	0	0	160	160
Portraits	madelineph/upset02	160	160	0	0	160	160
Portraits	madelineph/upset03	160	160	0	0	160	160
Portraits	madelineph/upset04	160	160	0	0	160	160
Portraits	madelineph/upset05	160	160	0	0	160	160
Portraits	madelineph/upset06	160	160	0	0	160	160
Portraits	mom/concerned00	160	160	0	0	160	160
Portraits	mom/concerned01	160	160	0	0	160	160
Portraits	mom/concerned02	160	160	0	0	160	160
Portraits	mom/concerned03	160	160	0	0	160	160
Portraits	mom/concerned04	160	160	0	0	160	160
Portraits	mom/concerned05	160	160	0	0	160	160
Portraits	mom/concerned06	160	160	0	0	160	160
Portraits	mom/normal00	160	160	0	0	160	160
Portraits	mom/normal01	160	160	0	0	160	160
Portraits	mom/normal02	160	160	0	0	160	160
Portraits	mom/normal03	160	160	0	0	160	160
Portraits	mom/normal04	160	160	0	0	160	160
Portraits	mom/normal05	160	160	0	0	160	160
Portraits	mom/normal06	160	160	0	0	160	160
Portraits	momph/concerned00	160	160	0	0	160	160
Portraits	momph/concerned01	160	160	0	0	160	160
Portraits	momph/concerned02	160	160	0	0	160	160
Portraits	momph/concerned03	160	160	0	0	160	160
Portraits	momph/concerned04	160	160	0	0	160	160
Portraits	momph/concerned05	160	160	0	0	160	160
Portraits	momph/concerned06	160	160	0	0	160	160
Portraits	momph/normal00	160	160	0	0	160	160
Portraits	momph/normal01	160	160	0	0	160	160
Portraits	momph/normal02	160	160	0	0	160	160
Portraits	momph/normal03	160	160	0	0	160	160
Portraits	momph/normal04	160	160	0	0	160	160
Portraits	momph/normal05	160	160	0	0	160	160
Portraits	momph/normal06	160	160	0	0	160	160
Portraits	noise/00	160	160	0	0	160	160
Portraits	noise/01	160	160	0	0	160	160
Portraits	noise/02	160	160	0	0	160	160
Portraits	oshiro/drama00	160	160	0	0	160	160
Portraits	oshiro/drama01	160	160	0	0	160	160
Portraits	oshiro/drama02	160	160	0	0	160	160
Portraits	oshiro/drama03	160	160	0	0	160	160
Portraits	oshiro/drama04	160	160	0	0	160	160
Portraits	oshiro/drama05	160	160	0	0	160	160
Portraits	oshiro/lostcontrol00	160	160	0	0	160	160
Portraits	oshiro/lostcontrol01	160	160	0	0	160	160
Portraits	oshiro/lostcontrol02	160	160	0	0	160	160
Portraits	oshiro/lostcontrol03	160	160	0	0	160	160
Portraits	oshiro/lostcontrol04	160	160	0	0	160	160
Portraits	oshiro/lostcontrol05	160	160	0	0	160	160
Portraits	oshiro/nervous00	160	160	0	0	160	160
Portraits	oshiro/nervous01	160	160	0	0	160	160
Portraits	oshiro/nervous02	160	160	0	0	160	160
Portraits	oshiro/nervous03	160	160	0	0	160	160
Portraits	oshiro/nervous04	160	160	0	0	160	160
Portraits	oshiro/nervous05	160	160	0	0	160	160
Portraits	oshiro/nervous06	160	160	0	0	160	160
Portraits	oshiro/nervous07	160	160	0	0	160	160
Portraits	oshiro/normal00	160	160	0	0	160	160
Portraits	oshiro/normal01	160	160	0	0	160	160
Portraits	oshiro/normal02	160	160	0	0	160	160
Portraits	oshiro/normal03	160	160	0	0	160	160
Portraits	oshiro/normal04	160	160	0	0	160	160
Portraits	oshiro/normal05	160	160	0	0	160	160
Portraits	oshiro/normal06	160	160	0	0	160	160
Portraits	oshiro/normal07	160	160	0	0	160	160
Portraits	oshiro/normal08	160	160	0	0	160	160
Portraits	oshiro/normal09	160	160	0	0	160	160
Portraits	oshiro/normal10	160	160	0	0	160	160
Portraits	oshiro/normal11	160	160	0	0	160	160
Portraits	oshiro/normal12	160	160	0	0	160	160
Portraits	oshiro/serious00	160	160	0	0	160	160
Portraits	oshiro/serious01	160	160	0	0	160	160
Portraits	oshiro/serious02	160	160	0	0	160	160
Portraits	oshiro/serious03	160	160	0	0	160	160
Portraits	oshiro/serious04	160	160	0	0	160	160
Portraits	oshiro/serious05	160	160	0	0	160	160
Portraits	oshiro/serious06	160	160	0	0	160	160
Portraits	oshiro/serious07	160	160	0	0	160	160
Portraits	oshiro/sidehappy00	160	160	0	0	160	160
Portraits	oshiro/sidehappy01	160	160	0	0	160	160
Portraits	oshiro/sidehappy02	160	160	0	0	160	160
Portraits	oshiro/sidehappy03	160	160	0	0	160	160
Portraits	oshiro/sidehappy04	160	160	0	0	160	160
Portraits	oshiro/sidehappy05	160	160	0	0	160	160
Portraits	oshiro/sidehappy06	160	160	0	0	160	160
Portraits	oshiro/sidehappy07	160	160	0	0	160	160
Portraits	oshiro/sidesuspicious00	160	160	0	0	160	160
Portraits	oshiro/sidesuspicious01	160	160	0	0	160	160
Portraits	oshiro/sidesuspicious02	160	160	0	0	160	160
Portraits	oshiro/sidesuspicious03	160	160	0	0	160	160
Portraits	oshiro/sidesuspicious04	160	160	0	0	160	160
Portraits	oshiro/sidesuspicious05	160	160	0	0	160	160
Portraits	oshiro/sidesuspicious06	160	160	0	0	160	160
Portraits	oshiro/sidesuspicious07	160	160	0	0	160	160
Portraits	oshiro/sideworried00	160	160	0	0	160	160
Portraits	oshiro/sideworried01	160	160	0	0	160	160
Portraits	oshiro/sideworried02	160	160	0	0	160	160
Portraits	oshiro/sideworried03	160	160	0	0	160	160
Portraits	oshiro/sideworried04	160	160	0	0	160	160
Portraits	oshiro/sideworried05	160	160	0	0	160	160
Portraits	oshiro/sideworried06	160	160	0	0	160	160
Portraits	oshiro/sideworried07	160	160	0	0	160	160
Portraits	oshiro/sideworried08	160	160	0	0	160	160
Portraits	oshiro/worried00	160	160	0	0	160	160
Portraits	oshiro/worried01	160	160	0	0	160	160
Portraits	oshiro/worried02	160	160	0	0	160	160
Portraits	oshiro/worried03	160	160	0	0	160	160
Portraits	oshiro/worried04	160	160	0	0	160	160
Portraits	oshiro/worried05	160	160	0	0	160	160
Portraits	oshiro/worried06	160	160	0	0	160	160
Portraits	oshiro/worried07	160	160	0	0	160	160
Portraits	selfie	800	800	0	0	800	800
Portraits	selfieCampfire	800	800	0	0	800	800
Portraits	selfieFilter	800	800	0	0	800	800
Portraits	selfieGondola	800	800	0	0	800	800
Portraits	textbox/badeline	1800	400	38	34	1726	322
Portraits	textbox/badeline_mini	1800	267	38	44	1726	180
Portraits	textbox/default	1688	272	0	0	1688	272
Portraits	textbox/default_mini	1688	144	0	0	1688	144
Portraits	textbox/granny	1800	400	35	44	1733	307
Portraits	textbox/madeline	1800	400	29	32	1743	336
Portraits	textbox/madeline_ask	1400	140	0	0	1400	140
Portraits	textbox/oshiro	1800	400	40	50	1709	310
Portraits	textbox/oshiro_overlay	1800	400	31	29	1738	342
Portraits	textbox/theo	1800	400	51	60	1697	282
Portraits	textbox/theo_ask	1400	140	0	0	1400	140
Portraits	textbox/theo_mini	1697	159	0	0	1695	159
Portraits	theo/excited00	160	160	0	0	160	160
Portraits	theo/excited01	160	160	0	0	160	160
Portraits	theo/excited02	160	160	0	0	160	160
Portraits	theo/excited03	160	160	0	0	160	160
Portraits	theo/excited04	160	160	0	0	160	160
Portraits	theo/excited05	160	160	0	0	160	160
Portraits	theo/excited06	160	160	0	0	160	160
Portraits	theo/nailedit00	159	159	0	0	159	159
Portraits	theo/nailedit01	159	159	0	0	159	159
Portraits	theo/nailedit02	159	159	0	0	159	159
Portraits	theo/nailedit03	159	159	0	0	159	159
Portraits	theo/normal00	160	160	0	0	160	160
Portraits	theo/normal01	160	160	0	0	160	160
Portraits	theo/normal02	160	160	0	0	160	160
Portraits	theo/normal03	160	160	0	0	160	160
Portraits	theo/normal04	160	160	0	0	160	160
Portraits	theo/normal05	160	160	0	0	160	160
Portraits	theo/normal06	160	160	0	0	160	160
Portraits	theo/normal07	160	160	0	0	160	160
Portraits	theo/normal08	160	160	0	0	160	160
Portraits	theo/normal09	160	160	0	0	160	160
Portraits	theo/serious00	160	160	0	0	160	160
Portraits	theo/serious01	160	160	0	0	160	160
Portraits	theo/serious02	160	160	0	0	160	160
Portraits	theo/serious03	160	160	0	0	160	160
Portraits	theo/serious04	160	160	0	0	160	160
Portraits	theo/serious05	160	160	0	0	160	160
Portraits	theo/serious06	160	160	0	0	160	160
Portraits	theo/thinking00	160	160	0	0	160	160
Portraits	theo/thinking01	160	160	0	0	160	160
Portraits	theo/thinking02	160	160	0	0	160	160
Portraits	theo/thinking03	160	160	0	0	160	160
Portraits	theo/thinking04	160	160	0	0	160	160
Portraits	theo/thinking05	160	160	0	0	160	160
Portraits	theo/thinking06	160	160	0	0	160	160
Portraits	theo/worried00	160	160	0	0	160	160
Portraits	theo/worried01	160	160	0	0	160	160
Portraits	theo/worried02	160	160	0	0	160	160
Portraits	theo/worried03	160	160	0	0	160	160
Portraits	theo/worried04	160	160	0	0	160	160
Portraits	theo/worried05	160	160	0	0	160	160
Portraits	theo/worried06	160	160	0	0	160	160
Portraits	theo/wtf00	160	160	0	0	160	160
Portraits	theo/wtf01	160	160	0	0	160	160
Portraits	theo/wtf02	160	160	0	0	160	160
Portraits	theo/wtf03	160	160	0	0	160	160
Portraits	theo/wtf04	160	160	0	0	160	160
Portraits	theo/wtf05	160	160	0	0	160	160
Portraits	theo/wtf06	160	160	0	0	160	160
Portraits	theo/yolo00	160	160	0	0	160	160
Portraits	theo/yolo01	160	160	0	0	160	160
Portraits	theo/yolo02	160	160	0	0	160	160
Portraits	theo/yolo03	160	160	0	0	160	160
Portraits	theomirror/excited00	160	160	0	0	160	160
Portraits	theomirror/excited01	160	160	0	0	160	160
Portraits	theomirror/excited02	160	160	0	0	160	160
Portraits	theomirror/excited03	160	160	0	0	160	160
Portraits	theomirror/excited04	160	160	0	0	160	160
Portraits	theomirror/excited05	160	160	0	0	160	160
Portraits	theomirror/excited06	160	160	0	0	160	160
Portraits	theomirror/excited07	160	160	0	0	160	160
Portraits	theomirror/excited08	160	160	0	0	160	160
Portraits	theomirror/excited09	160	160	0	0	160	160
Portraits	theomirror/excited10	160	160	0	0	160	160
Portraits	theomirror/nailedit00	159	159	0	0	159	159
Portraits	theomirror/nailedit01	159	159	0	0	159	159
Portraits	theomirror/nailedit02	159	159	0	0	159	159
Portraits	theomirror/nailedit03	159	159	0	0	159	159
Portraits	theomirror/nailedit04	159	159	0	0	159	159
Portraits	theomirror/nailedit05	159	159	0	0	159	159
Portraits	theomirror/nailedit06	159	159	0	0	159	159
Portraits	theomirror/nailedit07	159	159	0	0	159	159
Portraits	theomirror/normal00	160	160	0	0	160	160
Portraits	theomirror/normal01	160	160	0	0	160	160
Portraits	theomirror/normal02	160	160	0	0	160	160
Portraits	theomirror/normal03	160	160	0	0	160	160
Portraits	theomirror/normal04	160	160	0	0	160	160
Portraits	theomirror/normal05	160	160	0	0	160	160
Portraits	theomirror/normal06	160	160	0	0	160	160
Portraits	theomirror/normal07	160	160	0	0	160	160
Portraits	theomirror/normal08	160	160	0	0	160	160
Portraits	theomirror/normal09	160	160	0	0	160	160
Portraits	theomirror/normal10	160	160	0	0	160	160
Portraits	theomirror/normal11	160	160	0	0	160	160
Portraits	theomirror/normal12	160	160	0	0	160	160
Portraits	theomirror/normal13	160	160	0	0	160	160
Portraits	theomirror/serious00	160	160	0	0	160	160
Portraits	theomirror/serious01	160	160	0	0	160	160
Portraits	theomirror/serious02	160	160	0	0	160	160
Portraits	theomirror/serious03	160	160	0	0	160	160
Portraits	theomirror/serious04	160	160	0	0	160	160
Portraits	theomirror/serious05	160	160	0	0	160	160
Portraits	theomirror/serious06	160	160	0	0	160	160
Portraits	theomirror/serious07	160	160	0	0	160	160
Portraits	theomirror/serious08	160	160	0	0	160	160
Portraits	theomirror/serious09	160	160	0	0	160	160
Portraits	theomirror/serious10	160	160	0	0	160	160
Portraits	theomirror/thinking00	160	160	0	0	160	160
Portraits	theomirror/thinking01	160	160	0	0	160	160
Portraits	theomirror/thinking02	160	160	0	0	160	160
Portraits	theomirror/thinking03	160	160	0	0	160	160
Portraits	theomirror/thinking04	160	160	0	0	160	160
Portraits	theomirror/thinking05	160	160	0	0	160	160
Portraits	theomirror/thinking06	160	160	0	0	160	160
Portraits	theomirror/thinking07	160	160	0	0	160	160
Portraits	theomirror/thinking08	160	160	0	0	160	160
Portraits	theomirror/thinking09	160	160	0	0	160	160
Portraits	theomirror/thinking10	160	160	0	0	160	160
Portraits	theomirror/worried00	160	160	0	0	160	160
Portraits	theomirror/worried01	160	160	0	0	160	160
Portraits	theomirror/worried02	160	160	0	0	160	160
Portraits	theomirror/worried03	160	160	0	0	160	160
Portraits	theomirror/worried04	160	160	0	0	160	160
Portraits	theomirror/worried05	160	160	0	0	160	160
Portraits	theomirror/worried06	160	160	0	0	160	160
Portraits	theomirror/worried07	160	160	0	0	160	160
Portraits	theomirror/worried08	160	160	0	0	160	160
Portraits	theomirror/worried09	160	160	0	0	160	160
Portraits	theomirror/worried10	160	160	0	0	160	160
Portraits	theomirror/wtf00	160	160	0	0	160	160
Portraits	theomirror/wtf01	160	160	0	0	160	160
Portraits	theomirror/wtf02	160	160	0	0	160	160
Portraits	theomirror/wtf03	160	160	0	0	160	160
Portraits	theomirror/wtf04	160	160	0	0	160	160
Portraits	theomirror/wtf05	160	160	0	0	160	160
Portraits	theomirror/wtf06	160	160	0	0	160	160
Portraits	theomirror/wtf07	160	160	0	0	160	160
Portraits	theomirror/wtf08	160	160	0	0	160	160
Portraits	theomirror/wtf09	160	160	0	0	160	160
Portraits	theomirror/wtf10	160	160	0	0	160	160
Portraits	theomirror/yolo00	160	160	0	0	160	160
Portraits	theomirror/yolo01	160	160	0	0	160	160
Portraits	theomirror/yolo02	160	160	0	0	160	160
Portraits	theomirror/yolo03	160	160	0	0	160	160
Portraits	theomirror/yolo04	160	160	0	0	160	160
Portraits	theomirror/yolo05	160	160	0	0	160	160
Portraits	theomirror/yolo06	160	160	0	0	160	160
Portraits	theomirror/yolo07	160	160	0	0	160	160
SummitEnd	00	1068	650	0	0	1068	650
SummitEnd	01a	2136	1300	0	76	2136	1224
SummitEnd	01b	2136	1300	0	76	2136	1224
SummitEnd	01c	2136	1300	0	79	2136	1221
SummitEnd	02a	2136	1300	251	117	1829	629
SummitEnd	02b	2136	1300	251	117	1829	629
SummitEnd	02c	2136	1300	253	119	1825	624
SummitEnd	03a	2136	1300	470	88	1514	597
SummitEnd	03b	2136	1300	470	88	1514	597
SummitEnd	03c	2136	1300	473	91	1509	591
SummitEnd	04	1068	650	99	494	969	156
SummitEnd	05	2136	1300	550	579	1586	721
SummitEnd	06	1068	650	498	549	570	101
SummitEnd	07a	2136	1300	615	194	70	53
SummitEnd	07b	2136	1300	643	181	38	71
SummitEnd	07c	2136	1300	640	172	37	87
SummitEnd	07d	2136	1300	631	170	48	104
SummitEnd	08	2136	1300	0	233	1270	1067
SummitEnd	09a	2136	1300	288	258	404	167
SummitEnd	09b	2136	1300	313	253	372	197
SummitEnd	09c	2136	1300	385	259	298	192
SummitEnd	09d	2136	1300	427	257	257	197
SummitEnd	09e	2136	1300	428	257	257	208
SummitEnd	09f	2136	1300	323	262	361	207
SummitEnd	09g	2136	1300	317	247	368	206
SummitEnd	09h	2136	1300	298	244	391	177
SummitEnd	10	2136	1300	0	746	490	554
SummitEnd	11a	2136	1300	0	60	176	212
SummitEnd	11b	2136	1300	0	48	156	222
SummitEnd	11c	2136	1300	0	36	153	232
SummitEnd	12	1068	650	0	428	1068	222
SummitIntro	00	1068	650	0	0	1068	650
SummitIntro	01a	1068	650	624	148	444	306
SummitIntro	01b	1068	650	0	140	421	322
SummitIntro	02a	2136	1300	1532	242	243	107
SummitIntro	02b	2136	1300	257	251	477	120
SummitIntro	03	1068	650	194	103	707	483
SummitIntro	04	1068	650	0	343	1068	223
SummitIntro	05	1068	650	0	465	1068	185
SummitIntro	06	1068	650	17	29	1035	601
SummitIntro	07a	1068	650	761	365	161	235
SummitIntro	07b	1068	650	164	366	163	232
SummitIntro	08	1068	650	196	405	693	191
SummitIntro	09a	1068	650	824	335	155	222
SummitIntro	09b	1068	650	91	320	155	223
SummitIntro	10	2136	1300	759	578	766	722
SummitIntro	11	2136	1300	406	1031	469	269
SummitIntro	12a	1068	650	866	190	202	460
SummitIntro	12b	1068	650	0	237	169	378
SummitIntro	13	1068	650	17	8	1041	622
TheFall	00	1068	650	0	0	1068	650
TheFall	01	1068	650	0	242	1068	393
TheFall	02	1068	650	0	304	1068	346
TheFall	03a	2136	1300	1400	529	397	397
TheFall	03b	2136	1300	253	436	656	570
TheFall	04	1068	650	0	429	1068	221
TheFall	05a	2136	1300	655	357	866	872
TheFall	05a0	2136	1300	0	0	2136	1300
TheFall	05a1	2136	1300	655	357	866	871
TheFall	05a2	2136	1300	655	357	866	872
TheFall	05a3	2136	1300	655	357	866	872
TheFall	05a4	2136	1300	655	357	866	872
TheFall	05a5	2136	1300	655	357	866	872
TheFall	05b	2136	1300	680	488	771	812
TheFall	05b0	2136	1300	0	0	2136	1300
TheFall	05b1	2136	1300	676	395	777	905
TheFall	05b2	2136	1300	676	395	777	905
TheFall	05b3	2136	1300	676	395	777	905
TheFall	05b4	2136	1300	676	395	777	905
TheFall	05b5	2136	1300	676	395	777	905
TheFall	05c	2136	1300	634	273	879	1027
TheFall	05c0	2136	1300	0	0	2136	1300
TheFall	05c1	2136	1300	635	273	878	1027
TheFall	05c2	2136	1300	635	273	878	1027
TheFall	05c3	2136	1300	635	273	878	1027
TheFall	05c4	2136	1300	635	273	878	1027
TheFall	05c5	2136	1300	634	273	879	1027
TheFall	05d	2136	1300	994	693	173	35
TheFall	05d0	2136	1300	0	0	2136	1300
TheFall	05d1	2136	1300	994	693	173	35
TheFall	05d2	2136	1300	994	693	173	35
TheFall	05d3	2136	1300	994	693	173	35
TheFall	05d4	2136	1300	994	693	173	35
TheFall	05d5	2136	1300	994	693	173	35
TheFall	06	2136	1300	676	395	777	905
WaveDashing	Bird Clip Art	769	640	64	76	650	490
WaveDashing	Guy Clip Art	918	1085	273	157	369	819
WaveDashing	desktop/cursor	128	128	57	29	58	57
WaveDashing	desktop/mymountain_icon	128	128	2	11	124	114
WaveDashing	desktop/recyclebin_icon	128	128	14	1	102	126
WaveDashing	desktop/startberry	96	96	16	4	64	89
WaveDashing	desktop/wavedashing_icon	128	128	7	0	113	128
WaveDashing	moveset	1200	490	0	0	1200	490
WaveDashing	playback/platforms00	284	110	0	0	284	110
WaveDashing	playback/platforms01	284	110	0	0	284	110
WaveDashing	playback/platforms02	284	110	0	0	284	110
